wall_time,split,epoch,step,lr,total,pep_coord,mhc_coord,torsion,plddt,pep_plddt,pep_ca_rmsd,mhc_ca_rmsd
1782052373.216842,train,17,50,0.0001669056146490688,0.1683768928050995,0.08123809844255447,0.1982681155204773,0.07481208443641663,0.0016571760643273592,0.008416284807026386,,
1782052405.360088,train,17,100,0.0001668981679906304,0.31044262647628784,0.19631242752075195,0.31104761362075806,0.0724295899271965,0.0015350169269368052,0.01068396121263504,,
1782052437.2362833,train,17,150,0.00016689072066065086,0.3559350073337555,0.246791809797287,0.302502304315567,0.06676812469959259,0.001335785025730729,0.0069211325608193874,,
1782052462.2558715,train,17,200,0.00016688327265920491,0.3706705868244171,0.25372034311294556,0.31803029775619507,0.07459095865488052,0.0014715376310050488,0.007420971058309078,,
1782052481.7445736,train,17,250,0.00016687582398636718,0.3767077624797821,0.24860890209674835,0.37482520937919617,0.0684584453701973,0.0016333985840901732,0.006832090672105551,,
1782052499.2844017,train,17,300,0.00016686837464221263,0.34228262305259705,0.22789207100868225,0.3266097605228424,0.06524142622947693,0.0011739929905161262,0.0057111564092338085,,
1782052515.0375092,train,17,350,0.0001668609246268161,0.2694271504878998,0.17632520198822021,0.22474166750907898,0.07358366250991821,0.0012468331260606647,0.008340311236679554,,
1782052529.2635925,train,17,400,0.00016685347394025215,0.272786408662796,0.16918274760246277,0.27440744638442993,0.06958212703466415,0.002107256790623069,0.012345598079264164,,
1782052541.964819,train,17,450,0.00016684602258259555,0.4113978147506714,0.2769092917442322,0.4057576060295105,0.06567519903182983,0.0021149280946701765,0.007418196648359299,,
1782052553.9017358,train,17,500,0.00016683857055392135,0.28365394473075867,0.1747303605079651,0.2916681170463562,0.07172676175832748,0.0014317857567220926,0.008008786477148533,,
1782052564.9009743,train,17,550,0.00016683111785430419,0.22266589105129242,0.12678077816963196,0.24753861129283905,0.06773174554109573,0.001345801167190075,0.006645622197538614,,
1782052575.5507374,train,17,600,0.00016682366448381888,0.20549748837947845,0.11869002133607864,0.21902072429656982,0.0637889876961708,0.0015780454268679023,0.007593614049255848,,
1782052586.170984,train,17,650,0.00016681621044254018,0.17687451839447021,0.08219817280769348,0.2401021271944046,0.06904849410057068,0.0012657662155106664,0.006954474374651909,,
1782052595.9797354,train,17,700,0.00016680875573054298,0.27977821230888367,0.17210696637630463,0.2790721356868744,0.0755390152335167,0.0013371700188145041,0.007097880821675062,,
1782052606.0829067,train,17,750,0.00016680130034790223,0.2975892722606659,0.20767132937908173,0.23147675395011902,0.06389492750167847,0.0010131074814125896,0.00621419120579958,,
1782052615.810369,train,17,800,0.00016679384429469252,0.25857698917388916,0.1515013873577118,0.27251744270324707,0.077612966299057,0.001397593878209591,0.007272989023476839,,
1782052625.3347669,train,17,850,0.00016678638757098893,0.2471754401922226,0.16315899789333344,0.20445431768894196,0.06561198830604553,0.0009687215788289905,0.0072745708748698235,,
1782052635.1159866,train,17,900,0.00016677893017686638,0.23464594781398773,0.13472633063793182,0.2595016658306122,0.06979427486658096,0.0014707858208566904,0.006126845255494118,,
1782052644.7357645,train,17,950,0.00016677147211239938,0.2264898717403412,0.11065836250782013,0.30537378787994385,0.07869762927293777,0.0013924897648394108,0.007915301248431206,,
1782052654.2387373,train,17,1000,0.00016676401337766293,0.24084718525409698,0.15277045965194702,0.2159072458744049,0.06797084212303162,0.0011449801968410611,0.007073665969073772,,
1782052663.8150687,train,17,1050,0.00016675655397273205,0.24160359799861908,0.14125943183898926,0.2698546350002289,0.06548312306404114,0.0013893460854887962,0.007105756551027298,,
1782052673.3947647,train,17,1100,0.00016674909389768162,0.43626710772514343,0.32592013478279114,0.3099871575832367,0.06544525921344757,0.0012756315991282463,0.006454498041421175,,
1782052682.9111366,train,17,1150,0.0001667416331525864,0.1535162329673767,0.07711296528577805,0.16920067369937897,0.0679902732372284,0.0010795920388773084,0.0061560277827084064,,
1782052692.430969,train,17,1200,0.00016673417173752124,0.28918856382369995,0.18773409724235535,0.2721611261367798,0.06656668335199356,0.0013082658406347036,0.005534358788281679,,
1782052701.9782374,train,17,1250,0.00016672670965256129,0.33791443705558777,0.22755961120128632,0.29791709780693054,0.07153607159852982,0.0010752659291028976,0.00587884709239006,,
1782052711.4996564,train,17,1300,0.00016671924689778118,0.4054263234138489,0.30039286613464355,0.2879845201969147,0.06575457006692886,0.001600485062226653,0.006269735749810934,,
1782052720.9112117,train,17,1350,0.000166711783473256,0.3584541082382202,0.25620922446250916,0.2642412781715393,0.07214288413524628,0.001131092314608395,0.006709998473525047,,
1782052730.4288814,train,17,1400,0.00016670431937906057,0.4304717481136322,0.29334601759910583,0.3968540132045746,0.07558024674654007,0.0012209935812279582,0.006232052110135555,,
1782052739.9866345,train,17,1450,0.0001666968546152699,0.2998562455177307,0.19125550985336304,0.29664289951324463,0.06864678114652634,0.0011662308825179935,0.005244203377515078,,
1782052749.5241997,train,17,1500,0.00016668938918195877,0.3305801451206207,0.2257094830274582,0.27495506405830383,0.0720563530921936,0.0010369948577135801,0.0057256100699305534,,
1782052759.007868,train,17,1550,0.00016668192307920236,0.28022241592407227,0.1744057685136795,0.2691440284252167,0.07677215337753296,0.0014456800417974591,0.008731558918952942,,
1782052768.5500882,train,17,1600,0.00016667445630707541,0.2701234817504883,0.1533094197511673,0.3142543137073517,0.07617814838886261,0.0016140802763402462,0.006681900005787611,,
1782052778.0580823,train,17,1650,0.00016666698886565282,0.3620716333389282,0.24858099222183228,0.29995405673980713,0.07662195712327957,0.0019113916205242276,0.008850347250699997,,
1782052787.5313416,train,17,1700,0.00016665952075500972,0.32796719670295715,0.21427570283412933,0.3174780309200287,0.06838768720626831,0.0012814602814614773,0.006869620643556118,,
1782052797.0324872,train,17,1750,0.00016665205197522105,0.26850107312202454,0.1497519463300705,0.35249340534210205,0.060931496322155,0.0016002649208530784,0.005656026303768158,,
1782052806.4820378,train,17,1800,0.00016664458252636173,0.4148254990577698,0.28908756375312805,0.3655664622783661,0.06848014146089554,0.0010624151909723878,0.0064208293333649635,,
1782052815.9716947,train,17,1850,0.0001666371124085068,0.28059160709381104,0.16580186784267426,0.34406813979148865,0.05734766647219658,0.000988961779512465,0.004790588282048702,,
1782052825.4765668,train,17,1900,0.0001666296416217312,0.35494402050971985,0.23873911798000336,0.3209474980831146,0.07167643308639526,0.001298220711760223,0.007434377446770668,,
1782052834.856249,train,17,1950,0.00016662217016611005,0.2840734124183655,0.15088039636611938,0.37819990515708923,0.07694557309150696,0.0017022404354065657,0.006543397903442383,,
1782052844.278761,train,17,2000,0.00016661469804171817,0.2253461480140686,0.1343751698732376,0.23080094158649445,0.06632538884878159,0.0010804632911458611,0.006407931912690401,,
1782052853.714143,train,17,2050,0.00016660722524863071,0.2111746370792389,0.13280493021011353,0.17777520418167114,0.06767094880342484,0.0009044207981787622,0.00565046351402998,,
1782052863.1764154,train,17,2100,0.00016659975178692267,0.25568580627441406,0.14833131432533264,0.2771476209163666,0.07587315887212753,0.0013100146315991879,0.008180182427167892,,
1782052872.6808827,train,17,2150,0.0001665922776566688,0.24455894529819489,0.1424327939748764,0.24809718132019043,0.07984805852174759,0.0017782947979867458,0.008699641562998295,,
1782052882.0876324,train,17,2200,0.0001665848028579444,0.31766456365585327,0.20537330210208893,0.29827815294265747,0.0750710591673851,0.001861928729340434,0.006928557064384222,,
1782052891.6014466,train,17,2250,0.00016657732739082439,0.2510841488838196,0.1430814415216446,0.2874046862125397,0.07198844850063324,0.0015730984741821885,0.011554800905287266,,
1782052901.069538,train,17,2300,0.00016656985125538398,0.3265873193740845,0.2038992941379547,0.343768835067749,0.07322262972593307,0.0013451192062348127,0.007107543759047985,,
1782052910.5309033,train,17,2350,0.00016656237445169812,0.43211787939071655,0.2662806808948517,0.514952540397644,0.07377825677394867,0.0020992541685700417,0.005748526658862829,,
1782052919.983732,train,17,2400,0.00016655489697984187,0.34173905849456787,0.21614326536655426,0.34497424960136414,0.07847636193037033,0.0011406723642721772,0.0073475949466228485,,
1782052929.480409,train,17,2450,0.00016654741883989028,0.3544539213180542,0.2510015070438385,0.27876201272010803,0.06731277704238892,0.001055222935974598,0.007075931876897812,,
1782052938.9725752,train,17,2500,0.00016653994003191838,0.25491222739219666,0.15618345141410828,0.24524137377738953,0.07461477816104889,0.0011103464057669044,0.0066739232279360294,,
1782052948.359068,train,17,2550,0.00016653246055600127,0.2895488440990448,0.1931217610836029,0.23418428003787994,0.0755525529384613,0.0010474792215973139,0.006220818962901831,,
1782052957.754928,train,17,2600,0.00016652498041221399,0.34163516759872437,0.2426229566335678,0.2654082179069519,0.06506891548633575,0.0012569575337693095,0.005214146338403225,,
1782052967.1446042,train,17,2650,0.00016651749960063168,0.20701292157173157,0.11373280733823776,0.2511617839336395,0.06075769662857056,0.0011081841075792909,0.0068979403004050255,,
1782052976.6466467,train,17,2700,0.00016651001812132936,0.36873573064804077,0.2363320291042328,0.38679268956184387,0.07109929621219635,0.0015590026741847396,0.009872684255242348,,
1782052986.1778777,train,17,2750,0.00016650253597438227,0.32272306084632874,0.21023350954055786,0.3087702989578247,0.07023832201957703,0.0017784435767680407,0.006967696361243725,,
1782052995.5861645,train,17,2800,0.00016649505315986538,0.27063924074172974,0.16867481172084808,0.27762091159820557,0.06487248837947845,0.0012297191424295306,0.00810264702886343,,
1782053005.0669737,train,17,2850,0.00016648756967785398,0.27319949865341187,0.16842076182365417,0.2782991826534271,0.07015354931354523,0.0012715916382148862,0.005997419357299805,,
1782053014.5099814,train,17,2900,0.00016648008552842307,0.29314395785331726,0.19056473672389984,0.27034881711006165,0.06975600868463516,0.0011400245130062103,0.00549855874851346,,
1782053024.0026646,train,17,2950,0.00016647260071164782,0.29245370626449585,0.17763221263885498,0.3220544159412384,0.068303681910038,0.001560467411763966,0.008966939523816109,,
1782053033.5219252,train,17,3000,0.0001664651152276033,0.21885067224502563,0.12596756219863892,0.23312470316886902,0.06893559545278549,0.001341272029094398,0.007516346871852875,,
1782053043.0477986,train,17,3050,0.0001664576290763646,0.24876393377780914,0.14434278011322021,0.26326602697372437,0.07685309648513794,0.0017809518612921238,0.008147838525474072,,
1782053052.4087172,train,17,3100,0.00016645014225800706,0.3283390998840332,0.22336027026176453,0.2965783178806305,0.061436206102371216,0.0011616107076406479,0.0064347535371780396,,
1782053061.8543315,train,17,3150,0.00016644265477260567,0.18015655875205994,0.09649913012981415,0.19972394406795502,0.06714535504579544,0.0015377129893749952,0.0070604910142719746,,
1782053071.3746119,train,17,3200,0.00016643516662023553,0.3772899806499481,0.26363804936408997,0.3142969012260437,0.06992492079734802,0.0011525106383487582,0.0069650751538574696,,
1782053080.8703601,train,17,3250,0.00016642767780097208,0.24112094938755035,0.14753128588199615,0.24305488169193268,0.06533979624509811,0.0015604726504534483,0.010364221408963203,,
1782053090.3264463,train,17,3300,0.0001664201883148903,0.29479169845581055,0.20632481575012207,0.21757037937641144,0.06792235374450684,0.0011308543616905808,0.005969168618321419,,
1782053099.7578635,train,17,3350,0.00016641269816206533,0.2228008359670639,0.12586726248264313,0.24401380121707916,0.07155369222164154,0.0015328185399994254,0.00906781479716301,,
1782053109.2989252,train,17,3400,0.00016640520734257259,0.20160935819149017,0.07873956114053726,0.3221731185913086,0.08402401208877563,0.0031451883260160685,0.006223783362656832,,
1782053118.7954445,train,17,3450,0.00016639771585648706,0.13904474675655365,0.06037607789039612,0.1587020456790924,0.07770192623138428,0.0014219919685274363,0.007876369170844555,,
1782053128.272633,train,17,3500,0.00016639022370388385,0.2687193751335144,0.1723240613937378,0.2439858615398407,0.07059615850448608,0.0010075942846015096,0.006246218457818031,,
1782053137.7442448,train,17,3550,0.00016638273088483846,0.1878499984741211,0.09851936995983124,0.2080284059047699,0.07429119944572449,0.0017792962025851011,0.00799613632261753,,
1782053147.2866797,train,17,3600,0.000166375237399426,0.2508818209171295,0.14493438601493835,0.28826043009757996,0.06747686862945557,0.0014387817354872823,0.006403850391507149,,
1782053156.7150888,train,17,3650,0.00016636774324772162,0.2356427162885666,0.13122883439064026,0.27790001034736633,0.06954013556241989,0.001688190270215273,0.00840048398822546,,
1782053166.2275198,train,17,3700,0.00016636024842980055,0.27746108174324036,0.17857256531715393,0.2485351413488388,0.07329514622688293,0.0010714699747040868,0.008283465169370174,,
1782053175.683657,train,17,3750,0.00016635275294573824,0.2810668349266052,0.17372587323188782,0.2906081974506378,0.06910079717636108,0.0013851121766492724,0.007017064373940229,,
1782053185.0826273,train,17,3800,0.0001663452567956095,0.38983044028282166,0.27093586325645447,0.3370933532714844,0.06895062327384949,0.001459566061384976,0.008512889966368675,,
1782053194.5152278,train,17,3850,0.00016633775997948987,0.3154500126838684,0.2035861313343048,0.29575467109680176,0.07563094794750214,0.0010974216274917126,0.0076616243459284306,,
1782053204.0345807,train,17,3900,0.00016633026249745472,0.1985635906457901,0.11938963085412979,0.1729688197374344,0.07162658125162125,0.0011846915585920215,0.005439718719571829,,
1782053215.8771327,train,17,3950,0.0001663227643495791,0.2875491976737976,0.1883888989686966,0.2512216567993164,0.07242190092802048,0.0014394080499187112,0.008700917474925518,,
1782053225.2873528,train,17,4000,0.00016631526553593826,0.29912352561950684,0.18749691545963287,0.3052460253238678,0.0703614130616188,0.0013437055749818683,0.0076691326685249805,,
1782053234.678202,train,17,4050,0.00016630776605660759,0.2734057903289795,0.17710451781749725,0.2507261037826538,0.06708066910505295,0.0007942065130919218,0.005404407624155283,,
1782053244.0996988,train,17,4100,0.00016630026591166248,0.28187814354896545,0.17350611090660095,0.3034277558326721,0.06483068317174911,0.0009974921122193336,0.006420555990189314,,
1782053253.7655685,train,17,4150,0.00016629276510117796,0.14542768895626068,0.0686645433306694,0.17217545211315155,0.06720238924026489,0.0011809853604063392,0.00587443495169282,,
1782053263.2026286,train,17,4200,0.00016628526362522938,0.3480893671512604,0.23334760963916779,0.3243318498134613,0.067093126475811,0.0011223903857171535,0.006911553908139467,,
1782053272.6717255,train,17,4250,0.000166277761483892,0.3158261775970459,0.21378406882286072,0.27160072326660156,0.06802989542484283,0.0012697812635451555,0.006451008375734091,,
1782053282.1292343,train,17,4300,0.00016627025867724143,0.26886117458343506,0.16685667634010315,0.26923495531082153,0.06912021338939667,0.001356500550173223,0.005644490011036396,,
1782053291.6237602,train,17,4350,0.0001662627552053528,0.3680740296840668,0.23105156421661377,0.4062339961528778,0.07062607258558273,0.0015092834364622831,0.005920532159507275,,
1782053301.0661552,train,17,4400,0.0001662552510683013,0.17980526387691498,0.08600296825170517,0.2389877587556839,0.06784376502037048,0.001334726344794035,0.007125142030417919,,
1782053310.5604286,train,17,4450,0.0001662477462661624,0.20099817216396332,0.11779326945543289,0.19150593876838684,0.07036826014518738,0.0014429514994844794,0.007649186532944441,,
1782053320.0586011,train,17,4500,0.00016624024079901157,0.4097890853881836,0.29497581720352173,0.31541207432746887,0.07164625823497772,0.0013710743514820933,0.006114444229751825,,
1782053329.5036008,train,17,4550,0.00016623273466692388,0.3711877763271332,0.24819160997867584,0.3389718532562256,0.07626747339963913,0.001194771844893694,0.008730386383831501,,
1782053338.9802167,train,17,4600,0.00016622522786997488,0.31087496876716614,0.19260597229003906,0.34436705708503723,0.06403213739395142,0.0016115832841023803,0.00614327285438776,,
1782053348.4499636,train,17,4650,0.00016621772040823976,0.2694644033908844,0.17342549562454224,0.23460495471954346,0.07443646341562271,0.0016941571375355124,0.008486589416861534,,
1782053357.9823084,train,17,4700,0.00016621021228179384,0.3331514298915863,0.24221563339233398,0.24157918989658356,0.0608869232237339,0.0009753949707373977,0.006728091277182102,,
1782053367.405751,train,17,4750,0.00016620270349071274,0.4349991977214813,0.2926759719848633,0.427282452583313,0.07075279951095581,0.0012621079804375768,0.00563265522941947,,
1782053376.8181355,train,17,4800,0.0001661951940350717,0.3541078269481659,0.24556687474250793,0.29757750034332275,0.06797080487012863,0.0016116672195494175,0.006448567379266024,,
1782053386.2835436,train,17,4850,0.0001661876839149461,0.3144615888595581,0.21096716821193695,0.2805584669113159,0.06647401303052902,0.0011781282955780625,0.008311762474477291,,
1782053395.7566183,train,17,4900,0.00016618017313041122,0.2653392553329468,0.16781480610370636,0.23946386575698853,0.0750320553779602,0.0014244436752051115,0.006724201608449221,,
1782053405.2154999,train,17,4950,0.0001661726616815427,0.2327052354812622,0.1260215789079666,0.2791222035884857,0.07349136471748352,0.0015743451658636332,0.005867746192961931,,
1782053414.6677837,train,17,5000,0.00016616514956841578,0.24101859331130981,0.15709741413593292,0.20503836870193481,0.06510324776172638,0.0010996912606060505,0.009715385735034943,,
1782053424.1393416,train,17,5050,0.00016615763679110582,0.418781578540802,0.27605557441711426,0.4222114384174347,0.07401562482118607,0.0016534547321498394,0.010984563268721104,,
1782053433.6228812,train,17,5100,0.0001661501233496884,0.4657536745071411,0.3390241861343384,0.36044368147850037,0.0729183703660965,0.0015937798889353871,0.007214999757707119,,
1782053443.0994163,train,17,5150,0.00016614260924423875,0.3313021659851074,0.22424621880054474,0.29410770535469055,0.06688937544822693,0.0008435160852968693,0.005478599574416876,,
1782053452.6190739,train,17,5200,0.0001661350944748324,0.2674970030784607,0.16169984638690948,0.2796214520931244,0.07153556495904922,0.0012400727719068527,0.00677375728264451,,
1782053462.111733,train,17,5250,0.00016612757904154476,0.23683668673038483,0.13259188830852509,0.27511370182037354,0.07067079842090607,0.0013096668990328908,0.006759036332368851,,
1782053471.5542006,train,17,5300,0.0001661200629444514,0.23921361565589905,0.13018649816513062,0.28745579719543457,0.07403846085071564,0.0014394961763173342,0.00592699134722352,,
1782053480.9552464,train,17,5350,0.00016611254618362773,0.28775840997695923,0.18214507400989532,0.2757052183151245,0.07313411682844162,0.0011996135581284761,0.00849616713821888,,
1782053490.3986142,train,17,5400,0.00016610502875914917,0.18519456684589386,0.08692269027233124,0.24127109348773956,0.0755140483379364,0.0019707586616277695,0.008622194640338421,,
1782053499.783788,train,17,5450,0.00016609751067109095,0.1746630072593689,0.08931618928909302,0.19884182512760162,0.0709356889128685,0.0016851325053721666,0.007049257401376963,,
1782053509.2685275,train,17,5500,0.00016608999191952876,0.3101034164428711,0.20252500474452972,0.3004288375377655,0.0647149458527565,0.0011372884036973119,0.007988985627889633,,
1782053518.695724,train,17,5550,0.00016608247250453811,0.2752143144607544,0.16943271458148956,0.27027061581611633,0.07615981996059418,0.0013401666656136513,0.006159685552120209,,
1782053528.0350063,train,17,5600,0.00016607495242619436,0.25429975986480713,0.15386387705802917,0.2650865614414215,0.06804385781288147,0.001423453213647008,0.008343989960849285,,
1782053537.4753525,train,17,5650,0.00016606743168457298,0.16065369546413422,0.08170773088932037,0.16590991616249084,0.07469892501831055,0.001190199051052332,0.007817333564162254,,
1782053546.9074726,train,17,5700,0.00016605991027974967,0.31732532382011414,0.20201292634010315,0.3015522062778473,0.07953321188688278,0.0015775749925523996,0.00978989340364933,,
1782053562.294196,train,17,5750,0.0001660523882117998,0.2446058839559555,0.1340406984090805,0.28945380449295044,0.07611775398254395,0.0014285832876339555,0.008532257750630379,,
1782053572.6080244,train,17,5800,0.00016604486548079894,0.1865597367286682,0.10114934295415878,0.20565487444400787,0.06771768629550934,0.0013783489121124148,0.006186165381222963,,
1782053582.2461953,train,17,5850,0.0001660373420868226,0.2774764895439148,0.1291777789592743,0.44333600997924805,0.07456491887569427,0.0018225247040390968,0.0077030714601278305,,
1782053592.4647849,train,17,5900,0.00016602981802994624,0.2538582980632782,0.1463461071252823,0.27198556065559387,0.07866016030311584,0.0018569789826869965,0.009734850376844406,,
1782053603.8060591,train,17,5950,0.0001660222933102454,0.217451274394989,0.13258469104766846,0.190044105052948,0.07455052435398102,0.0008028556476347148,0.006425251252949238,,
1782053614.5245564,train,17,6000,0.00016601476792779563,0.20534060895442963,0.11338745802640915,0.2353786826133728,0.06597214937210083,0.0012240973301231861,0.005521072540432215,,
1782053625.2624788,train,17,6050,0.00016600724188267236,0.22088320553302765,0.1317441165447235,0.21616071462631226,0.06998073309659958,0.0010853365529328585,0.008099770173430443,,
1782053635.8662083,train,17,6100,0.0001659997151749514,0.19960789382457733,0.1187165379524231,0.17716199159622192,0.07300417125225067,0.000987773877568543,0.008282886818051338,,
1782053646.2132554,train,17,6150,0.0001659921878047081,0.38508814573287964,0.2782790958881378,0.2882271409034729,0.06923533976078033,0.001345822005532682,0.00781727023422718,,
1782053656.9501643,train,17,6200,0.00016598465977201796,0.3878032863140106,0.2727826237678528,0.3187275826931,0.07042621821165085,0.00125639489851892,0.00739960977807641,,
1782053666.6546052,train,17,6250,0.00016597713107695668,0.359100341796875,0.23908114433288574,0.34092965722084045,0.06928723305463791,0.0014318054309114814,0.0054060956463217735,,
1782053676.4273663,train,17,6300,0.00016596960171960006,0.13648684322834015,0.06404272466897964,0.17024916410446167,0.05953598394989967,0.0011383607052266598,0.006937259808182716,,
1782053686.1079135,train,17,6350,0.00016596207170002325,0.45185115933418274,0.33296987414360046,0.3336465060710907,0.07075219601392746,0.0009355051442980766,0.005807673092931509,,
1782053695.6709993,train,17,6400,0.000165954541018302,0.2839580774307251,0.1716691106557846,0.30769750475883484,0.07041122019290924,0.0015898527344688773,0.007293160539120436,,
1782053705.1729765,train,17,6450,0.0001659470096745119,0.15192128717899323,0.07377978414297104,0.17374518513679504,0.06920533627271652,0.001025368575938046,0.009890804067254066,,
1782053714.7334087,train,17,6500,0.0001659394776687287,0.3453991711139679,0.2204173356294632,0.35573723912239075,0.07188037782907486,0.001073136692866683,0.006139299366623163,,
1782053724.2925782,train,17,6550,0.00016593194500102792,0.40794599056243896,0.2760365903377533,0.39439651370048523,0.06630126386880875,0.0015961317112669349,0.008537745103240013,,
1782053733.8665805,train,17,6600,0.0001659244116714851,0.29310065507888794,0.17342570424079895,0.31555965542793274,0.08114339411258698,0.0021334118209779263,0.009253397583961487,,
1782053743.3252985,train,17,6650,0.0001659168776801758,0.29383355379104614,0.17716948688030243,0.3099929988384247,0.0779901072382927,0.0017076899530366063,0.007072607986629009,,
1782053752.8529012,train,17,6700,0.00016590934302717595,0.3009018003940582,0.19628451764583588,0.27058130502700806,0.07372846454381943,0.001077313907444477,0.006744469050318003,,
1782053762.3423686,train,17,6750,0.0001659018077125609,0.26322346925735474,0.17213071882724762,0.2231127768754959,0.07038567215204239,0.0012171362759545445,0.007623520214110613,,
1782053771.8700275,train,17,6800,0.00016589427173640628,0.3313741683959961,0.21422657370567322,0.3288194239139557,0.06954877078533173,0.0016836023423820734,0.007627188228070736,,
1782053781.354474,train,17,6850,0.00016588673509878785,0.22849799692630768,0.13336817920207977,0.2387608140707016,0.07059884816408157,0.0014019287191331387,0.0064476411789655685,,
1782053790.8621137,train,17,6900,0.00016587919779978124,0.26515403389930725,0.16092361509799957,0.2753724753856659,0.07058317214250565,0.0009572846465744078,0.005172017961740494,,
1782053800.3904557,train,17,6950,0.00016587165983946217,0.312832772731781,0.2162054181098938,0.24843673408031464,0.06883040070533752,0.0010298368288204074,0.007350918371230364,,
1782053809.8793483,train,17,7000,0.00016586412121790634,0.22868314385414124,0.11649759858846664,0.3126792311668396,0.06761117279529572,0.0021016320679336786,0.0067056575790047646,,
1782053819.299748,train,17,7050,0.00016585658193518925,0.3256944715976715,0.2019004076719284,0.34480103850364685,0.07490014284849167,0.0014372775331139565,0.007003598380833864,,
1782053828.7768044,train,17,7100,0.00016584904199138672,0.33098337054252625,0.21939818561077118,0.30450084805488586,0.07069797068834305,0.0011097841197624803,0.005406814627349377,,
1782053838.2828553,train,17,7150,0.00016584150138657436,0.22325371205806732,0.13316559791564941,0.21959121525287628,0.07011167705059052,0.001344897667877376,0.008419585414230824,,
1782053847.762644,train,17,7200,0.00016583396012082794,0.21791552007198334,0.1335507035255432,0.2009727656841278,0.06804843246936798,0.000974040012806654,0.007107542362064123,,
1782053857.216611,train,17,7250,0.00016582641819422317,0.21676190197467804,0.11543702334165573,0.26877471804618835,0.06798187643289566,0.0014026443241164088,0.009618937969207764,,
1782053866.7231247,train,17,7300,0.00016581887560683568,0.19848492741584778,0.10057209432125092,0.2568807303905487,0.0670989453792572,0.0014317816821858287,0.005563873331993818,,
1782053876.1849687,train,17,7350,0.00016581133235874122,0.3620111644268036,0.23110361397266388,0.3778994679450989,0.07260823994874954,0.0012855975655838847,0.009329601190984249,,
1782053885.6463373,train,17,7400,0.00016580378845001544,0.35601046681404114,0.25797411799430847,0.25136488676071167,0.07009538263082504,0.0014745249645784497,0.006191693712025881,,
1782053895.102156,train,17,7450,0.00016579624388073417,0.3074486553668976,0.1827770620584488,0.35016587376594543,0.07391800731420517,0.0017113691428676248,0.007627767510712147,,
1782053904.5624557,train,17,7500,0.00016578869865097306,0.22637143731117249,0.11985353380441666,0.28228846192359924,0.07163901627063751,0.0012626582756638527,0.0061701443046331406,,
1782053914.0121691,train,17,7550,0.00016578115276080793,0.27353885769844055,0.1809036135673523,0.22222712635993958,0.07390289753675461,0.0012700938386842608,0.006368154659867287,,
1782053923.4207153,train,17,7600,0.00016577360621031448,0.26344311237335205,0.16017580032348633,0.27149316668510437,0.07054070383310318,0.001236380310729146,0.007280090823769569,,
1782053932.9084592,train,17,7650,0.00016576605899956847,0.3473533093929291,0.24696041643619537,0.2649168372154236,0.0681425929069519,0.0009240097715519369,0.00571214547380805,,
1782053942.4186897,train,17,7700,0.0001657585111286457,0.38460469245910645,0.26399728655815125,0.3295044004917145,0.07614312320947647,0.0015974073903635144,0.007670000661164522,,
1782053951.8654375,train,17,7750,0.00016575096259762185,0.34511038661003113,0.2430807203054428,0.26515886187553406,0.07126548141241074,0.0010723499581217766,0.006437663920223713,,
1782053961.3760633,train,17,7800,0.0001657434134065729,0.26029983162879944,0.1653798222541809,0.23717813193798065,0.07103677839040756,0.0010708175832405686,0.005276503041386604,,
1782053970.9669964,train,17,7850,0.00016573586355557432,0.19691641628742218,0.11157484352588654,0.19743546843528748,0.07171135395765305,0.0012702634558081627,0.008110979571938515,,
1782053980.4507527,train,17,7900,0.0001657283130447022,0.3270663619041443,0.22083640098571777,0.30478665232658386,0.059833940118551254,0.0011631258530542254,0.007970497012138367,,
1782053989.956368,train,17,7950,0.000165720761874032,0.3352937400341034,0.2149234563112259,0.32318395376205444,0.07881713658571243,0.0016572537133470178,0.007504571229219437,,
1782053999.4222186,train,17,8000,0.0001657132100436398,0.2425328493118286,0.15207648277282715,0.2194877415895462,0.07092048227787018,0.001241875346750021,0.007303034886717796,,
1782054008.9045532,train,17,8050,0.00016570565755360137,0.22586266696453094,0.14639857411384583,0.17694266140460968,0.07024821639060974,0.001043267548084259,0.008321919478476048,,
1782054018.406313,train,17,8100,0.00016569810440399252,0.25271183252334595,0.15251177549362183,0.25674909353256226,0.07169808447360992,0.0016373911639675498,0.0103920828551054,,
1782054027.911439,train,17,8150,0.00016569055059488896,0.3163319230079651,0.202333003282547,0.30757156014442444,0.07377708703279495,0.002175122033804655,0.009023629128932953,,
1782054037.4317358,train,17,8200,0.00016568299612636656,0.2708086371421814,0.1701393574476242,0.2601861357688904,0.0709589347243309,0.0014327935641631484,0.005600156262516975,,
1782054046.9062042,train,17,8250,0.00016567544099850128,0.2613908052444458,0.16787929832935333,0.23784813284873962,0.06781163066625595,0.001436907914467156,0.007710626348853111,,
1782054056.3389297,train,17,8300,0.00016566788521136893,0.23422536253929138,0.12647071480751038,0.2851036489009857,0.07274696975946426,0.0010524422395974398,0.005075748078525066,,
1782054065.731426,train,17,8350,0.0001656603287650452,0.24474844336509705,0.15462668240070343,0.21305830776691437,0.07351433485746384,0.0010001013288274407,0.00919925607740879,,
1782054075.1863825,train,17,8400,0.00016565277165960592,0.26564401388168335,0.16285578906536102,0.2525944113731384,0.07898178696632385,0.001487141940742731,0.008820663206279278,,
1782054084.6723945,train,17,8450,0.00016564521389512708,0.20384694635868073,0.11442927271127701,0.21672669053077698,0.07025375217199326,0.0010911733843386173,0.007599058095365763,,
1782054094.1295593,train,17,8500,0.00016563765547168442,0.24245350062847137,0.13410580158233643,0.2803702652454376,0.07624220848083496,0.0013403377961367369,0.008728914894163609,,
1782054103.6229997,train,17,8550,0.00016563009638935407,0.29907169938087463,0.20719225704669952,0.23461057245731354,0.0663030818104744,0.0007524220272898674,0.0047928825952112675,,
1782054113.0002553,train,17,8600,0.00016562253664821177,0.25017809867858887,0.14758290350437164,0.26524049043655396,0.07228989899158478,0.0014013050822541118,0.008348086848855019,,
1782054122.5033572,train,17,8650,0.00016561497624833344,0.3205711543560028,0.21749232709407806,0.27210861444473267,0.06993314623832703,0.0008507093880325556,0.006758187431842089,,
1782054131.9426389,train,17,8700,0.00016560741518979494,0.3015080392360687,0.18743745982646942,0.31108832359313965,0.07239346951246262,0.0010175439529120922,0.006728488486260176,,
1782054141.4065337,train,17,8750,0.00016559985347267214,0.3196634352207184,0.20128083229064941,0.33520376682281494,0.06895485520362854,0.0010420636972412467,0.007791244890540838,,
1782054150.8747268,train,17,8800,0.00016559229109704092,0.32080894708633423,0.2095794826745987,0.3069562613964081,0.0686766654253006,0.0015208980767056346,0.0059563894756138325,,
1782054160.3876543,train,17,8850,0.0001655847280629773,0.3107718527317047,0.20107431709766388,0.308266818523407,0.06499519944190979,0.0013323926832526922,0.00664448132738471,,
1782054169.8871398,train,17,8900,0.0001655771643705571,0.25428545475006104,0.1648985743522644,0.21332627534866333,0.0719309076666832,0.0008985016611404717,0.005901466589421034,,
1782054179.449712,train,17,8950,0.00016556960001985624,0.23992018401622772,0.13939332962036133,0.25735315680503845,0.0721798837184906,0.0009861057624220848,0.005855231545865536,,
1782054188.9291625,train,17,9000,0.00016556203501095075,0.24198991060256958,0.1465403288602829,0.2342544049024582,0.0735270157456398,0.0012246716069057584,0.006558060180395842,,
1782054198.3791316,train,17,9050,0.00016555446934391645,0.31605270504951477,0.2104780524969101,0.2990560233592987,0.06125146150588989,0.0018492179224267602,0.00911856908351183,,
1782054207.866599,train,17,9100,0.00016554690301882937,0.3466101884841919,0.21437273919582367,0.3956184685230255,0.0664244145154953,0.00120602420065552,0.006214082706719637,,
1782054217.3436818,train,17,9150,0.00016553933603576543,0.2850785553455353,0.17773710191249847,0.2745457589626312,0.07709955424070358,0.0015523218316957355,0.006474536843597889,,
1782054226.793869,train,17,9200,0.0001655317683948007,0.24223069846630096,0.1500607579946518,0.2315824031829834,0.06825855374336243,0.0014506790321320295,0.006727495696395636,,
1782054236.259652,train,17,9250,0.0001655242000960109,0.21839776635169983,0.14121849834918976,0.1831716001033783,0.06251119077205658,0.0013076991308480501,0.0047775693237781525,,
1782054245.7042847,train,17,9300,0.00016551663113947217,0.30005136132240295,0.1684214174747467,0.37310343980789185,0.07642225176095963,0.0014292438281700015,0.0055735730566084385,,
1782054255.1519356,train,17,9350,0.00016550906152526054,0.2347627878189087,0.13334894180297852,0.2639952301979065,0.07048539072275162,0.0017234950792044401,0.005838773678988218,,
1782054264.7151673,train,17,9400,0.00016550149125345198,0.1852090060710907,0.09194210171699524,0.2353629767894745,0.06846527755260468,0.0019350115908309817,0.006211988162249327,,
1782054274.2100391,train,17,9450,0.00016549392032412242,0.2494804710149765,0.14641517400741577,0.26484012603759766,0.0734115019440651,0.0014951981138437986,0.009232078678905964,,
1782054283.6644232,train,17,9500,0.00016548634873734782,0.2722474932670593,0.18015453219413757,0.21780304610729218,0.07494004815816879,0.0017217095009982586,0.0064583937637507915,,
1782054293.1156847,train,17,9550,0.00016547877649320423,0.4273473024368286,0.3003996014595032,0.36345747113227844,0.07196439802646637,0.0010115504264831543,0.00779624842107296,,
1782054302.4865525,train,17,9600,0.0001654712035917677,0.3100495934486389,0.2068190574645996,0.272737056016922,0.06984007358551025,0.0012624026276171207,0.007046964485198259,,
1782054312.0821903,train,17,9650,0.00016546363003311427,0.18427610397338867,0.08642321079969406,0.24295760691165924,0.07388109713792801,0.0017294596182182431,0.011404369957745075,,
1782054321.6552548,train,17,9700,0.00016545605581731986,0.30735281109809875,0.19579552114009857,0.30846577882766724,0.06854920089244843,0.001662417664192617,0.00756447296589613,,
1782054331.1791825,train,17,9750,0.00016544848094446059,0.3215579092502594,0.21770694851875305,0.2732742726802826,0.07085561752319336,0.0010458631440997124,0.007109912112355232,,
1782054340.7711625,train,17,9800,0.0001654409054146124,0.26846176385879517,0.1800829917192459,0.20769008994102478,0.07267928868532181,0.0011661732569336891,0.006411634385585785,,
1782054350.3968172,train,17,9850,0.00016543332922785135,0.3045708239078522,0.1985095739364624,0.2887701690196991,0.06748177856206894,0.0012780848192051053,0.0068299053236842155,,
1782054360.0345538,train,17,9900,0.00016542575238425364,0.24914637207984924,0.15831373631954193,0.22491107881069183,0.06898172944784164,0.0011398806236684322,0.005828013177961111,,
1782054369.6841724,train,17,9950,0.00016541817488389515,0.22620992362499237,0.14179693162441254,0.2107292264699936,0.06319032609462738,0.0013552955351769924,0.006777663715183735,,
1782054379.4235222,train,17,10000,0.00016541059672685207,0.36397698521614075,0.24943681061267853,0.3141392767429352,0.07175867259502411,0.0012601000489667058,0.005839105229824781,,
1782054388.9651034,train,17,10050,0.00016540301791320047,0.3963657319545746,0.28196996450424194,0.3104172945022583,0.07331050932407379,0.0013619719538837671,0.007096810732036829,,
1782054398.5397947,train,17,10100,0.00016539543844301644,0.28188785910606384,0.14683665335178375,0.38073432445526123,0.07931815832853317,0.0020856375340372324,0.007964177057147026,,
1782054408.1080928,train,17,10150,0.0001653878583163759,0.317282110452652,0.18953701853752136,0.3445371091365814,0.08283904194831848,0.0019130624132230878,0.009981250390410423,,
1782054417.7591465,train,17,10200,0.0001653802775333551,0.34049686789512634,0.22881613671779633,0.3117534816265106,0.06725005805492401,0.0011732360580936074,0.004761262331157923,,
1782054427.4157403,train,17,10250,0.00016537269609403002,0.396950900554657,0.26597094535827637,0.38926684856414795,0.06698333472013474,0.0017157397232949734,0.009735832922160625,,
1782054437.0055299,train,17,10300,0.00016536511399847678,0.29138273000717163,0.19054898619651794,0.2668151259422302,0.06793598085641861,0.0016197620425373316,0.00729767931625247,,
1782054446.627701,train,17,10350,0.00016535753124677154,0.3180570900440216,0.18480226397514343,0.3848895728588104,0.07377048581838608,0.0014718355378136039,0.007291744463145733,,
1782054456.2093275,train,17,10400,0.00016534994783899042,0.2191556841135025,0.12120112031698227,0.23987248539924622,0.07567538321018219,0.0014875269262120128,0.005764803383499384,,
1782054465.7367933,train,17,10450,0.00016534236377520963,0.3760298192501068,0.27411770820617676,0.26995527744293213,0.0686316043138504,0.0010749998036772013,0.005995690822601318,,
1782054475.3858984,train,17,10500,0.00016533477905550516,0.34369605779647827,0.23461540043354034,0.2780373692512512,0.0787627249956131,0.0018994823331013322,0.009819046594202518,,
1782054485.1178377,train,17,10550,0.00016532719367995315,0.17472419142723083,0.09211050719022751,0.1814790666103363,0.0742657259106636,0.0011106443125754595,0.005541044287383556,,
1782054494.7308495,train,17,10600,0.00016531960764862983,0.28023266792297363,0.18254993855953217,0.2247440665960312,0.08271271735429764,0.0014033644692972302,0.007128205616027117,,
1782054504.3432386,train,17,10650,0.00016531202096161133,0.2811245918273926,0.18416720628738403,0.2357420176267624,0.07578466087579727,0.001295655150897801,0.006868448108434677,,
1782054513.933168,train,17,10700,0.00016530443361897378,0.37724751234054565,0.2595776915550232,0.3359055817127228,0.06712234765291214,0.0013227749150246382,0.005760879721492529,,
1782054523.5539815,train,17,10750,0.00016529684562079347,0.15297459065914154,0.07890123873949051,0.16083461046218872,0.0675135999917984,0.0010789255611598492,0.006308175157755613,,
1782054533.11602,train,17,10800,0.00016528925696714634,0.25836431980133057,0.16133181750774384,0.24480165541172028,0.07136299461126328,0.0015060431323945522,0.0076531837694346905,,
1782054542.6314855,train,17,10850,0.00016528166765810866,0.39461544156074524,0.28220757842063904,0.30794471502304077,0.0705721527338028,0.0013562851818278432,0.006786033511161804,,
1782054552.1543484,train,17,10900,0.00016527407769375673,0.43903911113739014,0.3138369023799896,0.37454694509506226,0.06289221346378326,0.0011938795214518905,0.007258425932377577,,
1782054561.6681147,train,17,10950,0.00016526648707416658,0.24190564453601837,0.13892865180969238,0.27611449360847473,0.06761489808559418,0.0014092079363763332,0.007708262652158737,,
1782054571.461057,train,17,11000,0.00016525889579941451,0.3156314492225647,0.21124832332134247,0.27445629239082336,0.07119862735271454,0.0016972199082374573,0.007097246125340462,,
1782054581.086745,train,17,11050,0.00016525130386957652,0.22454434633255005,0.13466493785381317,0.22228530049324036,0.06831895560026169,0.001485904911532998,0.008403388783335686,,
1782054590.6590312,train,17,11100,0.00016524371128472923,0.34197109937667847,0.22336770594120026,0.3369123637676239,0.06848249584436417,0.001340594724752009,0.006651293020695448,,
1782054600.2246444,train,17,11150,0.00016523611804494852,0.240500807762146,0.14217182993888855,0.2518790662288666,0.07042870670557022,0.0014486081199720502,0.010084088891744614,,
1782054609.8355632,train,17,11200,0.00016522852415031068,0.16972465813159943,0.07697766274213791,0.22530634701251984,0.07245203107595444,0.0019438505405560136,0.00784393958747387,,
1782054619.4720073,train,17,11250,0.00016522092960089208,0.34644970297813416,0.23655179142951965,0.31315621733665466,0.06297759711742401,0.0012004206655547023,0.0064308191649615765,,
1782054629.0756638,train,17,11300,0.0001652133343967688,0.3779104948043823,0.24858109652996063,0.38504865765571594,0.06582918018102646,0.0015264671528711915,0.005864160601049662,,
1782054638.5681336,train,17,11350,0.00016520573853801715,0.2312767058610916,0.12204870581626892,0.31268438696861267,0.06188016012310982,0.001168117276392877,0.006666607689112425,,
1782054647.9909642,train,17,11400,0.00016519814202471325,0.45447754859924316,0.30826395750045776,0.43135377764701843,0.07623954117298126,0.0025538101326674223,0.009760971181094646,,
1782054657.458596,train,17,11450,0.00016519054485693348,0.46611326932907104,0.3322921693325043,0.3907553255558014,0.07197529077529907,0.001446264679543674,0.006112914998084307,,
1782054666.8976874,train,17,11500,0.00016518294703475402,0.3276194930076599,0.23428215086460114,0.24413861334323883,0.06440514326095581,0.0010010055266320705,0.006155835930258036,,
1782054676.3304381,train,17,11550,0.00016517534855825113,0.28073740005493164,0.15021315217018127,0.36924514174461365,0.07614141702651978,0.001422334578819573,0.006601880304515362,,
1782054685.8208785,train,17,11600,0.00016516774942750126,0.4162837862968445,0.28848370909690857,0.37736082077026367,0.06654110550880432,0.0018930394435301423,0.008506438694894314,,
1782054695.2695477,train,17,11650,0.0001651601496425805,0.3178631663322449,0.20934119820594788,0.2943075895309448,0.06952336430549622,0.0018341538961976767,0.005922234617173672,,
1782054704.7403042,train,17,11700,0.00016515254920356526,0.2581127882003784,0.15441493690013885,0.2767646014690399,0.06875286251306534,0.0013025860534980893,0.005025732330977917,,
1782054714.1501162,train,17,11750,0.00016514494811053183,0.19662712514400482,0.10823746770620346,0.1952308565378189,0.07884463667869568,0.001596147078089416,0.009097497910261154,,
1782054723.6492035,train,17,11800,0.00016513734636355664,0.29295146465301514,0.19166049361228943,0.2680114209651947,0.06814920157194138,0.0021349817980080843,0.007401082199066877,,
1782054733.142339,train,17,11850,0.0001651297439627158,0.20682679116725922,0.10417032241821289,0.2709353268146515,0.06955639272928238,0.0014445760753005743,0.007075552828609943,,
1782054742.7356024,train,17,11900,0.00016512214090808557,0.3005669414997101,0.19813905656337738,0.26315367221832275,0.07291841506958008,0.0018027254845947027,0.008577045984566212,,
1782054752.2439137,train,17,11950,0.0001651145371997424,0.42955490946769714,0.30808645486831665,0.3408108651638031,0.07229358702898026,0.0011893378105014563,0.008612137287855148,,
1782054761.782894,train,17,12000,0.00016510693283776262,0.3159579336643219,0.22286741435527802,0.223078191280365,0.07439380139112473,0.0012408193433657289,0.007650751154869795,,
1782054771.3309722,train,17,12050,0.0001650993278222226,0.2347683161497116,0.1324884593486786,0.2609555125236511,0.07381904125213623,0.0013145648408681154,0.006314611993730068,,
1782054780.907695,train,17,12100,0.00016509172215319864,0.19330668449401855,0.10576795041561127,0.21047161519527435,0.06955534219741821,0.0014315152075141668,0.008927403949201107,,
1782054790.498912,train,17,12150,0.00016508411583076704,0.27001193165779114,0.16572700440883636,0.283850759267807,0.06639084964990616,0.0012681474909186363,0.006707874592393637,,
1782054800.0728023,train,17,12200,0.00016507650885500412,0.2192005068063736,0.11684896051883698,0.2631562352180481,0.07283460348844528,0.0014518387615680695,0.007474035024642944,,
1782054809.6100829,train,17,12250,0.0001650689012259863,0.21710893511772156,0.1279143989086151,0.21470312774181366,0.07086475193500519,0.0008637016289867461,0.006427106913179159,,
1782054819.247064,train,17,12300,0.0001650612929437898,0.28735417127609253,0.19690167903900146,0.20236384868621826,0.07948482036590576,0.0011911727488040924,0.008136016316711903,,
1782054828.900821,train,17,12350,0.00016505368400849123,0.3134459853172302,0.22956274449825287,0.1985807567834854,0.06817085295915604,0.001526248874142766,0.006855378858745098,,
1782054838.5038574,train,17,12400,0.00016504607442016688,0.27880439162254333,0.16486695408821106,0.32137587666511536,0.06696627289056778,0.0011033130576834083,0.006480770651251078,,
1782054848.02554,train,17,12450,0.00016503846417889313,0.2072407305240631,0.11685381084680557,0.213168203830719,0.07391117513179779,0.0013927172403782606,0.008315620943903923,,
1782054857.5929432,train,17,12500,0.00016503085328474645,0.21469366550445557,0.1186099573969841,0.24377992749214172,0.07008583843708038,0.0009581158519722521,0.005616363137960434,,
1782054867.1609278,train,17,12550,0.00016502324173780315,0.3343317210674286,0.21806484460830688,0.324044793844223,0.07028128951787949,0.0011504639405757189,0.006471509579569101,,
1782054876.719927,train,17,12600,0.00016501562953813963,0.3509030342102051,0.2582806646823883,0.22288189828395844,0.07348109781742096,0.0016134819015860558,0.006722077261656523,,
1782054886.383962,train,17,12650,0.00016500801668583223,0.11931072920560837,0.046738650649785995,0.16469042003154755,0.06261271983385086,0.0009310825262218714,0.00667398190125823,,
1782054896.0001395,train,17,12700,0.00016500040318095756,0.3531968295574188,0.2405933141708374,0.3110606372356415,0.06951060891151428,0.0008306808304041624,0.0050403764471411705,,
1782054905.8172417,train,17,12750,0.00016499278902359194,0.34732651710510254,0.24340204894542694,0.26745128631591797,0.07387850433588028,0.0012236603070050478,0.006761612370610237,,
1782054915.3753986,train,17,12800,0.0001649851742138119,0.3322928547859192,0.18776336312294006,0.42203229665756226,0.07748990505933762,0.0027648292016237974,0.006500616669654846,,
1782054924.9107227,train,17,12850,0.00016497755875169367,0.26569005846977234,0.15807318687438965,0.2945934534072876,0.06753958761692047,0.00198724796064198,0.012995215132832527,,
1782054934.5513005,train,17,12900,0.00016496994263731377,0.26301324367523193,0.16736948490142822,0.24450817704200745,0.06877057254314423,0.0013142465613782406,0.008600260131061077,,
1782054944.231609,train,17,12950,0.00016496232587074892,0.34113094210624695,0.22836552560329437,0.289114773273468,0.08074797689914703,0.0011275262804701924,0.006533332169055939,,
1782054953.8439527,train,17,13000,0.00016495470845207522,0.29282963275909424,0.18774457275867462,0.2646929919719696,0.07751256227493286,0.0015552404802292585,0.007853498682379723,,
1782054963.4414055,train,17,13050,0.00016494709038136914,0.18182408809661865,0.10935737937688828,0.16474641859531403,0.062372222542762756,0.0009399019181728363,0.006998804863542318,,
1782055092.3042758,val,17,,,0.3093268121415146,0.1906897894506665,0.32613152712598326,0.0739036981359988,0.0015229304536963097,0.007236181767060212,,
1782055103.1115077,train,18,50,0.00016493718591478905,0.2603447735309601,0.16434849798679352,0.24538731575012207,0.06909690052270889,0.0010100090876221657,0.007223168853670359,,
1782055112.5643208,train,18,100,0.00016492956634469935,0.29802069067955017,0.1813025176525116,0.3156963884830475,0.0752602368593216,0.0016396964201703668,0.007442980073392391,,
1782055122.0499969,train,18,150,0.00016492194612282958,0.27240288257598877,0.15622463822364807,0.32424411177635193,0.06983891874551773,0.001977338921278715,0.006060158368200064,,
1782055131.5381799,train,18,200,0.00016491432524925646,0.20240776240825653,0.11047553271055222,0.22461208701133728,0.07130634784698486,0.001260380377061665,0.011462746188044548,,
1782055141.0647404,train,18,250,0.0001649067037240565,0.42734938859939575,0.2965720295906067,0.3819120526313782,0.07038532197475433,0.0010669941548258066,0.005730196367949247,,
1782055150.463093,train,18,300,0.00016489908154730616,0.39493584632873535,0.2623501121997833,0.37099942564964294,0.07941985130310059,0.0012593846768140793,0.006787463091313839,,
1782055159.9420557,train,18,350,0.00016489145871908216,0.3072175979614258,0.1889992207288742,0.31805306673049927,0.07712262123823166,0.0014380324864760041,0.011774614453315735,,
1782055169.3937194,train,18,400,0.00016488383523946066,0.24335704743862152,0.15987364947795868,0.19659502804279327,0.06847595423460007,0.0009666424593888223,0.007293846923857927,,
1782055178.8518295,train,18,450,0.00016487621110851841,0.2809252142906189,0.18551386892795563,0.24103499948978424,0.07014556229114532,0.000798101129475981,0.005722356494516134,,
1782055188.3520403,train,18,500,0.00016486858632633173,0.36690497398376465,0.23015864193439484,0.39673036336898804,0.07479303330183029,0.0016721079591661692,0.007510554511100054,,
1782055197.8516185,train,18,550,0.0001648609608929774,0.28438040614128113,0.1840093433856964,0.25510215759277344,0.07291996479034424,0.0013554332545027137,0.007229951675981283,,
1782055207.3316395,train,18,600,0.000164853334808532,0.19576877355575562,0.09844722598791122,0.24789616465568542,0.07037347555160522,0.0016077489126473665,0.008706506341695786,,
1782055216.8289545,train,18,650,0.000164845708073072,0.28800129890441895,0.1881917268037796,0.2609277665615082,0.06884104758501053,0.0015713154571130872,0.008556724525988102,,
1782055226.2790563,train,18,700,0.00016483808068667392,0.24013501405715942,0.13203394412994385,0.271776020526886,0.08006581664085388,0.0012415049131959677,0.00814825389534235,,
1782055235.7261918,train,18,750,0.00016483045264941427,0.22478336095809937,0.12497490644454956,0.2567257881164551,0.07102802395820618,0.0011298824101686478,0.007894986309111118,,
1782055245.2153513,train,18,800,0.00016482282396136966,0.34493348002433777,0.23387672007083893,0.29634732007980347,0.07365000247955322,0.0014491814654320478,0.008051881566643715,,
1782055257.0490992,train,18,850,0.0001648151946226168,0.2770780622959137,0.17348988354206085,0.2816249430179596,0.06609060615301132,0.0013664154103025794,0.007918843999505043,,
1782055266.41091,train,18,900,0.00016480756463323215,0.32822099328041077,0.21026286482810974,0.329570472240448,0.0708581879734993,0.0013644888531416655,0.007517069578170776,,
1782055275.8038042,train,18,950,0.0001647999339932922,0.2328570932149887,0.13567562401294708,0.24119192361831665,0.0735640898346901,0.0010145128471776843,0.006870743352919817,,
1782055285.29185,train,18,1000,0.00016479230270287373,0.35512661933898926,0.24813050031661987,0.28281036019325256,0.0722900927066803,0.001484729116782546,0.007263675332069397,,
1782055294.8311615,train,18,1050,0.00016478467076205328,0.2090376317501068,0.11488901078701019,0.23470664024353027,0.07066525518894196,0.0013933100271970034,0.006206772290170193,,
1782055304.4270487,train,18,1100,0.00016477703817090745,0.3131662905216217,0.2130383551120758,0.26653385162353516,0.06671711802482605,0.0013592405011877418,0.010370495729148388,,
1782055313.8510556,train,18,1150,0.00016476940492951293,0.39284059405326843,0.26883354783058167,0.35211920738220215,0.07168155908584595,0.0013647415908053517,0.006218246184289455,,
1782055323.2806735,train,18,1200,0.00016476177103794622,0.2880144417285919,0.19714690744876862,0.2216351181268692,0.07070554792881012,0.0010597059736028314,0.005473362281918526,,
1782055332.8185375,train,18,1250,0.00016475413649628409,0.19668233394622803,0.11020734161138535,0.20708423852920532,0.06911391764879227,0.0014698366867378354,0.007416322361677885,,
1782055342.2999234,train,18,1300,0.00016474650130460304,0.3190717399120331,0.20982934534549713,0.28706154227256775,0.07464070618152618,0.00156663847155869,0.007020559627562761,,
1782055351.7681785,train,18,1350,0.0001647388654629797,0.3339329659938812,0.2229941040277481,0.2987363934516907,0.07231330871582031,0.0009812217904254794,0.007027578540146351,,
1782055361.287049,train,18,1400,0.00016473122897149085,0.2305256873369217,0.13117657601833344,0.2584848999977112,0.06915419548749924,0.001507825218141079,0.009484761394560337,,
1782055370.7717032,train,18,1450,0.0001647235918302133,0.23462563753128052,0.14058126509189606,0.24298304319381714,0.0663374587893486,0.0012987494701519608,0.0065353140234947205,,
1782055380.3468053,train,18,1500,0.0001647159540392235,0.19375310838222504,0.09764654189348221,0.24347031116485596,0.07022158801555634,0.001281997305341065,0.0066247666254639626,,
1782055389.750938,train,18,1550,0.00016470831559859805,0.20867906510829926,0.12813147902488708,0.179448202252388,0.071186862885952,0.0009211147553287446,0.007891223765909672,,
1782055399.2321684,train,18,1600,0.0001647006765084138,0.3057578206062317,0.19938591122627258,0.2930343747138977,0.06597994267940521,0.0012331543257459998,0.006903276313096285,,
1782055408.7281966,train,18,1650,0.00016469303676874724,0.30868715047836304,0.19300971925258636,0.3319264054298401,0.06512204557657242,0.0013480392517521977,0.007093527819961309,,
1782055418.2244744,train,18,1700,0.0001646853963796752,0.41275131702423096,0.26506343483924866,0.4420105516910553,0.07406049966812134,0.0015501647721976042,0.008152006193995476,,
1782055427.775191,train,18,1750,0.00016467775534127426,0.18077875673770905,0.08998849242925644,0.23262150585651398,0.06486912071704865,0.0020032173488289118,0.006365513429045677,,
1782055437.222728,train,18,1800,0.00016467011365362133,0.27316567301750183,0.17639917135238647,0.26591232419013977,0.06034050136804581,0.0011816918849945068,0.0074705579318106174,,
1782055446.7241597,train,18,1850,0.00016466247131679288,0.21160168945789337,0.12969344854354858,0.18754072487354279,0.06986682116985321,0.0008966696332208812,0.005422412883490324,,
1782055456.2433984,train,18,1900,0.0001646548283308659,0.14479202032089233,0.05033700913190842,0.2362535297870636,0.07045157253742218,0.0016584638506174088,0.007920542731881142,,
1782055465.782457,train,18,1950,0.00016464718469591692,0.5105609893798828,0.3727710247039795,0.40551432967185974,0.07257160544395447,0.0012557401787489653,0.005772186443209648,,
1782055475.2191048,train,18,2000,0.0001646395404120225,0.26324978470802307,0.15342147648334503,0.29384252429008484,0.0723850429058075,0.0017515427898615599,0.00802187342196703,,
1782055484.7547817,train,18,2050,0.00016463189547925977,0.1869463473558426,0.09507385641336441,0.22462762892246246,0.07123668491840363,0.0009723533294163644,0.006334464065730572,,
1782055494.3023856,train,18,2100,0.00016462424989770525,0.4054575264453888,0.2626416087150574,0.4238239526748657,0.07345862686634064,0.0013061190256848931,0.006251923739910126,,
1782055503.77432,train,18,2150,0.00016461660366743575,0.40821295976638794,0.2642344832420349,0.4564119279384613,0.05956615135073662,0.0009240912040695548,0.007043609861284494,,
1782055513.2279706,train,18,2200,0.00016460895678852797,0.29084938764572144,0.19052158296108246,0.281830370426178,0.0595330111682415,0.0010371874086558819,0.007097877096384764,,
1782055522.7072968,train,18,2250,0.0001646013092610588,0.315915048122406,0.21277298033237457,0.2689613401889801,0.07157374173402786,0.0011485115392133594,0.0064088585786521435,,
1782055532.230099,train,18,2300,0.00016459366108510483,0.2769075632095337,0.1803952008485794,0.24515648186206818,0.07019155472517014,0.0012745470739901066,0.006101742386817932,,
1782055541.7096357,train,18,2350,0.00016458601226074286,0.25431329011917114,0.13837803900241852,0.30525821447372437,0.07899059355258942,0.0012541059404611588,0.0073666200041770935,,
1782055551.1864922,train,18,2400,0.00016457836278804976,0.28514331579208374,0.16822130978107452,0.32285818457603455,0.07218018174171448,0.001173726748675108,0.006570188328623772,,
1782055560.6044846,train,18,2450,0.0001645707126671022,0.358204185962677,0.23800379037857056,0.33081677556037903,0.07472261041402817,0.0013492983998730779,0.006615086924284697,,
1782055570.0861015,train,18,2500,0.00016456306189797698,0.34101077914237976,0.21854501962661743,0.3503185510635376,0.06952434033155441,0.0012395126977935433,0.006249935366213322,,
1782055579.575139,train,18,2550,0.000164555410480751,0.2244635969400406,0.1440161168575287,0.1789502650499344,0.07117410749197006,0.001228643232025206,0.008654815144836903,,
1782055589.0802293,train,18,2600,0.00016454775841550113,0.4303200840950012,0.2925529479980469,0.4052378535270691,0.07269847393035889,0.0010841235052794218,0.0063655260019004345,,
1782055598.6389775,train,18,2650,0.00016454010570230408,0.22573311626911163,0.11005667597055435,0.3142043352127075,0.07381922006607056,0.002157471375539899,0.006990202236920595,,
1782055608.1076157,train,18,2700,0.00016453245234123663,0.27108967304229736,0.18708360195159912,0.19980251789093018,0.06787866353988647,0.0011610559886321425,0.006260226480662823,,
1782055617.6388097,train,18,2750,0.00016452479833237575,0.5695956945419312,0.4115912616252899,0.4797661304473877,0.07583385705947876,0.001460110885091126,0.006583801005035639,,
1782055627.103148,train,18,2800,0.00016451714367579816,0.4304003417491913,0.28012004494667053,0.4737044870853424,0.0634758472442627,0.001162517350167036,0.006846651900559664,,
1782055636.5591784,train,18,2850,0.00016450948837158077,0.37363967299461365,0.26411381363868713,0.30026039481163025,0.06866838783025742,0.0012657360639423132,0.00675295852124691,,
1782055645.9824557,train,18,2900,0.00016450183241980044,0.23217663168907166,0.12318383902311325,0.2854497730731964,0.07497444748878479,0.0014313014689832926,0.006497669033706188,,
1782055655.4507897,train,18,2950,0.0001644941758205338,0.20825724303722382,0.11526021361351013,0.23979997634887695,0.06587401777505875,0.0011002891696989536,0.004563847091048956,,
1782055664.8945692,train,18,3000,0.00016448651857385788,0.36001139879226685,0.2457359880208969,0.3179357051849365,0.06937964260578156,0.0010166806168854237,0.006347897462546825,,
1782055674.3468397,train,18,3050,0.00016447886067984957,0.3473672568798065,0.24008896946907043,0.28308501839637756,0.0727807953953743,0.001166521105915308,0.005242180544883013,,
1782055683.8373122,train,18,3100,0.0001644712021385857,0.2678532302379608,0.1644551008939743,0.2796855568885803,0.0666143000125885,0.0016961749643087387,0.005250753369182348,,
1782055693.3395066,train,18,3150,0.00016446354295014307,0.3228127360343933,0.2191569060087204,0.2646588683128357,0.07478156685829163,0.0010031884303316474,0.006194914225488901,,
1782055702.8225706,train,18,3200,0.00016445588311459877,0.2653793692588806,0.16386838257312775,0.2673023045063019,0.06893280148506165,0.0021899030543863773,0.00650407187640667,,
1782055714.9753406,train,18,3250,0.0001644482226320294,0.4399033486843109,0.3180526793003082,0.347042977809906,0.06995442509651184,0.001127275638282299,0.004886643961071968,,
1782055724.4422064,train,18,3300,0.0001644405615025121,0.4356938600540161,0.3192242681980133,0.3261297345161438,0.06966669857501984,0.0010380996391177177,0.005705840885639191,,
1782055733.9583058,train,18,3350,0.00016443289972612368,0.36265531182289124,0.24335357546806335,0.33175674080848694,0.07248985767364502,0.001176349469460547,0.006564842537045479,,
1782055743.5389395,train,18,3400,0.00016442523730294113,0.25332847237586975,0.15730887651443481,0.2446715533733368,0.06945040822029114,0.001265190658159554,0.004986362066119909,,
1782055753.0474243,train,18,3450,0.00016441757423304133,0.2439393252134323,0.1558898538351059,0.23535433411598206,0.05820939317345619,0.0010618469677865505,0.0076062907464802265,,
1782055762.6120334,train,18,3500,0.0001644099105165011,0.22124826908111572,0.127699613571167,0.2316368669271469,0.07108121365308762,0.0009882368613034487,0.007297510281205177,,
1782055772.0745943,train,18,3550,0.00016440224615339749,0.33329296112060547,0.2129947543144226,0.336574912071228,0.0720839872956276,0.0011247828369960189,0.006384589243680239,,
1782055781.5787406,train,18,3600,0.00016439458114380734,0.24146728217601776,0.13383719325065613,0.2809109687805176,0.0745779499411583,0.0011337347095832229,0.008420569822192192,,
1782055791.091121,train,18,3650,0.00016438691548780764,0.4892793297767639,0.32570236921310425,0.4984561502933502,0.07767240703105927,0.0012670917203649879,0.00913663674145937,,
1782055800.6344216,train,18,3700,0.0001643792491854755,0.21902872622013092,0.12958142161369324,0.217179074883461,0.07006446272134781,0.0012031897203996778,0.006672332528978586,,
1782055810.123195,train,18,3750,0.0001643715822368876,0.3687029182910919,0.2631956934928894,0.27996277809143066,0.07074440270662308,0.001443286775611341,0.006761283613741398,,
1782055819.6529162,train,18,3800,0.00016436391464212105,0.26207733154296875,0.17626343667507172,0.20909838378429413,0.0668216273188591,0.0012847637990489602,0.007147146388888359,,
1782055829.0902877,train,18,3850,0.00016435624640125272,0.26275622844696045,0.17033405601978302,0.23482240736484528,0.06724824011325836,0.0009244187967851758,0.005665668286383152,,
1782055838.6299865,train,18,3900,0.0001643485775143596,0.3293035626411438,0.21802464127540588,0.2931887209415436,0.07569431513547897,0.0013458722969517112,0.0056068613193929195,,
1782055848.0632377,train,18,3950,0.00016434090798151895,0.3266873061656952,0.18776842951774597,0.4121638238430023,0.07144514471292496,0.00155316898599267,0.007454860955476761,,
1782055857.4853513,train,18,4000,0.00016433323780280738,0.23423461616039276,0.1239970400929451,0.3016086220741272,0.06940998136997223,0.0013042305363342166,0.0061345696449279785,,
1782055867.0050743,train,18,4050,0.00016432556697830217,0.2516658902168274,0.13038066029548645,0.33694788813591003,0.07370521128177643,0.001956421649083495,0.010208124294877052,,
1782055876.5437195,train,18,4100,0.0001643178955080802,0.27666500210762024,0.18292658030986786,0.22096803784370422,0.07675319164991379,0.0011980411363765597,0.006330805364996195,,
1782055886.0426805,train,18,4150,0.0001643102233922185,0.16858457028865814,0.07938205450773239,0.21413147449493408,0.07098779827356339,0.0017575055826455355,0.008169312961399555,,
1782055895.4754465,train,18,4200,0.0001643025506307941,0.31650692224502563,0.19434809684753418,0.340656042098999,0.07371252030134201,0.0013853843556717038,0.006979182828217745,,
1782055904.9714582,train,18,4250,0.00016429487722388397,0.259281724691391,0.14666847884655,0.3130561411380768,0.0685058981180191,0.0009626623359508812,0.005986789241433144,,
1782055914.4181898,train,18,4300,0.00016428720317156512,0.3029302954673767,0.18842992186546326,0.313937783241272,0.07163593173027039,0.0019794777035713196,0.006856577470898628,,
1782055923.9397974,train,18,4350,0.00016427952847391464,0.18139949440956116,0.08889476209878922,0.225334033370018,0.07197568565607071,0.0018338648369535804,0.005827449727803469,,
1782055933.4878418,train,18,4400,0.00016427185313100948,0.3179662823677063,0.20586934685707092,0.31224730610847473,0.06789448857307434,0.000878429738804698,0.006394410505890846,,
1782055943.0385053,train,18,4450,0.0001642641771429268,0.293476939201355,0.19075468182563782,0.2725871205329895,0.06888005137443542,0.0013542561791837215,0.007775328122079372,,
1782055952.5144691,train,18,4500,0.00016425650050974356,0.3951084017753601,0.28301647305488586,0.3218453526496887,0.06301787495613098,0.001216541277244687,0.008651306852698326,,
1782055962.006154,train,18,4550,0.00016424882323153684,0.32901862263679504,0.22573649883270264,0.27702441811561584,0.06776375323534012,0.0014415823388844728,0.009030473418533802,,
1782055971.4625669,train,18,4600,0.0001642411453083838,0.4410157799720764,0.3266783654689789,0.3267050087451935,0.065132275223732,0.0009503323235549033,0.0061213551089167595,,
1782055980.9940217,train,18,4650,0.00016423346674036146,0.21173915266990662,0.12556710839271545,0.21191181242465973,0.06614135205745697,0.001234187395311892,0.008052323944866657,,
1782055990.4730408,train,18,4700,0.00016422578752754672,0.2672363519668579,0.17578575015068054,0.2343517243862152,0.06547428667545319,0.001255354261957109,0.007416043896228075,,
1782056000.0059247,train,18,4750,0.00016421810767001705,0.14174188673496246,0.060937754809856415,0.18165819346904755,0.07054594159126282,0.0011662025935947895,0.007149852346628904,,
1782056009.472002,train,18,4800,0.0001642104271678494,0.40852630138397217,0.30089855194091797,0.29620790481567383,0.06684809923171997,0.001517103984951973,0.00775911146774888,,
1782056019.055585,train,18,4850,0.00016420274602112068,0.20670877397060394,0.10709930956363678,0.25393959879875183,0.07184835523366928,0.002003965200856328,0.008468749932944775,,
1782056028.5328314,train,18,4900,0.00016419506422990819,0.1549816131591797,0.06954733282327652,0.20785559713840485,0.06672573834657669,0.0010751024819910526,0.006766324397176504,,
1782056038.0654492,train,18,4950,0.00016418738179428894,0.2855727970600128,0.17277465760707855,0.3002542555332184,0.0751727819442749,0.001481692655943334,0.007147712167352438,,
1782056047.583481,train,18,5000,0.00016417969871433997,0.2829422056674957,0.18425783514976501,0.24696792662143707,0.07361862808465958,0.0013305359752848744,0.0060549839399755,,
1782056057.0627716,train,18,5050,0.0001641720149901386,0.2708129584789276,0.1601172685623169,0.30758410692214966,0.06730251014232635,0.0014842645032331347,0.005391502287238836,,
1782056066.5955725,train,18,5100,0.00016416433062176194,0.17495298385620117,0.08375632762908936,0.2184087038040161,0.07291284203529358,0.0013806115603074431,0.006410073954612017,,
1782056076.0309148,train,18,5150,0.000164156645609287,0.3217228055000305,0.20799364149570465,0.32713964581489563,0.06369037926197052,0.0009904871694743633,0.005934038199484348,,
1782056085.518303,train,18,5200,0.00016414895995279095,0.22090671956539154,0.12685488164424896,0.23344527184963226,0.07116380333900452,0.0010861317859962583,0.00852213241159916,,
1782056095.0678403,train,18,5250,0.000164141273652351,0.15406379103660583,0.06536421924829483,0.2220362275838852,0.06604874134063721,0.0016614723717793822,0.007290203124284744,,
1782056104.5028825,train,18,5300,0.00016413358670804422,0.31036245822906494,0.2182241678237915,0.225998193025589,0.07101178914308548,0.0013285416644066572,0.007514865603297949,,
1782056114.0086017,train,18,5350,0.0001641258991199478,0.20866768062114716,0.11592096835374832,0.23108811676502228,0.06971638649702072,0.0011648867512121797,0.008231655694544315,,
1782056123.471655,train,18,5400,0.000164118210888139,0.412049800157547,0.2784929573535919,0.38631704449653625,0.0736265480518341,0.001642926363274455,0.006604516413062811,,
1782056132.9114926,train,18,5450,0.00016411052201269482,0.24764974415302277,0.15943288803100586,0.20756570994853973,0.07238368690013885,0.001335836830548942,0.0056288884952664375,,
1782056142.4553115,train,18,5500,0.0001641028324936926,0.29630208015441895,0.1963048279285431,0.25168684124946594,0.07393673807382584,0.0010717492550611496,0.0076450323686003685,,
1782056151.9100268,train,18,5550,0.0001640951423312095,0.24108852446079254,0.14069989323616028,0.2648361921310425,0.06808596849441528,0.001366028911434114,0.005183729808777571,,
1782056161.3497214,train,18,5600,0.00016408745152532265,0.26960864663124084,0.17849288880825043,0.2204771339893341,0.07175721228122711,0.0011787476250901818,0.006715842057019472,,
1782056170.7091608,train,18,5650,0.00016407976007610942,0.4494536817073822,0.3135615885257721,0.3998129665851593,0.07156794518232346,0.001548951375298202,0.0062897177413105965,,
1782056180.2277513,train,18,5700,0.00016407206798364687,0.28524571657180786,0.17862442135810852,0.2769104242324829,0.07452678680419922,0.0013030529953539371,0.00680562062188983,,
1782056189.6867917,train,18,5750,0.00016406437524801225,0.2813696265220642,0.18655899167060852,0.2471742033958435,0.06577249616384506,0.001308352337218821,0.007048720493912697,,
1782056199.1311963,train,18,5800,0.0001640566818692829,0.24743348360061646,0.1533050537109375,0.24274702370166779,0.06656988710165024,0.0015672922600060701,0.006079884245991707,,
1782056208.596156,train,18,5850,0.0001640489878475358,0.32741111516952515,0.21292412281036377,0.32969599962234497,0.06386803835630417,0.0012898881686851382,0.0065179080702364445,,
1782056218.0861208,train,18,5900,0.00016404129318284836,0.36244824528694153,0.24905335903167725,0.31592950224876404,0.06844452768564224,0.0019023395143449306,0.00790818128734827,,
1782056227.5482976,train,18,5950,0.00016403359787529772,0.2551387846469879,0.13957495987415314,0.3218310475349426,0.06991539150476456,0.0014836605405434966,0.0064372895285487175,,
1782056236.9327555,train,18,6000,0.00016402590192496125,0.27305182814598083,0.18229295313358307,0.21816794574260712,0.07220380008220673,0.0011498909443616867,0.005069454666227102,,
1782056246.301763,train,18,6050,0.00016401820533191606,0.312753826379776,0.20772291719913483,0.2785909175872803,0.07047955691814423,0.0014341498026624322,0.006036536768078804,,
1782056255.6923363,train,18,6100,0.00016401050809623956,0.3478694260120392,0.22421929240226746,0.3413819372653961,0.07628955692052841,0.001598785980604589,0.009060237556695938,,
1782056265.171233,train,18,6150,0.00016400281021800898,0.3593100309371948,0.23536425828933716,0.3472942113876343,0.07388418167829514,0.0018013716908171773,0.0067014386877417564,,
1782056274.5976415,train,18,6200,0.00016399511169730153,0.2390742003917694,0.13986729085445404,0.25664976239204407,0.06988897919654846,0.0009996623266488314,0.006243322975933552,,
1782056284.0251188,train,18,6250,0.00016398741253419445,0.30281755328178406,0.20173746347427368,0.2667512595653534,0.0686202421784401,0.0008214155095629394,0.006494418252259493,,
1782056293.5076222,train,18,6300,0.00016397971272876522,0.2712794244289398,0.1515604853630066,0.3218054175376892,0.07821428775787354,0.001604143064469099,0.0087128272280097,,
1782056302.9310982,train,18,6350,0.00016397201228109085,0.2036171853542328,0.12347638607025146,0.19541235268115997,0.06241511553525925,0.0008015914936549962,0.006555147934705019,,
1782056312.315936,train,18,6400,0.00016396431119124888,0.26414692401885986,0.1545637547969818,0.3025479018688202,0.06764324009418488,0.001245773397386074,0.007316602859646082,,
1782056321.6968877,train,18,6450,0.00016395660945931652,0.24863918125629425,0.15457646548748016,0.23452350497245789,0.07061002403497696,0.0012683490058407187,0.008214880712330341,,
1782056331.1072857,train,18,6500,0.00016394890708537103,0.2358185201883316,0.13768205046653748,0.25449174642562866,0.06875389069318771,0.0013657950330525637,0.005309469066560268,,
1782056340.5187156,train,18,6550,0.00016394120406948976,0.39339229464530945,0.28932705521583557,0.2679751515388489,0.07390648126602173,0.0011820688378065825,0.005015329923480749,,
1782056349.9584084,train,18,6600,0.00016393350041175015,0.4027390480041504,0.27376073598861694,0.36327746510505676,0.07595212012529373,0.0018288253340870142,0.007216862868517637,,
1782056359.4231393,train,18,6650,0.0001639257961122295,0.21136701107025146,0.12129925936460495,0.2143733948469162,0.0726124495267868,0.001681786379776895,0.010403357446193695,,
1782056368.943569,train,18,6700,0.00016391809117100516,0.2693973779678345,0.16772638261318207,0.27499425411224365,0.0656348168849945,0.001050333958119154,0.005640698596835136,,
1782056378.4027019,train,18,6750,0.00016391038558815436,0.24022413790225983,0.13317956030368805,0.2980424463748932,0.06478147953748703,0.001432201243005693,0.006253818981349468,,
1782056387.8235917,train,18,6800,0.0001639026793637544,0.31527525186538696,0.19996224343776703,0.32730481028556824,0.06674672663211823,0.0011346439132466912,0.005254840943962336,,
1782056397.303636,train,18,6850,0.00016389497249788285,0.24705491960048676,0.15647989511489868,0.22531956434249878,0.06825704127550125,0.0011661857133731246,0.0062597342766821384,,
1782056406.789832,train,18,6900,0.00016388726499061705,0.27229219675064087,0.17404526472091675,0.25343334674835205,0.06948500871658325,0.0014608715428039432,0.008923474699258804,,
1782056416.2708557,train,18,6950,0.00016387955684203426,0.3558756411075592,0.2146836817264557,0.4255204200744629,0.0693914145231247,0.0011613224633038044,0.005627511069178581,,
1782056425.7067082,train,18,7000,0.00016387184805221182,0.3313325345516205,0.22759439051151276,0.27992793917655945,0.06728293001651764,0.0011469932505860925,0.007252703886479139,,
1782056435.2324162,train,18,7050,0.0001638641386212271,0.20388607680797577,0.0986618846654892,0.2741874158382416,0.07296209782361984,0.0019628768786787987,0.006589797791093588,,
1782056444.7543538,train,18,7100,0.0001638564285491575,0.26244595646858215,0.1657296121120453,0.2561348080635071,0.0651530921459198,0.0010608987649902701,0.005524415522813797,,
1782056454.2391622,train,18,7150,0.00016384871783608042,0.2949390411376953,0.20131033658981323,0.23651984333992004,0.06856440007686615,0.0021653275471180677,0.00667572719976306,,
1782056463.74878,train,18,7200,0.00016384100648207342,0.4159046709537506,0.2822786867618561,0.38570690155029297,0.07410845905542374,0.0014503176789730787,0.005542679689824581,,
1782056473.2956054,train,18,7250,0.00016383329448721386,0.2859598398208618,0.18354371190071106,0.259027898311615,0.07510574162006378,0.00106270972173661,0.006902322638779879,,
1782056482.723201,train,18,7300,0.0001638255818515792,0.28063759207725525,0.165065199136734,0.313795804977417,0.07396111637353897,0.0014286866644397378,0.009261111728847027,,
1782056492.2666109,train,18,7350,0.0001638178685752467,0.3385961651802063,0.2112082839012146,0.3630753755569458,0.0728684589266777,0.0018479989375919104,0.0066665722988545895,,
1782056501.8750153,train,18,7400,0.0001638101546582939,0.21687012910842896,0.12409471720457077,0.23860514163970947,0.06596177816390991,0.0014323635259643197,0.009476915001869202,,
1782056511.3592124,train,18,7450,0.00016380244010079806,0.24617935717105865,0.1411765068769455,0.2503477931022644,0.08451821655035019,0.0015678814379498363,0.006661399733275175,,
1782056520.9144604,train,18,7500,0.00016379472490283685,0.24960105121135712,0.15505602955818176,0.2295410931110382,0.07405730336904526,0.0013109393185004592,0.006570430006831884,,
1782056530.3689952,train,18,7550,0.00016378700906448745,0.2678230106830597,0.16075052320957184,0.27651363611221313,0.07548769563436508,0.0020024306140840054,0.008234681561589241,,
1782056539.7816918,train,18,7600,0.00016377929258582768,0.3023063838481903,0.18543057143688202,0.31507861614227295,0.07591906189918518,0.0014666448114439845,0.007134373765438795,,
1782056549.2470796,train,18,7650,0.0001637715754669347,0.36984747648239136,0.22726914286613464,0.4156232178211212,0.07694555819034576,0.0019975255709141493,0.007822760380804539,,
1782056558.7714617,train,18,7700,0.00016376385770788617,0.2498718500137329,0.16208124160766602,0.21321454644203186,0.06875017285346985,0.001118902931921184,0.005743150133639574,,
1782056568.3074543,train,18,7750,0.00016375613930875942,0.4581805169582367,0.32943928241729736,0.36075785756111145,0.0768698900938034,0.00116832391358912,0.005533556919544935,,
1782056577.752415,train,18,7800,0.00016374842026963183,0.226779505610466,0.12617477774620056,0.25000306963920593,0.07590775191783905,0.0015006400644779205,0.006670061498880386,,
1782056587.2393417,train,18,7850,0.00016374070059058113,0.3087860643863678,0.21753311157226562,0.22346597909927368,0.07057813555002213,0.0009740344830788672,0.005336005240678787,,
1782056596.7752755,train,18,7900,0.00016373298027168474,0.2942603528499603,0.19882085919380188,0.2508123815059662,0.06529387086629868,0.0008948042523115873,0.005053090862929821,,
1782056606.3165774,train,18,7950,0.00016372525931302026,0.22868986427783966,0.13118422031402588,0.23520463705062866,0.07718756794929504,0.0011069747852161527,0.007750918157398701,,
1782056615.8058841,train,18,8000,0.00016371753771466494,0.34236276149749756,0.22026316821575165,0.34158051013946533,0.07316520065069199,0.0012189822737127542,0.005743454210460186,,
1782056625.282303,train,18,8050,0.00016370981547669645,0.34024134278297424,0.2281666398048401,0.29993700981140137,0.07388275861740112,0.0014907567529007792,0.009416026063263416,,
1782056634.6823566,train,18,8100,0.0001637020925991923,0.28358733654022217,0.1802728921175003,0.2670588493347168,0.07276628166437149,0.0016659939428791404,0.00784662552177906,,
1782056644.147277,train,18,8150,0.00016369436908222993,0.297720342874527,0.1904141902923584,0.3003978431224823,0.06414197385311127,0.0013569953152909875,0.006987170781940222,,
1782056653.6511664,train,18,8200,0.0001636866449258869,0.317014217376709,0.2027440369129181,0.3179701864719391,0.06928926706314087,0.001329971943050623,0.009028447791934013,,
1782056663.1302376,train,18,8250,0.00016367892013024088,0.3570581078529358,0.2496785670518875,0.2802383601665497,0.07434485107660294,0.0014753428986296058,0.006862153764814138,,
1782056672.6867888,train,18,8300,0.00016367119469536912,0.29566988348960876,0.18486909568309784,0.2973913550376892,0.07261142134666443,0.0014725778019055724,0.006295261904597282,,
1782056682.2417045,train,18,8350,0.00016366346862134942,0.2540185749530792,0.15707971155643463,0.25086072087287903,0.06816661357879639,0.0014035723870620131,0.007089231628924608,,
1782056691.7418683,train,18,8400,0.0001636557419082593,0.22875192761421204,0.12749484181404114,0.27065664529800415,0.06695137172937393,0.0011724461801350117,0.007810197304934263,,
1782056701.266831,train,18,8450,0.0001636480145561763,0.3224543631076813,0.2127489298582077,0.2996751368045807,0.06930790841579437,0.0013269205810502172,0.007389055099338293,,
1782056710.726282,train,18,8500,0.00016364028656517797,0.3451111316680908,0.23662665486335754,0.2959771454334259,0.06881947815418243,0.0008046887232922018,0.004593756515532732,,
1782056720.2528882,train,18,8550,0.00016363255793534195,0.35442790389060974,0.242631196975708,0.2893834114074707,0.07861533761024475,0.0014320549089461565,0.0063459137454628944,,
1782056729.6693568,train,18,8600,0.0001636248286667458,0.2516911029815674,0.14263546466827393,0.2986229360103607,0.0684286430478096,0.0018556617433205247,0.007742082700133324,,
1782056739.2407434,train,18,8650,0.00016361709875946723,0.4326327443122864,0.3005963861942291,0.39553192257881165,0.0661325454711914,0.0008711775299161673,0.006066242232918739,,
1782056748.7460904,train,18,8700,0.00016360936821358356,0.16956478357315063,0.08370381593704224,0.19586914777755737,0.07356065511703491,0.0011335875606164336,0.006002463400363922,,
1782056758.1917949,train,18,8750,0.0001636016370291726,0.3903038203716278,0.26065486669540405,0.3541176915168762,0.08197467029094696,0.0013220582623034716,0.005396273452788591,,
1782056767.769625,train,18,8800,0.00016359390520631173,0.3224064111709595,0.20145557820796967,0.3386859893798828,0.07221760600805283,0.0017053717747330666,0.005970395170152187,,
1782056777.2340443,train,18,8850,0.00016358617274507884,0.290070116519928,0.18052780628204346,0.29951855540275574,0.06902211159467697,0.001515934825874865,0.009479268454015255,,
1782056786.6222517,train,18,8900,0.00016357843964555133,0.27641022205352783,0.18079251050949097,0.25024843215942383,0.06587445735931396,0.001183611573651433,0.0056404834613204,,
1782056796.0734894,train,18,8950,0.00016357070590780702,0.33312708139419556,0.22359313070774078,0.2986955940723419,0.06947841495275497,0.0012084166519343853,0.008350790478289127,,
1782056805.55568,train,18,9000,0.0001635629715319234,0.3924393355846405,0.2531663179397583,0.41071972250938416,0.07283713668584824,0.00174535415135324,0.00997943989932537,,
1782056815.076839,train,18,9050,0.00016355523651797804,0.32470887899398804,0.21254639327526093,0.3195316791534424,0.06421518325805664,0.0017196392873302102,0.007676595821976662,,
1782056824.56696,train,18,9100,0.00016354750086604886,0.282414972782135,0.17345590889453888,0.2866375744342804,0.07427050173282623,0.001644115662202239,0.008674020878970623,,
1782056834.0267441,train,18,9150,0.0001635397645762133,0.4002240300178528,0.273902952671051,0.35974329710006714,0.07248051464557648,0.0014499147655442357,0.008809084072709084,,
1782056843.4847727,train,18,9200,0.0001635320276485491,0.2523140609264374,0.1407173126935959,0.2790408134460449,0.08341851830482483,0.0012729980517178774,0.006602030247449875,,
1782056853.0668252,train,18,9250,0.0001635242900831338,0.3169715702533722,0.21291561424732208,0.27320778369903564,0.07127474993467331,0.001166062313131988,0.0064351921901106834,,
1782056862.5177794,train,18,9300,0.00016351655188004524,0.2869073748588562,0.17955254018306732,0.27024388313293457,0.07926961779594421,0.0015906475018709898,0.00791096780449152,,
1782056871.934604,train,18,9350,0.000163508813039361,0.2025277465581894,0.12886615097522736,0.1674426645040512,0.06336988508701324,0.001159765524789691,0.01022858452051878,,
1782056881.494049,train,18,9400,0.00016350107356115885,0.24584393203258514,0.140253946185112,0.28810882568359375,0.06685510277748108,0.001352290972135961,0.006812268868088722,,
1782056891.0202553,train,18,9450,0.00016349333344551644,0.26799651980400085,0.16949549317359924,0.2604205310344696,0.06653226912021637,0.0012976375874131918,0.006552272010594606,,
1782056900.5081763,train,18,9500,0.0001634855926925115,0.2490379512310028,0.14353711903095245,0.28061968088150024,0.07033701241016388,0.001774161122739315,0.006369206588715315,,
1782056910.074693,train,18,9550,0.00016347785130222168,0.37799301743507385,0.2706475853919983,0.28449997305870056,0.07210928201675415,0.0016577864298596978,0.006958585232496262,,
1782056919.5824375,train,18,9600,0.00016347010927472464,0.18057167530059814,0.10047998279333115,0.1738857626914978,0.07291823625564575,0.001611341256648302,0.005776640493422747,,
1782056929.0678556,train,18,9650,0.00016346236661009833,0.21599000692367554,0.13164237141609192,0.19941681623458862,0.06872055679559708,0.0013315670657902956,0.006841171532869339,,
1782056938.5623703,train,18,9700,0.00016345462330842012,0.21869559586048126,0.1307712197303772,0.21808350086212158,0.06656648218631744,0.0012027464108541608,0.007133086211979389,,
1782056948.0858457,train,18,9750,0.0001634468793697679,0.2619033753871918,0.1694898009300232,0.2370447814464569,0.06605073064565659,0.0012702635722234845,0.0070213316939771175,,
1782056957.7073681,train,18,9800,0.00016343913479421944,0.3288213610649109,0.21905387938022614,0.27550703287124634,0.08136025816202164,0.00210572499781847,0.008674170821905136,,
1782056967.2820697,train,18,9850,0.00016343138958185233,0.2892036437988281,0.17852480709552765,0.31415149569511414,0.06392662972211838,0.0017764084041118622,0.006247584242373705,,
1782056976.6912875,train,18,9900,0.0001634236437327446,0.16699345409870148,0.08525777608156204,0.192631796002388,0.06696134060621262,0.0009704636759124696,0.005390137899667025,,
1782056986.143209,train,18,9950,0.00016341589724697364,0.20727702975273132,0.11431902647018433,0.2160186767578125,0.07756555825471878,0.0017055468633770943,0.004841956775635481,,
1782056995.5699537,train,18,10000,0.00016340815012461768,0.3253243565559387,0.21205469965934753,0.30661383271217346,0.07287148386240005,0.0018045721808448434,0.005335350055247545,,
1782057005.0308094,train,18,10050,0.00016340040236575415,0.24055272340774536,0.14342395961284637,0.23709240555763245,0.07548940926790237,0.001109520671889186,0.006718902382999659,,
1782057014.5633657,train,18,10100,0.00016339265397046095,0.2187248319387436,0.11797568202018738,0.2571038007736206,0.07268962264060974,0.0012838130351155996,0.008017084561288357,,
1782057024.0746973,train,18,10150,0.00016338490493881567,0.36570975184440613,0.2464219629764557,0.345023512840271,0.06574882566928864,0.0015749753220006824,0.005542285740375519,,
1782057033.5985167,train,18,10200,0.0001633771552708963,0.29228466749191284,0.19533002376556396,0.24015823006629944,0.07351868599653244,0.0015576003352180123,0.0057663945481181145,,
1782057043.0651484,train,18,10250,0.00016336940496678066,0.21259108185768127,0.12246664613485336,0.21666580438613892,0.07161438465118408,0.0015079609584063292,0.009792042896151543,,
1782057052.5745602,train,18,10300,0.00016336165402654638,0.29798534512519836,0.1873769313097,0.286266952753067,0.0778089314699173,0.0013722121948376298,0.006869265343993902,,
1782057062.0116427,train,18,10350,0.00016335390245027145,0.2574704587459564,0.15138129889965057,0.2925381064414978,0.06566045433282852,0.0012440572027117014,0.006799884606152773,,
1782057071.558294,train,18,10400,0.00016334615023803353,0.31384074687957764,0.20607255399227142,0.2875584363937378,0.07153056561946869,0.0011331947753205895,0.005165335722267628,,
1782057081.0912929,train,18,10450,0.0001633383973899105,0.4021437466144562,0.2933109700679779,0.29461658000946045,0.07011397182941437,0.0012164440704509616,0.005523350089788437,,
1782057090.6038325,train,18,10500,0.0001633306439059801,0.319353312253952,0.2162620574235916,0.26275092363357544,0.07450680434703827,0.0015011717332527041,0.00854008924216032,,
1782057100.1036205,train,18,10550,0.0001633228897863203,0.1835508644580841,0.10071685910224915,0.19853952527046204,0.06621576845645905,0.0009126044460572302,0.005754061508923769,,
1782057109.671617,train,18,10600,0.00016331513503100887,0.23295122385025024,0.1470254808664322,0.2096390575170517,0.06677979975938797,0.0012607895769178867,0.007507277652621269,,
1782057119.1390078,train,18,10650,0.0001633073796401237,0.3995387554168701,0.26340797543525696,0.40613725781440735,0.06892592459917068,0.0013351970119401813,0.005302769131958485,,
1782057128.6740742,train,18,10700,0.00016329962361374254,0.260057270526886,0.1444246619939804,0.33020684123039246,0.06569601595401764,0.002329127164557576,0.006334151607006788,,
1782057138.1550539,train,18,10750,0.00016329186695194348,0.2176433950662613,0.13270039856433868,0.19763049483299255,0.07081793993711472,0.001264113001525402,0.0065379696898162365,,
1782057147.7067406,train,18,10800,0.00016328410965480404,0.21439388394355774,0.12205766141414642,0.23757091164588928,0.06566785275936127,0.001095589599572122,0.004905575420707464,,
1782057157.1504786,train,18,10850,0.00016327635172240222,0.334795206785202,0.19983544945716858,0.3924823999404907,0.07334144413471222,0.0016843498451635242,0.008317246101796627,,
1782057166.7465823,train,18,10900,0.00016326859315481617,0.2644030749797821,0.1617349535226822,0.2661719024181366,0.07191407680511475,0.0016811838140711188,0.00917856302112341,,
1782057176.2865334,train,18,10950,0.00016326083395212335,0.23420754075050354,0.14004923403263092,0.23236560821533203,0.07189726829528809,0.0011827696580439806,0.006235361564904451,,
1782057185.8216987,train,18,11000,0.00016325307411440196,0.3596198856830597,0.24041855335235596,0.3343745172023773,0.07096295058727264,0.0012621713103726506,0.00854636449366808,,
1782057195.328453,train,18,11050,0.00016324531364172965,0.2558833062648773,0.14120443165302277,0.30299845337867737,0.07755483686923981,0.0015185428783297539,0.008158348500728607,,
1782057204.8858917,train,18,11100,0.00016323755253418447,0.5009669661521912,0.3464927673339844,0.4667012393474579,0.07529977709054947,0.0014898235676810145,0.008059095591306686,,
1782057214.49877,train,18,11150,0.0001632297907918443,0.4091666042804718,0.2908850908279419,0.330373078584671,0.0711376890540123,0.0011940321419388056,0.0068575600162148476,,
1782057224.060648,train,18,11200,0.0001632220284147871,0.19668303430080414,0.10756088048219681,0.22329789400100708,0.06619343161582947,0.002009536838158965,0.009191273711621761,,
1782057233.5153596,train,18,11250,0.0001632142654030908,0.2289179414510727,0.1281009316444397,0.24686655402183533,0.07792462408542633,0.001380613655783236,0.0069574397057294846,,
1782057242.9919486,train,18,11300,0.00016320650175683334,0.2802678346633911,0.17190837860107422,0.2898590862751007,0.07148323208093643,0.001530719455331564,0.006711916998028755,,
1782057252.5461864,train,18,11350,0.00016319873747609246,0.35742396116256714,0.22583535313606262,0.3800051808357239,0.07286208122968674,0.001562564866617322,0.010340705513954163,,
1782057262.0712337,train,18,11400,0.00016319097256094623,0.19541367888450623,0.10587754100561142,0.21308915317058563,0.07223091274499893,0.0014840527437627316,0.00657432246953249,,
1782057271.6238165,train,18,11450,0.00016318320701147265,0.2506050765514374,0.15744952857494354,0.22264699637889862,0.0747576579451561,0.001149744144640863,0.006364676170051098,,
1782057281.1219597,train,18,11500,0.00016317544082774952,0.22361820936203003,0.14276885986328125,0.16092154383659363,0.08103568106889725,0.0010112137533724308,0.0057175662368535995,,
1782057290.6355472,train,18,11550,0.0001631676740098549,0.34243470430374146,0.23752780258655548,0.2757844030857086,0.07168199121952057,0.0011979095870628953,0.004462345503270626,,
1782057300.1593769,train,18,11600,0.0001631599065578668,0.28386497497558594,0.17414917051792145,0.28802281618118286,0.07518155127763748,0.0011931650806218386,0.005897157825529575,,
1782057309.560889,train,18,11650,0.00016315213847186325,0.17892305552959442,0.10211244225502014,0.1739044338464737,0.0664614737033844,0.0010376907885074615,0.007484647445380688,,
1782057319.040357,train,18,11700,0.00016314436975192206,0.3838229775428772,0.24604545533657074,0.3949161171913147,0.07780325412750244,0.0014685775386169553,0.009087917394936085,,
1782057328.5798266,train,18,11750,0.00016313660039812128,0.2318650782108307,0.13865108788013458,0.24076569080352783,0.0657985657453537,0.001232942333444953,0.007076801732182503,,
1782057338.129942,train,18,11800,0.00016312883041053888,0.24508675932884216,0.14490416646003723,0.25866833329200745,0.07077743113040924,0.0012681334046646953,0.006970141548663378,,
1782057347.5424707,train,18,11850,0.00016312105978925285,0.274309366941452,0.1650584489107132,0.303073525428772,0.06659805029630661,0.00183508126065135,0.005164242349565029,,
1782057357.1192229,train,18,11900,0.00016311328853434122,0.1868792027235031,0.09230735152959824,0.24381248652935028,0.0670025423169136,0.0011746753007173538,0.007992592640221119,,
1782057366.618307,train,18,11950,0.000163105516645882,0.21559862792491913,0.12428747862577438,0.22901755571365356,0.06790433824062347,0.001045841141603887,0.0061485948972404,,
1782057376.0780575,train,18,12000,0.00016309774412395325,0.20020455121994019,0.11333337426185608,0.2141510546207428,0.06641074270009995,0.0012803958961740136,0.0052983746863901615,,
1782057385.5680265,train,18,12050,0.00016308997096863302,0.22599171102046967,0.11533479392528534,0.3146835267543793,0.0635865107178688,0.00192786764819175,0.005154692102223635,,
1782057395.0581038,train,18,12100,0.0001630821971799993,0.19421936571598053,0.11273598670959473,0.1820487231016159,0.07174508273601532,0.0009865862084552646,0.0070714992471039295,,
1782057404.516372,train,18,12150,0.00016307442275812986,0.2867076098918915,0.1698736846446991,0.32555338740348816,0.0705203115940094,0.0018540371675044298,0.006670292932540178,,
1782057414.0393424,train,18,12200,0.00016306664770310313,0.3565974235534668,0.23165637254714966,0.35971832275390625,0.06957642734050751,0.0022325662430375814,0.00819349754601717,,
1782057423.6023912,train,18,12250,0.00016305887201499688,0.22806262969970703,0.11707881838083267,0.30157706141471863,0.07079069316387177,0.001941918977536261,0.0066786822862923145,,
1782057433.1360514,train,18,12300,0.0001630510956938895,0.16053062677383423,0.08102530986070633,0.18325527012348175,0.0671084001660347,0.0013730248901993036,0.008996270596981049,,
1782057442.5982394,train,18,12350,0.00016304331873985865,0.1633470505475998,0.07307770848274231,0.2194696068763733,0.0705827996134758,0.0011053466005250812,0.005410777870565653,,
1782057452.053969,train,18,12400,0.0001630355411529826,0.19676493108272552,0.1161983534693718,0.19109609723091125,0.06540623307228088,0.0008944387664087117,0.0063714985735714436,,
1782057461.489769,train,18,12450,0.00016302776293333947,0.2726329565048218,0.17395523190498352,0.24413157999515533,0.07495580613613129,0.0016693643992766738,0.0056295208632946014,,
1782057470.919217,train,18,12500,0.00016301998408100725,0.2667860984802246,0.17007511854171753,0.2325746864080429,0.07685386389493942,0.0014038188382983208,0.005750776268541813,,
1782057480.3356311,train,18,12550,0.00016301220459606408,0.297452449798584,0.1911287009716034,0.2777714729309082,0.07345248758792877,0.0015465861652046442,0.007620345335453749,,
1782057489.8583589,train,18,12600,0.0001630044244785879,0.17728295922279358,0.10492860525846481,0.15321779251098633,0.06786853075027466,0.0011563420994207263,0.006316228769719601,,
1782057499.3413663,train,18,12650,0.0001629966437286571,0.20868565142154694,0.10545041412115097,0.2845675051212311,0.06390999257564545,0.0013835520949214697,0.0063956305384635925,,
1782057508.8353317,train,18,12700,0.00016298886234634958,0.30963531136512756,0.18447154760360718,0.36012569069862366,0.06987703591585159,0.0019384768093004823,0.006945890840142965,,
1782057518.262497,train,18,12750,0.00016298108033174349,0.39770442247390747,0.2889605164527893,0.30291464924812317,0.06580932438373566,0.0011059654643759131,0.009032216854393482,,
1782057527.7943654,train,18,12800,0.00016297329768491693,0.2641600966453552,0.16435237228870392,0.25300803780555725,0.07284659147262573,0.0013240708503872156,0.006993231829255819,,
1782057537.2282724,train,18,12850,0.00016296551440594806,0.2701410949230194,0.15831327438354492,0.2958902418613434,0.07537943124771118,0.0016556247137486935,0.0090654781088233,,
1782057546.7595541,train,18,12900,0.00016295773049491486,0.21585744619369507,0.11722727119922638,0.25879931449890137,0.06759223341941833,0.0013422954361885786,0.007381093222647905,,
1782057556.2621267,train,18,12950,0.0001629499459518957,0.31915634870529175,0.2104908674955368,0.2927725613117218,0.07051943987607956,0.0021260513458400965,0.009410491213202477,,
1782057565.9808307,train,18,13000,0.00016294216077696855,0.17421051859855652,0.09616418927907944,0.1722133606672287,0.06970799714326859,0.0013899736804887652,0.007243254221975803,,
1782057575.4917967,train,18,13050,0.00016293437497021183,0.21009080111980438,0.11872199922800064,0.23278917372226715,0.06615210324525833,0.0009545774082653224,0.004684131592512131,,
1782057701.9437726,val,18,,,0.310432663872533,0.19176859570766136,0.325163447735975,0.07445500332196517,0.0014570546347848312,0.007116725065041139,,
1782057712.3491907,train,19,50,0.00016292425247697105,0.2571151554584503,0.15709327161312103,0.2656654417514801,0.06702367961406708,0.0009365680743940175,0.007736898493021727,,
1782057721.8319585,train,19,100,0.00016291646521730252,0.27525803446769714,0.16793660819530487,0.2863163352012634,0.07112143188714981,0.001816128147765994,0.0069715785793960094,,
1782057731.311151,train,19,150,0.00016290867732606204,0.2344999462366104,0.14223617315292358,0.23524005711078644,0.06669403612613678,0.0010674265213310719,0.005042640957981348,,
1782057740.753373,train,19,200,0.00016290088880332792,0.21555863320827484,0.13303978741168976,0.20148594677448273,0.06411585211753845,0.0008943157154135406,0.006357601843774319,,
1782057750.1322906,train,19,250,0.0001628930996491784,0.22281596064567566,0.130079984664917,0.24019774794578552,0.0651521235704422,0.0011047731386497617,0.005757369101047516,,
1782057759.5993223,train,19,300,0.00016288530986369152,0.2026168256998062,0.10768140852451324,0.23510980606079102,0.07209362834692001,0.00111151032615453,0.006306860130280256,,
1782057768.9955218,train,19,350,0.00016287751944694552,0.22936280071735382,0.12912361323833466,0.2549406886100769,0.07274021953344345,0.0013389933155849576,0.006424607243388891,,
1782057778.4435093,train,19,400,0.0001628697283990186,0.18115170300006866,0.1034170389175415,0.16830085217952728,0.07103601098060608,0.001414451515302062,0.008601686917245388,,
1782057787.8772762,train,19,450,0.00016286193671998905,0.23324473202228546,0.14519797265529633,0.21808883547782898,0.06668173521757126,0.0018368264427408576,0.00866832584142685,,
1782057797.3232715,train,19,500,0.00016285414440993506,0.1551939696073532,0.0729953721165657,0.19340674579143524,0.06750351190567017,0.0009515195270068944,0.0071419100277125835,,
1782057806.8184052,train,19,550,0.00016284635146893487,0.26528823375701904,0.15102392435073853,0.31415075063705444,0.0711561068892479,0.0014856477500870824,0.00723419850692153,,
1782057816.2354257,train,19,600,0.0001628385578970668,0.21203860640525818,0.11901520192623138,0.24286633729934692,0.06437943130731583,0.0011710651451721787,0.008650874719023705,,
1782057825.7301955,train,19,650,0.00016283076369440883,0.3650563061237335,0.24726931750774384,0.32517656683921814,0.07273142039775848,0.0012714496115222573,0.008323019370436668,,
1782057835.2618194,train,19,700,0.00016282296886103932,0.3095870614051819,0.20000383257865906,0.2985903024673462,0.06962165236473083,0.0012481868034228683,0.007982279174029827,,
1782057844.7340512,train,19,750,0.00016281517339703666,0.2020050585269928,0.114768847823143,0.21134403347969055,0.06852994114160538,0.0013522360241040587,0.0071304780431091785,,
1782057854.2452133,train,19,800,0.00016280737730247879,0.3244577944278717,0.19342635571956635,0.3727494776248932,0.07509155571460724,0.0029829218983650208,0.01011918019503355,,
1782057863.7464662,train,19,850,0.00016279958057744418,0.20470339059829712,0.11421297490596771,0.2331208884716034,0.06417439877986908,0.0012299302034080029,0.00893948134034872,,
1782057873.2335474,train,19,900,0.000162791783222011,0.2741200029850006,0.1810632050037384,0.24524034559726715,0.06328590214252472,0.0010376344434916973,0.006076321937143803,,
1782057882.7724428,train,19,950,0.00016278398523625757,0.3040998876094818,0.19648706912994385,0.3002074658870697,0.06489631533622742,0.0011281464248895645,0.007433797232806683,,
1782057892.241101,train,19,1000,0.00016277618662026235,0.23583468794822693,0.11577516794204712,0.31539392471313477,0.08208654075860977,0.0016777821583673358,0.011124154552817345,,
1782057901.6628945,train,19,1050,0.0001627683873741034,0.22421449422836304,0.1350424885749817,0.21510855853557587,0.07056077569723129,0.001144746202044189,0.007752287667244673,,
1782057911.0908623,train,19,1100,0.00016276058749785914,0.2713143229484558,0.1742178201675415,0.24181868135929108,0.07298529893159866,0.0014919687528163195,0.007615948095917702,,
1782057920.5941982,train,19,1150,0.0001627527869916076,0.2501513659954071,0.1577380895614624,0.2395905703306198,0.06467550247907639,0.001778605510480702,0.008265883661806583,,
1782057930.1400647,train,19,1200,0.00016274498585542742,0.2195584625005722,0.13067997992038727,0.22349165380001068,0.0657823383808136,0.0011439307127147913,0.007668665144592524,,
1782057939.6233947,train,19,1250,0.00016273718408939684,0.2389666587114334,0.13177022337913513,0.2778865098953247,0.07512864470481873,0.0016048458637669683,0.007395798806101084,,
1782057949.0705647,train,19,1300,0.00016272938169359404,0.18952934443950653,0.09054428339004517,0.25214970111846924,0.0716363936662674,0.0012943963520228863,0.0083739273250103,,
1782057958.630549,train,19,1350,0.00016272157866809736,0.3103744685649872,0.2125229686498642,0.2562788128852844,0.06730447709560394,0.0012953896075487137,0.006275768857449293,,
1782057968.1490436,train,19,1400,0.00016271377501298512,0.2795596420764923,0.18674685060977936,0.22270356118679047,0.07398499548435211,0.0014440439408645034,0.008324142545461655,,
1782057977.5593657,train,19,1450,0.00016270597072833582,0.2933388352394104,0.1858900487422943,0.29243969917297363,0.06841261684894562,0.0013256669044494629,0.00840760674327612,,
1782057987.0349321,train,19,1500,0.00016269816581422758,0.2867596745491028,0.19135427474975586,0.24740341305732727,0.06685929000377655,0.0012489957734942436,0.006691934075206518,,
1782057996.5560393,train,19,1550,0.00016269036027073878,0.23775379359722137,0.13949774205684662,0.27085065841674805,0.06088167801499367,0.001025470206514001,0.006379296537488699,,
1782058006.0431867,train,19,1600,0.00016268255409794804,0.20720398426055908,0.11793619394302368,0.20479904115200043,0.07585447281599045,0.001407829113304615,0.00631874892860651,,
1782058015.5237892,train,19,1650,0.0001626747472959335,0.34161287546157837,0.24067997932434082,0.2671373784542084,0.0680282786488533,0.0013439685571938753,0.007290007546544075,,
1782058025.0233774,train,19,1700,0.00016266693986477344,0.28404709696769714,0.1911536455154419,0.2291179597377777,0.0709746703505516,0.0012661756481975317,0.007266149390488863,,
1782058034.5963461,train,19,1750,0.00016265913180454642,0.435298353433609,0.2977551817893982,0.4030825197696686,0.07326970249414444,0.0013770121149718761,0.0077349296770989895,,
1782058044.095016,train,19,1800,0.00016265132311533075,0.3039506673812866,0.20105281472206116,0.2812698185443878,0.06491870433092117,0.0012105399509891868,0.0069012269377708435,,
1782058053.549059,train,19,1850,0.00016264351379720492,0.24627888202667236,0.1521672010421753,0.24059654772281647,0.06764182448387146,0.001416362589225173,0.008377045392990112,,
1782058063.0224578,train,19,1900,0.00016263570385024708,0.19459708034992218,0.10646172612905502,0.211959570646286,0.07008405029773712,0.0010343214962631464,0.00775086460635066,,
1782058072.4380877,train,19,1950,0.00016262789327453576,0.22533287107944489,0.13659372925758362,0.22296243906021118,0.06573446094989777,0.0013129799626767635,0.005621618125587702,,
1782058081.939759,train,19,2000,0.0001626200820701495,0.42155522108078003,0.28055524826049805,0.41387632489204407,0.07471205294132233,0.0017487059812992811,0.008134571835398674,,
1782058091.5086675,train,19,2050,0.00016261227023716654,0.3236529231071472,0.22363074123859406,0.2552609443664551,0.07215476036071777,0.0012959482846781611,0.00704976636916399,,
1782058101.007118,train,19,2100,0.00016260445777566525,0.25789716839790344,0.15449555218219757,0.27234339714050293,0.070315420627594,0.0015805383445695043,0.007094682194292545,,
1782058110.4997566,train,19,2150,0.00016259664468572433,0.25242096185684204,0.15639325976371765,0.251411110162735,0.06602953374385834,0.0016016608569771051,0.008347505703568459,,
1782058120.020512,train,19,2200,0.00016258883096742193,0.16755402088165283,0.0880468487739563,0.18723978102207184,0.06516056507825851,0.0011694314889609814,0.007532052230089903,,
1782058129.5221217,train,19,2250,0.00016258101662083654,0.43662789463996887,0.32503417134284973,0.30206650495529175,0.07184786349534988,0.0015319600934162736,0.007992275059223175,,
1782058139.0946338,train,19,2300,0.00016257320164604668,0.3245050311088562,0.22125335037708282,0.2927006185054779,0.059951432049274445,0.0010081259533762932,0.00669481698423624,,
1782058148.6749165,train,19,2350,0.00016256538604313082,0.306268572807312,0.17733405530452728,0.37693336606025696,0.06910350173711777,0.0014942132402211428,0.006247337441891432,,
1782058158.0275583,train,19,2400,0.00016255756981216742,0.19141151010990143,0.09369698911905289,0.24650394916534424,0.07186447083950043,0.0015629297122359276,0.010961850173771381,,
1782058167.45044,train,19,2450,0.00016254975295323468,0.2090694010257721,0.11889086663722992,0.20774734020233154,0.07626161724328995,0.0011090099578723311,0.007169377990067005,,
1782058176.967215,train,19,2500,0.00016254193546641135,0.23422998189926147,0.13449814915657043,0.2635914981365204,0.06742639094591141,0.001207545748911798,0.005077846348285675,,
1782058186.5254097,train,19,2550,0.00016253411735177588,0.27175793051719666,0.16791082918643951,0.27573078870773315,0.06960296630859375,0.0011291069677099586,0.0061506303027272224,,
1782058196.0142655,train,19,2600,0.00016252629860940665,0.2798627018928528,0.16524763405323029,0.3058091104030609,0.07604838162660599,0.0013859992614015937,0.0065841395407915115,,
1782058205.542273,train,19,2650,0.0001625184792393821,0.1974528729915619,0.11113942414522171,0.20362234115600586,0.07050702720880508,0.0015436150133609772,0.009185156784951687,,
1782058214.9899364,train,19,2700,0.00016251065924178086,0.3847990334033966,0.27237409353256226,0.29288947582244873,0.07812829315662384,0.0013844410423189402,0.008496658876538277,,
1782058224.4371896,train,19,2750,0.00016250283861668144,0.2841023802757263,0.16877852380275726,0.31234386563301086,0.07422874122858047,0.0012349440949037671,0.006240657530725002,,
1782058233.9606636,train,19,2800,0.0001624950173641623,0.3122444450855255,0.19392147660255432,0.3302319049835205,0.07113459706306458,0.0019769167993217707,0.007465988863259554,,
1782058243.4832125,train,19,2850,0.00016248719548430187,0.2935894727706909,0.18375585973262787,0.2943771481513977,0.07227455824613571,0.0010204201098531485,0.006928398739546537,,
1782058253.0073552,train,19,2900,0.00016247937297717872,0.2375117838382721,0.140760600566864,0.24272534251213074,0.07187994569540024,0.0012986345682293177,0.0069248559884727,,
1782058262.5237534,train,19,2950,0.00016247154984287137,0.28405481576919556,0.18623565137386322,0.2455599009990692,0.07263988256454468,0.0010926300892606378,0.006685713306069374,,
1782058272.0295746,train,19,3000,0.00016246372608145836,0.18556058406829834,0.09854787588119507,0.1935824304819107,0.07692068070173264,0.0015676496550440788,0.006233956664800644,,
1782058281.5590625,train,19,3050,0.0001624559016930183,0.28989019989967346,0.1856776773929596,0.28133565187454224,0.06749243289232254,0.0013236862141638994,0.0046288319863379,,
1782058291.074208,train,19,3100,0.00016244807667762965,0.26722589135169983,0.16223818063735962,0.2777438759803772,0.07085426151752472,0.001246152212843299,0.007622134871780872,,
1782058300.632353,train,19,3150,0.00016244025103537087,0.20282205939292908,0.10764622688293457,0.2528088688850403,0.06369012594223022,0.0012855398235842586,0.007815736345946789,,
1782058310.1414943,train,19,3200,0.00016243242476632073,0.3233400583267212,0.18517740070819855,0.41546007990837097,0.06833355873823166,0.0013085798127576709,0.01060237642377615,,
1782058319.6194856,train,19,3250,0.00016242459787055776,0.21745191514492035,0.12556375563144684,0.21654053032398224,0.0752013698220253,0.0015234906459227204,0.007438677828758955,,
1782058329.135345,train,19,3300,0.00016241677034816045,0.4328470230102539,0.31087324023246765,0.3541337549686432,0.06658497452735901,0.0014789323322474957,0.007840066216886044,,
1782058338.62309,train,19,3350,0.00016240894219920728,0.28272247314453125,0.1798904687166214,0.2801080346107483,0.06540471315383911,0.0010265115415677428,0.006401278078556061,,
1782058348.1062229,train,19,3400,0.000162401113423777,0.29296985268592834,0.19760364294052124,0.2521064877510071,0.06442167609930038,0.001287879073061049,0.007251122500747442,,
1782058357.6627464,train,19,3450,0.00016239328402194812,0.21476101875305176,0.12446031719446182,0.22972936928272247,0.06550250947475433,0.0011708749225363135,0.007662768941372633,,
1782058367.2073565,train,19,3500,0.00016238545399379918,0.3191685676574707,0.21432863175868988,0.27977851033210754,0.06956959515810013,0.0011050441535189748,0.0052624354138970375,,
1782058376.6400151,train,19,3550,0.0001623776233394088,0.31791117787361145,0.2135012298822403,0.27986639738082886,0.06863606721162796,0.0012530789244920015,0.007418529596179724,,
1782058386.0762465,train,19,3600,0.00016236979205885567,0.18492411077022552,0.09427917003631592,0.22074200212955475,0.0705517902970314,0.0018355215433984995,0.006225350312888622,,
1782058395.4675658,train,19,3650,0.00016236196015221842,0.19741173088550568,0.11721809208393097,0.18298077583312988,0.06867510825395584,0.0011089257895946503,0.006137360353022814,,
1782058405.0025356,train,19,3700,0.00016235412761957544,0.3033086359500885,0.1905399113893509,0.3057025969028473,0.07239449769258499,0.0014583184383809566,0.01138063333928585,,
1782058414.494844,train,19,3750,0.00016234629446100572,0.18402554094791412,0.10083571076393127,0.20210382342338562,0.06513021886348724,0.0009874365059658885,0.006985155399888754,,
1782058424.0051734,train,19,3800,0.0001623384606765876,0.2372743934392929,0.13051967322826385,0.27569112181663513,0.07523190230131149,0.0021598960738629103,0.007447061128914356,,
1782058433.507524,train,19,3850,0.0001623306262663998,0.25644534826278687,0.16724377870559692,0.23558145761489868,0.06041104719042778,0.0010067509720101953,0.006601814646273851,,
1782058442.9635184,train,19,3900,0.00016232279123052092,0.34238412976264954,0.22115477919578552,0.33146151900291443,0.07639002054929733,0.0016893688589334488,0.009428465738892555,,
1782058452.419573,train,19,3950,0.00016231495556902968,0.37141814827919006,0.252827525138855,0.3435927927494049,0.06511782109737396,0.0013352046953514218,0.008487338200211525,,
1782058461.9752338,train,19,4000,0.00016230711928200492,0.25476402044296265,0.15660260617733002,0.25124114751815796,0.07048023492097855,0.0011102438438683748,0.008078417740762234,,
1782058471.517579,train,19,4050,0.000162299282369525,0.3023039698600769,0.18273283541202545,0.33612069487571716,0.07069217413663864,0.0019488228717818856,0.005307322833687067,,
1782058481.021888,train,19,4100,0.0001622914448316688,0.32111823558807373,0.224203959107399,0.24955689907073975,0.06882294267416,0.001135756028816104,0.005975482054054737,,
1782058490.558121,train,19,4150,0.00016228360666851476,0.31746774911880493,0.2228732705116272,0.2474660575389862,0.06518487632274628,0.00135518005117774,0.008888406679034233,,
1782058500.038794,train,19,4200,0.00016227576788014185,0.3035324513912201,0.18481923639774323,0.31598329544067383,0.07914339005947113,0.0014571530045941472,0.007402193266898394,,
1782058509.4462824,train,19,4250,0.00016226792846662851,0.3654309809207916,0.2612517774105072,0.2758462429046631,0.07018744200468063,0.001239172532223165,0.00677277147769928,,
1782058518.9217527,train,19,4300,0.0001622600884280536,0.25923940539360046,0.15004485845565796,0.27387940883636475,0.08117514103651047,0.0013713020598515868,0.010225415229797363,,
1782058528.4444597,train,19,4350,0.0001622522477644956,0.2892681062221527,0.17550092935562134,0.3084702491760254,0.07294636964797974,0.0017642645398154855,0.007266738452017307,,
1782058537.8939345,train,19,4400,0.00016224440647603336,0.46543750166893005,0.32430192828178406,0.4219360053539276,0.07101579755544662,0.0014368457486853004,0.00547915929928422,,
1782058547.3430219,train,19,4450,0.00016223656456274566,0.2545876204967499,0.1630777269601822,0.22103305160999298,0.0722542256116867,0.0012451616348698735,0.006759471260011196,,
1782058556.8594882,train,19,4500,0.0001622287220247111,0.24961985647678375,0.13880906999111176,0.3005310893058777,0.07112877070903778,0.0011361719807609916,0.006056585349142551,,
1782058566.3640947,train,19,4550,0.00016222087886200845,0.32581591606140137,0.21338093280792236,0.299882173538208,0.07449676096439362,0.002160540781915188,0.006389875430613756,,
1782058575.8488824,train,19,4600,0.00016221303507471646,0.23793718218803406,0.1384238302707672,0.2562553584575653,0.07057690620422363,0.0016105748945847154,0.008301177062094212,,
1782058585.3076222,train,19,4650,0.00016220519066291385,0.3881039619445801,0.27554959058761597,0.30071091651916504,0.07445263862609863,0.001503368024714291,0.01080587413161993,,
1782058594.747968,train,19,4700,0.00016219734562667945,0.2438364326953888,0.14871330559253693,0.23485012352466583,0.07255524396896362,0.0013297473778948188,0.007146422751247883,,
1782058604.2707705,train,19,4750,0.00016218949996609178,0.3273817300796509,0.1961093246936798,0.380997896194458,0.0717087984085083,0.0016854412388056517,0.007947487756609917,,
1782058613.8643231,train,19,4800,0.00016218165368122982,0.24491551518440247,0.15757735073566437,0.20710550248622894,0.07091496139764786,0.0010430347174406052,0.008315845392644405,,
1782058623.4393551,train,19,4850,0.00016217380677217234,0.3002249598503113,0.20469525456428528,0.2603764235973358,0.06056349352002144,0.0015384579310193658,0.007062968797981739,,
1782058632.9564435,train,19,4900,0.000162165959238998,0.4532003104686737,0.3307742476463318,0.34320205450057983,0.07300499826669693,0.001230139983817935,0.006975622847676277,,
1782058642.4994166,train,19,4950,0.00016215811108178548,0.22782368957996368,0.14040857553482056,0.21429112553596497,0.06739959865808487,0.0014254822162911296,0.005875671282410622,,
1782058651.955748,train,19,5000,0.0001621502623006138,0.2757773995399475,0.17038322985172272,0.28030383586883545,0.07031664252281189,0.0015990256797522306,0.006913134828209877,,
1782058661.3453462,train,19,5050,0.0001621424128955617,0.29934796690940857,0.19825804233551025,0.2780196964740753,0.06291107088327408,0.0012946340721100569,0.009459175169467926,,
1782058670.8856473,train,19,5100,0.00016213456286670784,0.36721348762512207,0.2594814598560333,0.28996631503105164,0.07024761289358139,0.001166518428362906,0.006085692439228296,,
1782058680.3122623,train,19,5150,0.00016212671221413114,0.22312121093273163,0.12418565899133682,0.2563413381576538,0.06944594532251358,0.0012725263368338346,0.008827936835587025,,
1782058689.8353214,train,19,5200,0.0001621188609379102,0.27070966362953186,0.15976490080356598,0.2941115200519562,0.07453776895999908,0.0014800154604017735,0.007925081998109818,,
1782058699.29878,train,19,5250,0.00016211100903812427,0.2686885893344879,0.16027867794036865,0.2942858934402466,0.06931201368570328,0.001824182108975947,0.00834885984659195,,
1782058708.7990139,train,19,5300,0.00016210315651485162,0.30290672183036804,0.19576308131217957,0.2994489073753357,0.06420132517814636,0.0018073831452056766,0.007615712936967611,,
1782058718.2915502,train,19,5350,0.0001620953033681717,0.271526038646698,0.1716836392879486,0.25819024443626404,0.0702558308839798,0.0016691330820322037,0.00665245158597827,,
1782058727.8028984,train,19,5400,0.0001620874495981627,0.25153255462646484,0.16413429379463196,0.218854621052742,0.06516364216804504,0.0010278847767040133,0.006853999104350805,,
1782058737.3033593,train,19,5450,0.0001620795952049039,0.25919315218925476,0.16991205513477325,0.21303552389144897,0.07180731743574142,0.0011856224155053496,0.009314199909567833,,
1782058746.7644284,train,19,5500,0.00016207174018847392,0.241057351231575,0.11934880912303925,0.3353158235549927,0.07533735036849976,0.0021090735681355,0.007416855543851852,,
1782058756.323604,train,19,5550,0.0001620638845489517,0.2681584656238556,0.154100239276886,0.31934159994125366,0.06825466454029083,0.0009548913803882897,0.005795530509203672,,
1782058765.7621,train,19,5600,0.00016205602828641606,0.5377306938171387,0.39830225706100464,0.41342347860336304,0.07185593992471695,0.001446088426746428,0.006121915299445391,,
1782058775.196552,train,19,5650,0.00016204817140094593,0.2315448522567749,0.1246638298034668,0.2701124846935272,0.07835821062326431,0.0017379726050421596,0.0061905416660010815,,
1782058784.6402147,train,19,5700,0.00016204031389262003,0.42039817571640015,0.25293871760368347,0.5080282688140869,0.08054734021425247,0.0017872316529974341,0.007872438058257103,,
1782058794.1460114,train,19,5750,0.00016203245576151736,0.35453179478645325,0.23118023574352264,0.3416437804698944,0.07540944963693619,0.0023588829208165407,0.006085222586989403,,
1782058803.480654,train,19,5800,0.00016202459700771673,0.4329088032245636,0.306733101606369,0.34269246459007263,0.08047916740179062,0.002629968337714672,0.00864709448069334,,
1782058812.9876356,train,19,5850,0.00016201673763129707,0.2559892535209656,0.16338731348514557,0.2358378767967224,0.06699340045452118,0.0014576381072402,0.0069737122394144535,,
1782058822.4420526,train,19,5900,0.00016200887763233724,0.3372015655040741,0.22834140062332153,0.2920278310775757,0.07150498777627945,0.0010070628486573696,0.008784398436546326,,
1782058831.9206305,train,19,5950,0.00016200101701091638,0.24757608771324158,0.13784591853618622,0.29901450872421265,0.0696539357304573,0.0014958189567551017,0.006353789009153843,,
1782058841.4464762,train,19,6000,0.0001619931557671131,0.3033013641834259,0.17622335255146027,0.364650696516037,0.07156376540660858,0.0013344347244128585,0.005122827365994453,,
1782058850.999227,train,19,6050,0.00016198529390100647,0.3547729551792145,0.24501024186611176,0.2786840498447418,0.0798645168542862,0.001594568369910121,0.007715241983532906,,
1782058860.4193313,train,19,6100,0.0001619774314126753,0.4482342302799225,0.2999550998210907,0.44772568345069885,0.07233649492263794,0.0017945850268006325,0.007181329187005758,,
1782058869.9574072,train,19,6150,0.00016196956830219863,0.21350422501564026,0.12433049082756042,0.2123478353023529,0.07182350009679794,0.0017501615220680833,0.009201576933264732,,
1782058879.4657156,train,19,6200,0.00016196170456965535,0.3577859699726105,0.2526375353336334,0.2844579517841339,0.0678023248910904,0.0013280462007969618,0.008245567791163921,,
1782058888.945063,train,19,6250,0.00016195384021512436,0.21064350008964539,0.12393006682395935,0.2133445143699646,0.06643573194742203,0.0015944276237860322,0.00787077471613884,,
1782058898.4514568,train,19,6300,0.00016194597523868452,0.24163168668746948,0.12679366767406464,0.29801931977272034,0.08034513890743256,0.0016060579800978303,0.00546833174303174,,
1782058907.8710332,train,19,6350,0.00016193810964041497,0.2317841351032257,0.13487951457500458,0.24824731051921844,0.06946621835231781,0.0010967147536575794,0.0069050551392138,,
1782058917.4189873,train,19,6400,0.00016193024342039462,0.33953094482421875,0.21380728483200073,0.35078153014183044,0.07581179589033127,0.00122367893345654,0.007400695234537125,,
1782058926.9232109,train,19,6450,0.0001619223765787023,0.36171406507492065,0.2544673681259155,0.27665871381759644,0.0759601816534996,0.00101923116017133,0.006875953637063503,,
1782058936.410639,train,19,6500,0.00016191450911541712,0.38053035736083984,0.2753952741622925,0.27037206292152405,0.07481718063354492,0.0013348901411518455,0.009745977818965912,,
1782058945.8774009,train,19,6550,0.00016190664103061806,0.2807462513446808,0.17148663103580475,0.3056689500808716,0.06544770300388336,0.0011852820171043277,0.006304160691797733,,
1782058955.3948922,train,19,6600,0.00016189877232438397,0.1988438218832016,0.1135132685303688,0.1977996826171875,0.07147504389286041,0.0014312365092337132,0.00763119338080287,,
1782058964.9302206,train,19,6650,0.00016189090299679405,0.2884713411331177,0.17954480648040771,0.30379995703697205,0.0656169131398201,0.0016809323569759727,0.006995683535933495,,
1782058974.3942726,train,19,6700,0.00016188303304792711,0.30104875564575195,0.17712296545505524,0.3567982614040375,0.06921960413455963,0.0011642808094620705,0.006491697393357754,,
1782058983.9153519,train,19,6750,0.00016187516247786207,0.2752733826637268,0.164463073015213,0.2924330234527588,0.07489413022994995,0.0025497714523226023,0.005471429321914911,,
1782058993.4375262,train,19,6800,0.0001618672912866781,0.4093937873840332,0.2845612168312073,0.36351126432418823,0.06765499711036682,0.0012727066641673446,0.008213715627789497,,
1782059002.9586432,train,19,6850,0.00016185941947445426,0.24899518489837646,0.14112882316112518,0.29148736596107483,0.06968402117490768,0.0015249239513650537,0.00844244472682476,,
1782059012.430115,train,19,6900,0.00016185154704126962,0.2197544425725937,0.11070936173200607,0.29764115810394287,0.06901615113019943,0.0012669727439060807,0.005659871734678745,,
1782059021.9184246,train,19,6950,0.0001618436739872029,0.28452807664871216,0.15604978799819946,0.3640470504760742,0.07458946853876114,0.0017177906120195985,0.007402378134429455,,
1782059031.4944775,train,19,7000,0.00016183580031233342,0.2292158156633377,0.14161130785942078,0.23074598610401154,0.05953479930758476,0.001506151631474495,0.004796925466507673,,
1782059040.994422,train,19,7050,0.00016182792601674006,0.23635990917682648,0.1505204737186432,0.20439203083515167,0.06930004805326462,0.000914092524908483,0.005486865993589163,,
1782059050.4987977,train,19,7100,0.0001618200511005018,0.17179018259048462,0.08633158355951309,0.2105388641357422,0.06537319719791412,0.001373034087009728,0.005537601187825203,,
1782059060.0525715,train,19,7150,0.00016181217556369808,0.20321786403656006,0.12174353748559952,0.19530005753040314,0.06508752703666687,0.0010554941836744547,0.006636350881308317,,
1782059069.551458,train,19,7200,0.00016180429940640747,0.3361038863658905,0.23635591566562653,0.24625584483146667,0.07618531584739685,0.000913442054297775,0.004863492213189602,,
1782059078.9861946,train,19,7250,0.00016179642262870904,0.2769821882247925,0.1702820360660553,0.2861357629299164,0.07007915526628494,0.0012663672678172588,0.007195191457867622,,
1782059088.5486598,train,19,7300,0.0001617885452306823,0.16971047222614288,0.09049700200557709,0.17816142737865448,0.06910613179206848,0.0012003716547042131,0.009631101973354816,,
1782059098.0510798,train,19,7350,0.000161780667212406,0.19545762240886688,0.11762003600597382,0.17740441858768463,0.06679423153400421,0.0008935781661421061,0.006141206249594688,,
1782059107.5877585,train,19,7400,0.0001617727885739594,0.2996056377887726,0.19420509040355682,0.2736211121082306,0.07376312464475632,0.0011370463762432337,0.005154178943485022,,
1782059117.0276833,train,19,7450,0.00016176490931542136,0.3906034231185913,0.28099095821380615,0.2927073538303375,0.07264630496501923,0.0011246647918596864,0.01027532760053873,,
1782059126.4679644,train,19,7500,0.00016175702943687127,0.21755926311016083,0.13303713500499725,0.20919473469257355,0.06429143249988556,0.0007774396799504757,0.005477387923747301,,
1782059135.9026742,train,19,7550,0.00016174914893838808,0.3182264566421509,0.22705000638961792,0.22335365414619446,0.07048527151346207,0.0009538540616631508,0.005952796433120966,,
1782059145.274259,train,19,7600,0.00016174126782005088,0.2507004737854004,0.15100470185279846,0.2519877254962921,0.07317723333835602,0.00110250327270478,0.0067667574621737,,
1782059154.9782367,train,19,7650,0.0001617333860819387,0.23062992095947266,0.1433258354663849,0.2107478529214859,0.06898664683103561,0.0012379520339891315,0.007047463674098253,,
1782059164.455539,train,19,7700,0.00016172550372413073,0.20761075615882874,0.12594880163669586,0.18183143436908722,0.07216399908065796,0.001221052254550159,0.00868163164705038,,
1782059173.902004,train,19,7750,0.00016171762074670615,0.2533586323261261,0.1619965136051178,0.23119719326496124,0.06691916286945343,0.0010323033202439547,0.006139610428363085,,
1782059183.378792,train,19,7800,0.00016170973714974417,0.3021399676799774,0.19563238322734833,0.2846743166446686,0.07041116803884506,0.0013343780301511288,0.007944825105369091,,
1782059192.9251697,train,19,7850,0.00016170185293332373,0.2296183556318283,0.14279627799987793,0.2028806358575821,0.07189144194126129,0.0015621284255757928,0.006334216333925724,,
1782059202.4054906,train,19,7900,0.00016169396809752396,0.20065802335739136,0.11851555109024048,0.19539615511894226,0.06634379923343658,0.0012153697898611426,0.009962111711502075,,
1782059211.8227715,train,19,7950,0.00016168608264242412,0.4087848663330078,0.28325021266937256,0.3714316785335541,0.0651228129863739,0.0011532926000654697,0.005243652034550905,,
1782059221.2869318,train,19,8000,0.00016167819656810338,0.22339050471782684,0.1339031159877777,0.22580942511558533,0.06573706865310669,0.0016648847376927733,0.007879209704697132,,
1782059230.7425547,train,19,8050,0.00016167030987464094,0.4545862674713135,0.3396688401699066,0.31759771704673767,0.07080800086259842,0.0011399425566196442,0.006549515761435032,,
1782059240.1863282,train,19,8100,0.00016166242256211586,0.27468937635421753,0.15970151126384735,0.30774131417274475,0.07579910755157471,0.0015296241035684943,0.007089398335665464,,
1782059249.6031563,train,19,8150,0.00016165453463060726,0.19902350008487701,0.11007097363471985,0.2146170288324356,0.07034417241811752,0.001261850236915052,0.006038733292371035,,
1782059259.1195183,train,19,8200,0.00016164664608019462,0.32337161898612976,0.20514841377735138,0.3386269211769104,0.06681059300899506,0.0016118314815685153,0.010159805417060852,,
1782059268.5513225,train,19,8250,0.00016163875691095695,0.2032235562801361,0.1174781545996666,0.19716884195804596,0.07273074239492416,0.0008781529613770545,0.005303733982145786,,
1782059277.9382243,train,19,8300,0.0001616308671229733,0.2486303746700287,0.1506415754556656,0.24376405775547028,0.07379324734210968,0.0015115552814677358,0.00747414818033576,,
1782059287.3742573,train,19,8350,0.00016162297671632305,0.24766279757022858,0.13920412957668304,0.29234638810157776,0.07047928869724274,0.0013242785353213549,0.00614014221355319,,
1782059296.908474,train,19,8400,0.00016161508569108532,0.25392720103263855,0.1474999636411667,0.2707916796207428,0.07723723351955414,0.0011069787433370948,0.005958357360213995,,
1782059306.3996203,train,19,8450,0.00016160719404733937,0.16818152368068695,0.0818396508693695,0.2074502408504486,0.06868711858987808,0.0013575471239164472,0.006467822007834911,,
1782059315.854621,train,19,8500,0.0001615993017851643,0.3348774313926697,0.23149466514587402,0.2621428668498993,0.07537918537855148,0.0015746033750474453,0.0066653164103627205,,
1782059325.303383,train,19,8550,0.00016159140890463958,0.17568062245845795,0.08866485208272934,0.19851574301719666,0.07452819496393204,0.0012273427564650774,0.006821310613304377,,
1782059334.7263746,train,19,8600,0.00016158351540584423,0.22187648713588715,0.12774658203125,0.24587903916835785,0.06503955274820328,0.0014036614447832108,0.008189860731363297,,
1782059344.194918,train,19,8650,0.0001615756212888575,0.2580433487892151,0.15359950065612793,0.2738379240036011,0.0717310681939125,0.0011882878607138991,0.008173679001629353,,
1782059353.666825,train,19,8700,0.0001615677265537588,0.36758795380592346,0.26198574900627136,0.29009151458740234,0.06595738232135773,0.001006350270472467,0.006188142579048872,,
1782059363.206603,train,19,8750,0.00016155983120062718,0.2433301955461502,0.14225220680236816,0.27044394612312317,0.06664958596229553,0.0014221008168533444,0.00605727406218648,,
1782059372.708404,train,19,8800,0.00016155193522954196,0.23546026647090912,0.15672814846038818,0.18024995923042297,0.06713809072971344,0.001006051548756659,0.005557915661484003,,
1782059382.1592104,train,19,8850,0.00016154403864058255,0.2663184702396393,0.17283275723457336,0.2383478730916977,0.06754590570926666,0.0012580826878547668,0.006556620821356773,,
1782059391.6716456,train,19,8900,0.00016153614143382802,0.34288907051086426,0.23511773347854614,0.298557311296463,0.06606137007474899,0.0010133921168744564,0.008042211644351482,,
1782059401.1712115,train,19,8950,0.0001615282436093576,0.21005861461162567,0.11813480406999588,0.23427827656269073,0.06650081276893616,0.001038287067785859,0.005864598788321018,,
1782059410.7072296,train,19,9000,0.00016152034516725078,0.20207226276397705,0.09334827214479446,0.28266388177871704,0.07581905275583267,0.001484937616623938,0.008671748451888561,,
1782059420.1869388,train,19,9050,0.0001615124461075868,0.3162868618965149,0.22242191433906555,0.2217901051044464,0.0764545127749443,0.0019017084268853068,0.007049997802823782,,
1782059429.639626,train,19,9100,0.00016150454643044476,0.212198868393898,0.12291079759597778,0.22107946872711182,0.0678163692355156,0.0011000899830833077,0.005194752011448145,,
1782059439.1609788,train,19,9150,0.00016149664613590407,0.2639424800872803,0.1808040887117386,0.19678595662117004,0.06767785549163818,0.0010297868866473436,0.009613889269530773,,
1782059448.7877443,train,19,9200,0.00016148874522404425,0.26423025131225586,0.17722536623477936,0.1895468682050705,0.07895532250404358,0.0014049980090931058,0.010485175997018814,,
1782059458.2691486,train,19,9250,0.00016148084369494437,0.21481576561927795,0.12396829575300217,0.22017230093479156,0.07134482264518738,0.0013198488159105182,0.006481873337179422,,
1782059467.7374732,train,19,9300,0.00016147294154868376,0.3391801416873932,0.22116965055465698,0.32518255710601807,0.07312904298305511,0.001503144740127027,0.008168715052306652,,
1782059477.14055,train,19,9350,0.00016146503878534173,0.2762347459793091,0.19173654913902283,0.19648633897304535,0.07057061791419983,0.0009129949612542987,0.005770750809460878,,
1782059486.6152444,train,19,9400,0.00016145713540499768,0.1766016185283661,0.09675906598567963,0.17935749888420105,0.06974168866872787,0.001323401927947998,0.01062208041548729,,
1782059496.044925,train,19,9450,0.0001614492314077309,0.18248413503170013,0.09251796454191208,0.22893688082695007,0.06525246798992157,0.0010571915190666914,0.007279846351593733,,
1782059505.5036035,train,19,9500,0.00016144132679362088,0.17601029574871063,0.09190759062767029,0.21608969569206238,0.059921521693468094,0.0011951298220083117,0.008000731468200684,,
1782059515.0142062,train,19,9550,0.00016143342156274695,0.3455065190792084,0.21751949191093445,0.35894665122032166,0.07617861777544022,0.001610591891221702,0.0064114718697965145,,
1782059524.5999854,train,19,9600,0.00016142551571518828,0.19009298086166382,0.10057936608791351,0.22858308255672455,0.06455831974744797,0.0008867254364304245,0.006067992188036442,,
1782059534.1478405,train,19,9650,0.00016141760925102424,0.22735704481601715,0.13378313183784485,0.23815205693244934,0.06780550628900528,0.0013315648538991809,0.00666026771068573,,
1782059543.6350708,train,19,9700,0.00016140970217033438,0.28791868686676025,0.16488459706306458,0.3506088852882385,0.07040633261203766,0.0017870785668492317,0.005360244307667017,,
1782059553.1340375,train,19,9750,0.00016140179447319788,0.24364139139652252,0.1464785635471344,0.2553599774837494,0.06637085229158401,0.0013739689020439982,0.007381079252809286,,
1782059562.6446056,train,19,9800,0.00016139388615969417,0.18473759293556213,0.09131217747926712,0.23134294152259827,0.0709683746099472,0.0010550288716331124,0.006366501562297344,,
1782059572.06084,train,19,9850,0.00016138597722990288,0.38253524899482727,0.24397492408752441,0.40719205141067505,0.07329408824443817,0.0011527853785082698,0.005239652004092932,,
1782059581.5872817,train,19,9900,0.00016137806768390302,0.18821127712726593,0.10367512702941895,0.1909962296485901,0.07326759397983551,0.0015329053858295083,0.005611407104879618,,
1782059591.09512,train,19,9950,0.00016137015752177425,0.17253275215625763,0.08484447002410889,0.1953067183494568,0.07736513763666153,0.0017903491389006376,0.00732456985861063,,
1782059600.543939,train,19,10000,0.0001613622467435958,0.21334709227085114,0.11788441985845566,0.24129216372966766,0.06996391713619232,0.0015766829019412398,0.0070109134539961815,,
1782059610.1470385,train,19,10050,0.0001613543353494472,0.2870238125324249,0.1683637946844101,0.34126016497612,0.06647852063179016,0.0010570231825113297,0.006049293093383312,,
1782059619.6222281,train,19,10100,0.00016134642333940786,0.3922833502292633,0.2778390049934387,0.325566828250885,0.06591387838125229,0.0009573217248544097,0.006621308159083128,,
1782059629.1548004,train,19,10150,0.00016133851071355732,0.34814023971557617,0.21714837849140167,0.38668227195739746,0.06844751536846161,0.0009753780323080719,0.0065037552267313,,
1782059638.6353786,train,19,10200,0.00016133059747197478,0.2187487781047821,0.1114313006401062,0.28158777952194214,0.07353992760181427,0.0015056590782478452,0.007010193075984716,,
1782059648.103445,train,19,10250,0.0001613226836147398,0.25258198380470276,0.15114878118038177,0.2669118046760559,0.06916414946317673,0.0012318769004195929,0.006973101291805506,,
1782059657.658507,train,19,10300,0.00016131476914193173,0.3522115647792816,0.2455621063709259,0.2881552577018738,0.06902207434177399,0.0009963972261175513,0.007905171252787113,,
1782059667.1648912,train,19,10350,0.0001613068540536301,0.3411237597465515,0.2017618715763092,0.39196524024009705,0.08224047720432281,0.0025032954290509224,0.006348580587655306,,
1782059676.5871356,train,19,10400,0.0001612989383499144,0.1690671592950821,0.08608826249837875,0.1851406693458557,0.07307152450084686,0.0015796682564541698,0.006540542934089899,,
1782059686.085398,train,19,10450,0.0001612910220308639,0.33080941438674927,0.2187778502702713,0.29510748386383057,0.07621525973081589,0.0014705181820318103,0.009370150975883007,,
1782059695.6237335,train,19,10500,0.00016128310509655824,0.22112154960632324,0.1390060931444168,0.18977637588977814,0.06910083442926407,0.0012095562415197492,0.0059105409309268,,
1782059705.0387628,train,19,10550,0.00016127518754707686,0.3142957091331482,0.2108621746301651,0.2807155251502991,0.0663047656416893,0.001022679265588522,0.006599201820790768,,
1782059714.4934328,train,19,10600,0.00016126726938249918,0.2899232804775238,0.18234878778457642,0.29178497195243835,0.06900166720151901,0.001273998524993658,0.006922364700585604,,
1782059723.9115272,train,19,10650,0.0001612593506029048,0.21525493264198303,0.12448056787252426,0.2164757251739502,0.07306794822216034,0.001214483636431396,0.009812979958951473,,
1782059733.4331906,train,19,10700,0.0001612514312083731,0.2781393826007843,0.16044798493385315,0.3189544379711151,0.07556261122226715,0.001714791520498693,0.008448501117527485,,
1782059742.915516,train,19,10750,0.0001612435111989836,0.3098283112049103,0.19785480201244354,0.30454275012016296,0.07131044566631317,0.0018260580254718661,0.007090005092322826,,
1782059752.47025,train,19,10800,0.0001612355905748159,0.3394850194454193,0.21279317140579224,0.3697894513607025,0.06810613721609116,0.0019141074735671282,0.008062275126576424,,
1782059761.90211,train,19,10850,0.00016122766933594936,0.2843937575817108,0.16404907405376434,0.3372264802455902,0.0717792958021164,0.0014842402888461947,0.005470362491905689,,
1782059771.3833585,train,19,10900,0.00016121974748246364,0.22462299466133118,0.14275537431240082,0.1967904418706894,0.0650651603937149,0.001374236773699522,0.007389708422124386,,
1782059780.9610713,train,19,10950,0.00016121182501443809,0.2962437570095062,0.19530236721038818,0.26523342728614807,0.0689191073179245,0.0017346766544505954,0.008896945044398308,,
1782059790.5360634,train,19,11000,0.00016120390193195234,0.2583365738391876,0.14519573748111725,0.3011079728603363,0.07532069832086563,0.002034851349890232,0.006491661071777344,,
1782059800.0987484,train,19,11050,0.00016119597823508592,0.2652052640914917,0.16669002175331116,0.26137933135032654,0.06611327081918716,0.0011375762987881899,0.005244111642241478,,
1782059809.6625144,train,19,11100,0.0001611880539239183,0.296252965927124,0.1897435337305069,0.2781469523906708,0.07368475198745728,0.0013032773276790977,0.007816572673618793,,
1782059819.1353877,train,19,11150,0.0001611801289985293,0.33194008469581604,0.1951362043619156,0.39169785380363464,0.07741662114858627,0.0017111200140789151,0.007207076996564865,,
1782059828.6660452,train,19,11200,0.0001611722034589982,0.4474068880081177,0.3070928454399109,0.41254591941833496,0.07406076788902283,0.0014716093428432941,0.00789104588329792,,
1782059838.147795,train,19,11250,0.00016116427730540462,0.45756226778030396,0.3328675329685211,0.36138176918029785,0.06849133223295212,0.0010360938031226397,0.007175848353654146,,
1782059847.5880191,train,19,11300,0.00016115635053782818,0.36825376749038696,0.2514205276966095,0.31951993703842163,0.07361769676208496,0.0014441058738157153,0.006413875613361597,,
1782059857.0539987,train,19,11350,0.00016114842315634835,0.20654699206352234,0.12132437527179718,0.21357735991477966,0.06346557289361954,0.0009550129761919379,0.007468651980161667,,
1782059866.5745869,train,19,11400,0.00016114049516104478,0.16449522972106934,0.08139694482088089,0.2093513458967209,0.06128057464957237,0.0012016681721433997,0.00704579520970583,,
1782059876.1665704,train,19,11450,0.00016113256655199702,0.26725277304649353,0.15826047956943512,0.29309824109077454,0.07105398178100586,0.001907358760945499,0.006197839044034481,,
1782059885.7140315,train,19,11500,0.00016112463732928463,0.20105718076229095,0.11759275943040848,0.2030799686908722,0.06507660448551178,0.0015611391281709075,0.009383740834891796,,
1782059895.2256653,train,19,11550,0.0001611167074929872,0.23224683105945587,0.1330547034740448,0.25769492983818054,0.06926719844341278,0.00134775519836694,0.005111889913678169,,
1782059904.710302,train,19,11600,0.0001611087770431844,0.3756788372993469,0.2523992955684662,0.3588227331638336,0.06686731427907944,0.0014022017130628228,0.007137294393032789,,
1782059914.2143292,train,19,11650,0.0001611008459799559,0.36338090896606445,0.24473263323307037,0.32652756571769714,0.07380787283182144,0.0011244096094742417,0.006330261472612619,,
1782059923.7384074,train,19,11700,0.0001610929143033811,0.32480525970458984,0.2137264758348465,0.29223158955574036,0.07577475905418396,0.0013351966626942158,0.008378219790756702,,
1782059933.2517226,train,19,11750,0.00016108498201353977,0.2833859920501709,0.17668265104293823,0.2965821921825409,0.06487641483545303,0.0011955663794651628,0.006203390192240477,,
1782059942.738816,train,19,11800,0.00016107704911051153,0.17877264320850372,0.08111745864152908,0.24978488683700562,0.07020515948534012,0.0010638642124831676,0.007960119284689426,,
1782059952.1870215,train,19,11850,0.00016106911559437615,0.2633957862854004,0.16746683418750763,0.24727864563465118,0.06798021495342255,0.0011918183881789446,0.009271010756492615,,
1782059961.7097468,train,19,11900,0.00016106118146521302,0.20904389023780823,0.11399111151695251,0.2367047518491745,0.07149728387594223,0.0012794206850230694,0.008508957922458649,,
1782059971.2292418,train,19,11950,0.0001610532467231019,0.23923680186271667,0.14523983001708984,0.23670515418052673,0.06939559429883957,0.0012287970166653395,0.007269434630870819,,
1782059980.7120547,train,19,12000,0.00016104531136812246,0.26396915316581726,0.15663868188858032,0.2926253080368042,0.06809662282466888,0.0012582176132127643,0.009453576989471912,,
1782059990.2102895,train,19,12050,0.00016103737540035435,0.27834993600845337,0.18569105863571167,0.23081785440444946,0.06973908096551895,0.0008488618186675012,0.006314123515039682,,
1782059999.7414172,train,19,12100,0.0001610294388198772,0.3437666594982147,0.22500790655612946,0.3076220452785492,0.08329403400421143,0.0020624541211873293,0.007678090129047632,,
1782060009.2063046,train,19,12150,0.0001610215016267705,0.25672003626823425,0.15888042747974396,0.23594912886619568,0.07741550356149673,0.0014456191565841436,0.0061353896744549274,,
1782060018.6795938,train,19,12200,0.0001610135638211142,0.41519880294799805,0.27128949761390686,0.432195246219635,0.07136191427707672,0.0017953403294086456,0.0058654784224927425,,
1782060028.0661783,train,19,12250,0.00016100562540298795,0.21759219467639923,0.11676034331321716,0.25700533390045166,0.07288471609354019,0.0013816292630508542,0.0075495317578315735,,
1782060037.5194612,train,19,12300,0.00016099768637247116,0.3809026777744293,0.2538585066795349,0.36202672123908997,0.07278221100568771,0.0014637686545029283,0.0067476206459105015,,
1782060046.9550698,train,19,12350,0.00016098974672964397,0.30461832880973816,0.20577453076839447,0.23877236247062683,0.07806140929460526,0.0012000815477222204,0.005101735237985849,,
1782060056.4465346,train,19,12400,0.00016098180647458574,0.22433054447174072,0.1406986117362976,0.20571257174015045,0.0641913115978241,0.0010813517728820443,0.006018343847244978,,
1782060065.9778502,train,19,12450,0.00016097386560737643,0.3109070360660553,0.20508195459842682,0.2879590690135956,0.0674281045794487,0.0012125500943511724,0.006152582820504904,,
1782060075.459451,train,19,12500,0.00016096592412809564,0.3893074691295624,0.27778303623199463,0.3044920265674591,0.07061240077018738,0.0009522687178105116,0.0055117979645729065,,
1782060084.9716263,train,19,12550,0.00016095798203682294,0.1572379171848297,0.07570599019527435,0.18895818293094635,0.0684002935886383,0.0009223545202985406,0.007469646632671356,,
1782060094.422244,train,19,12600,0.00016095003933363824,0.2779735326766968,0.18511532247066498,0.23787347972393036,0.06659159064292908,0.0009407101897522807,0.006017141044139862,,
1782060103.895169,train,19,12650,0.00016094209601862124,0.31746599078178406,0.21959371864795685,0.252628356218338,0.06925156712532043,0.0008938825340010226,0.005882961675524712,,
1782060113.3474832,train,19,12700,0.0001609341520918516,0.40260130167007446,0.278042197227478,0.3589780926704407,0.06931110471487045,0.0015906402841210365,0.005964125040918589,,
1782060122.8506126,train,19,12750,0.0001609262075534092,0.2676753103733063,0.15289396047592163,0.3180006444454193,0.07015129923820496,0.00205551297403872,0.0075965505093336105,,
1782060132.3559222,train,19,12800,0.00016091826240337344,0.5377309322357178,0.39913973212242126,0.4109813868999481,0.07146282494068146,0.0011447049910202622,0.006724213249981403,,
1782060141.9146762,train,19,12850,0.0001609103166418246,0.33590060472488403,0.21878071129322052,0.3370613753795624,0.06538205593824387,0.0016353653045371175,0.00829498004168272,,
1782060151.346723,train,19,12900,0.0001609023702688421,0.33969780802726746,0.2256821095943451,0.31630608439445496,0.06956354528665543,0.0015740081435069442,0.0088570024818182,,
1782060160.8265595,train,19,12950,0.00016089442328450583,0.33299657702445984,0.21632933616638184,0.33024612069129944,0.06789709627628326,0.001571859698742628,0.00827521737664938,,
1782060170.2890434,train,19,13000,0.0001608864756888955,0.19521073997020721,0.10930901765823364,0.20716065168380737,0.06787935644388199,0.001718787825666368,0.007197181228548288,,
1782060179.7784822,train,19,13050,0.00016087852748209076,0.30220499634742737,0.19123618304729462,0.3126130700111389,0.0654403418302536,0.0009536800207570195,0.00625729700550437,,
1782060306.7667322,val,19,,,0.3094583700246772,0.19133864648640403,0.3250336855775114,0.0734316095152467,0.0014549812823034611,0.007073418413684008,,
1782060317.179553,train,20,50,0.00016086819389964067,0.30276283621788025,0.17577072978019714,0.36095649003982544,0.07318570464849472,0.001601427560672164,0.007663221564143896,,
1782060326.6214247,train,20,100,0.00016086024428739188,0.23899339139461517,0.14720535278320312,0.24001894891262054,0.06336165964603424,0.001024745055474341,0.00790554378181696,,
1782060336.0736043,train,20,150,0.0001608522940642123,0.37779492139816284,0.2712738513946533,0.2917637228965759,0.06696698814630508,0.0009662251104600728,0.006107777822762728,,
1782060345.5672014,train,20,200,0.00016084434323018163,0.24465113878250122,0.13594979047775269,0.28597578406333923,0.0741032138466835,0.0015578847378492355,0.0068796430714428425,,
1782060355.0663185,train,20,250,0.00016083639178537956,0.27746111154556274,0.16548950970172882,0.29749494791030884,0.07476891577243805,0.002134185517206788,0.008292955346405506,,
1782060364.5236902,train,20,300,0.00016082843972988603,0.20691141486167908,0.1235240250825882,0.19679006934165955,0.06821201741695404,0.0008386587724089622,0.006225428078323603,,
1782060373.9869218,train,20,350,0.00016082048706378082,0.2720023989677429,0.1801472157239914,0.21989090740680695,0.07352866232395172,0.0011813245946541429,0.007731996942311525,,
1782060383.4887254,train,20,400,0.00016081253378714372,0.26569488644599915,0.16954728960990906,0.23649631440639496,0.07376185059547424,0.0014259836170822382,0.008550964295864105,,
1782060392.9501991,train,20,450,0.00016080457990005456,0.2819020748138428,0.1805524379014969,0.2621522545814514,0.07138893008232117,0.001171211595647037,0.0061539337038993835,,
1782060402.4122293,train,20,500,0.00016079662540259332,0.2527783215045929,0.1628817468881607,0.22604994475841522,0.06653331220149994,0.0011743017239496112,0.010784080252051353,,
1782060411.9556668,train,20,550,0.00016078867029483966,0.34986549615859985,0.23897519707679749,0.30255264043807983,0.07028598338365555,0.001091687474399805,0.007236759644001722,,
1782060421.4163857,train,20,600,0.00016078071457687333,0.33080145716667175,0.2218967080116272,0.3126659691333771,0.061238739639520645,0.0011889138258993626,0.005673504900187254,,
1782060430.8593693,train,20,650,0.00016077275824877464,0.21765822172164917,0.11509565263986588,0.265067458152771,0.07230301946401596,0.0014419190119951963,0.0073218694888055325,,
1782060440.3246555,train,20,700,0.00016076480131062325,0.3536214232444763,0.24062499403953552,0.3085838854312897,0.0714731216430664,0.001139149651862681,0.005698764696717262,,
1782060449.8360095,train,20,750,0.0001607568437624989,0.3539387285709381,0.2326386719942093,0.34651583433151245,0.06910431385040283,0.0011895124334841967,0.005598925985395908,,
1782060459.3318863,train,20,800,0.00016074888560448162,0.2892770767211914,0.1923525184392929,0.2560642957687378,0.06557133793830872,0.001228531007654965,0.006180166732519865,,
1782060468.8399565,train,20,850,0.0001607409268366513,0.2520863115787506,0.14867281913757324,0.26740431785583496,0.0728319063782692,0.0014645770424976945,0.009649024344980717,,
1782060478.3308022,train,20,900,0.0001607329674590878,0.19340839982032776,0.11735016852617264,0.162251278758049,0.07077205181121826,0.0010938745690509677,0.0070153092965483665,,
1782060487.775476,train,20,950,0.0001607250074718709,0.21530908346176147,0.11891478300094604,0.21982988715171814,0.08259267359972,0.0014048450393602252,0.007044640369713306,,
1782060497.1699255,train,20,1000,0.0001607170468750806,0.31455308198928833,0.19644615054130554,0.3291626572608948,0.07125303894281387,0.001897350768558681,0.0067207529209554195,,
1782060506.6758652,train,20,1050,0.0001607090856687969,0.25711941719055176,0.15982282161712646,0.25013381242752075,0.0692518949508667,0.0013721658615395427,0.006252229679375887,,
1782060516.1319327,train,20,1100,0.00016070112385309948,0.2526589035987854,0.1542561650276184,0.25962555408477783,0.06678721308708191,0.0010274976957589388,0.006395708303898573,,
1782060525.6908517,train,20,1150,0.00016069316142806845,0.36941179633140564,0.26653027534484863,0.27388131618499756,0.06860662996768951,0.0010787114733830094,0.0053991228342056274,,
1782060535.134661,train,20,1200,0.0001606851983937837,0.2615496814250946,0.1657099574804306,0.25172528624534607,0.06557401269674301,0.0012141949264332652,0.007732348050922155,,
1782060544.557348,train,20,1250,0.00016067723475032505,0.5078544616699219,0.38575300574302673,0.36056724190711975,0.0635892003774643,0.0016502895159646869,0.008362293243408203,,
1782060554.0043051,train,20,1300,0.00016066927049777268,0.24762307107448578,0.1446864753961563,0.27783510088920593,0.06667894870042801,0.0013835761928930879,0.007904663681983948,,
1782060563.467879,train,20,1350,0.0001606613056362062,0.1922597587108612,0.11044938117265701,0.17969051003456116,0.07352396100759506,0.0012576798908412457,0.006958694197237492,,
1782060572.8524456,train,20,1400,0.00016065334016570595,0.21548214554786682,0.12838779389858246,0.20133234560489655,0.073300801217556,0.001108574797399342,0.00689324177801609,,
1782060582.3475678,train,20,1450,0.00016064537408635155,0.21136915683746338,0.11156730353832245,0.26319390535354614,0.06771247088909149,0.0014714134158566594,0.009399885311722755,,
1782060591.7981129,train,20,1500,0.00016063740739822322,0.2537122070789337,0.1747978925704956,0.17168952524662018,0.07175780832767487,0.0011304204817861319,0.008244773373007774,,
1782060601.3314085,train,20,1550,0.00016062944010140085,0.15700776875019073,0.06819907575845718,0.2109280526638031,0.07190500944852829,0.0012416582321748137,0.00652198726311326,,
1782060610.8865373,train,20,1600,0.00016062147219596446,0.38117167353630066,0.23995879292488098,0.4109642207622528,0.07657821476459503,0.001827080501243472,0.007416390348225832,,
1782060620.2915633,train,20,1650,0.00016061350368199394,0.29803466796875,0.19119787216186523,0.29894953966140747,0.0639776885509491,0.0011055446229875088,0.0075925677083432674,,
1782060629.8048842,train,20,1700,0.0001606055345595694,0.29536184668540955,0.19189471006393433,0.2691601514816284,0.07214135676622391,0.001064250827766955,0.005626441910862923,,
1782060639.3153121,train,20,1750,0.00016059756482877073,0.3304596543312073,0.2104930877685547,0.3399474024772644,0.06962724030017853,0.0016609685262665153,0.007867099717259407,,
1782060648.7828362,train,20,1800,0.0001605895944896779,0.4278797507286072,0.27193546295166016,0.47791793942451477,0.07256479561328888,0.0018240570789203048,0.01054442673921585,,
1782060658.2553866,train,20,1850,0.00016058162354237092,0.17929843068122864,0.09797342121601105,0.20460008084774017,0.060138486325740814,0.0010574290063232183,0.004337286110967398,,
1782060667.6680093,train,20,1900,0.00016057365198693003,0.36737877130508423,0.2496701031923294,0.34608498215675354,0.062125686556100845,0.0012457307893782854,0.006621435284614563,,
1782060677.1421015,train,20,1950,0.0001605656798234349,0.1831984668970108,0.0840015709400177,0.2618268132209778,0.06705024838447571,0.0021507369820028543,0.008352698758244514,,
1782060686.6540258,train,20,2000,0.00016055770705196578,0.24196013808250427,0.15645864605903625,0.2044365257024765,0.06855691224336624,0.0011389785213395953,0.0077377683483064175,,
1782060696.166121,train,20,2050,0.0001605497336726025,0.3094143867492676,0.21042294800281525,0.26479506492614746,0.06527668237686157,0.0015433243243023753,0.008394493721425533,,
1782060705.6386845,train,20,2100,0.0001605417596854254,0.41291674971580505,0.2942403256893158,0.31552654504776,0.07926223427057266,0.0016364315524697304,0.007549383211880922,,
1782060715.106491,train,20,2150,0.0001605337850905145,0.36864352226257324,0.23768997192382812,0.38530030846595764,0.06889493018388748,0.0018101336900144815,0.007102825678884983,,
1782060724.5642853,train,20,2200,0.00016052580988794974,0.23059995472431183,0.13716892898082733,0.2468337118625641,0.06324267387390137,0.001012512482702732,0.009120356291532516,,
1782060734.0537775,train,20,2250,0.00016051783407781118,0.45850101113319397,0.3460488021373749,0.3087112307548523,0.07033894956111908,0.0010494573507457972,0.007579952944070101,,
1782060743.4956403,train,20,2300,0.00016050985766017875,0.22495941817760468,0.12690478563308716,0.2383134812116623,0.07669436186552048,0.0012907541822642088,0.0067940810695290565,,
1782060753.03434,train,20,2350,0.00016050188063513276,0.2915697395801544,0.1826036274433136,0.28706270456314087,0.0741439238190651,0.0012845955789089203,0.007726043462753296,,
1782060762.523549,train,20,2400,0.00016049390300275305,0.3515567481517792,0.24027876555919647,0.30520954728126526,0.06966202706098557,0.0014458555961027741,0.006814205553382635,,
1782060772.0238712,train,20,2450,0.00016048592476311993,0.3472939133644104,0.23027163743972778,0.32881325483322144,0.06941016763448715,0.0011387623380869627,0.005855230614542961,,
1782060781.574837,train,20,2500,0.0001604779459163133,0.2552209794521332,0.1634790301322937,0.2243250459432602,0.07107534259557724,0.0012302841059863567,0.009780063293874264,,
1782060791.0149736,train,20,2550,0.00016046996646241332,0.18695272505283356,0.10602858662605286,0.18328502774238586,0.06998217105865479,0.0011180468136444688,0.007754987571388483,,
1782060800.5290763,train,20,2600,0.00016046198640150012,0.4287952780723572,0.3087269961833954,0.3483864963054657,0.06563602387905121,0.001536257448606193,0.006242700386792421,,
1782060810.0281892,train,20,2650,0.0001604540057336539,0.17589029669761658,0.07580286264419556,0.24838900566101074,0.07566248625516891,0.0015892843948677182,0.008180558681488037,,
1782060819.5308874,train,20,2700,0.00016044602445895468,0.2542399764060974,0.15284143388271332,0.25786423683166504,0.07364637404680252,0.0010928246192634106,0.005144014488905668,,
1782060829.0105798,train,20,2750,0.00016043804257748247,0.2657190263271332,0.15754710137844086,0.2933655381202698,0.06946729868650436,0.0009689260041341186,0.00474895816296339,,
1782060838.440392,train,20,2800,0.00016043006008931745,0.30591854453086853,0.21062235534191132,0.24917475879192352,0.06579272449016571,0.0010611797915771604,0.007842165417969227,,
1782060847.9747975,train,20,2850,0.00016042207699453983,0.3381841778755188,0.23206782341003418,0.2944236397743225,0.06477484107017517,0.0012302350951358676,0.006532788742333651,,
1782060857.511741,train,20,2900,0.00016041409329322975,0.29564523696899414,0.179804727435112,0.33704593777656555,0.06285332888364792,0.0015236202161759138,0.006043631583452225,,
1782060867.0302749,train,20,2950,0.00016040610898546723,0.3041410744190216,0.20548944175243378,0.25182244181632996,0.07109887152910233,0.0014658370055258274,0.007612749934196472,,
1782060876.5581062,train,20,3000,0.00016039812407133252,0.22596043348312378,0.13709862530231476,0.21459928154945374,0.07020784169435501,0.0010806000791490078,0.0078577920794487,,
1782060886.130489,train,20,3050,0.00016039013855090578,0.24983343482017517,0.1568875014781952,0.22678616642951965,0.07227695733308792,0.0011093098437413573,0.005952414590865374,,
1782060895.6627207,train,20,3100,0.00016038215242426715,0.3426234722137451,0.24344009160995483,0.2649843096733093,0.06563257426023483,0.0012098992010578513,0.008162795566022396,,
1782060905.1906264,train,20,3150,0.0001603741656914967,0.3296577036380768,0.21225105226039886,0.31651830673217773,0.07632245123386383,0.001158271450549364,0.006478660739958286,,
1782060914.631644,train,20,3200,0.00016036617835267473,0.4066237807273865,0.28620094060897827,0.3518616557121277,0.06471311300992966,0.0010086540132761002,0.006345100700855255,,
1782060924.168561,train,20,3250,0.00016035819040788137,0.31855782866477966,0.20383039116859436,0.3156016767024994,0.07121013104915619,0.002219411777332425,0.007733161561191082,,
1782060933.6813662,train,20,3300,0.00016035020185719675,0.41035452485084534,0.26781612634658813,0.4235144853591919,0.07299491763114929,0.0016234004870057106,0.007227543741464615,,
1782060943.146364,train,20,3350,0.0001603422127007012,0.2957499325275421,0.19575487077236176,0.2633713185787201,0.06809130311012268,0.0010659117251634598,0.005720281973481178,,
1782060952.6144488,train,20,3400,0.0001603342229384747,0.2982301712036133,0.19945719838142395,0.26873549818992615,0.06303057819604874,0.0007377807633019984,0.004820869769901037,,
1782060962.1945221,train,20,3450,0.00016032623257059768,0.2764321267604828,0.15658776462078094,0.34333178400993347,0.06772439181804657,0.0014922699192538857,0.005923236720263958,,
1782060971.7481127,train,20,3500,0.00016031824159715036,0.2761003375053406,0.1845591813325882,0.23729413747787476,0.06412024050951004,0.001575130969285965,0.006998002529144287,,
1782060981.2289844,train,20,3550,0.00016031025001821283,0.19699139893054962,0.10935378819704056,0.20857344567775726,0.07067499309778214,0.0015675289323553443,0.005897685419768095,,
1782060990.713905,train,20,3600,0.00016030225783386523,0.36606162786483765,0.23680557310581207,0.36882808804512024,0.07377592474222183,0.001610454055480659,0.007631585467606783,,
1782061000.2380793,train,20,3650,0.000160294265044188,0.28014591336250305,0.1700572967529297,0.3002813756465912,0.06974750012159348,0.0014450951712206006,0.009854473173618317,,
1782061009.7743943,train,20,3700,0.00016028627164926137,0.30917325615882874,0.1810508519411087,0.3666929304599762,0.07256902754306793,0.0016466457163915038,0.005867707543075085,,
1782061019.2795012,train,20,3750,0.00016027827764916538,0.20678319036960602,0.10326211899518967,0.2608421742916107,0.07644432038068771,0.0008837030618451536,0.005183733534067869,,
1782061028.6695292,train,20,3800,0.00016027028304398033,0.20498599112033844,0.10470618307590485,0.2592617869377136,0.07055450230836868,0.0018711701268330216,0.006398394703865051,,
1782061038.1391497,train,20,3850,0.00016026228783378655,0.25255876779556274,0.14293250441551208,0.283540815114975,0.07719302177429199,0.0014454988995566964,0.009089870378375053,,
1782061047.6527128,train,20,3900,0.00016025429201866421,0.3646232485771179,0.2469826340675354,0.32923826575279236,0.07033415883779526,0.0016397868748754263,0.008629032410681248,,
1782061057.1643896,train,20,3950,0.0001602462955986936,0.23299995064735413,0.13908132910728455,0.2426738739013672,0.06621605902910233,0.0014212355017662048,0.005904146004468203,,
1782061066.6597068,train,20,4000,0.00016023829857395516,0.38432541489601135,0.2788531184196472,0.28961634635925293,0.06594996154308319,0.0009321978432126343,0.004967742599546909,,
1782061076.1947176,train,20,4050,0.00016023030094452885,0.23648616671562195,0.1469220668077469,0.2262829840183258,0.06572075933218002,0.0013295803219079971,0.008870516903698444,,
1782061085.6387098,train,20,4100,0.00016022230271049527,0.36863675713539124,0.23584440350532532,0.3742159903049469,0.07810594141483307,0.0018540150485932827,0.006363007239997387,,
1782061095.1222942,train,20,4150,0.00016021430387193458,0.2175784558057785,0.1081349104642868,0.2879818081855774,0.07439674437046051,0.0024972218088805676,0.007472705561667681,,
1782061104.6407366,train,20,4200,0.000160206304428927,0.1990373581647873,0.09348004311323166,0.28119730949401855,0.07019782811403275,0.0015907566994428635,0.007547704968601465,,
1782061114.0737472,train,20,4250,0.00016019830438155285,0.20308388769626617,0.11092530936002731,0.22773341834545135,0.07024169713258743,0.0010438477620482445,0.006193735636770725,,
1782061123.6026914,train,20,4300,0.00016019030372989252,0.3262229263782501,0.22170907258987427,0.28355491161346436,0.06703634560108185,0.0010697261895984411,0.006734924856573343,,
1782061133.0956888,train,20,4350,0.00016018230247402625,0.2381293624639511,0.15054437518119812,0.21131081879138947,0.06927808374166489,0.0011823878157883883,0.00572457117959857,,
1782061142.555419,train,20,4400,0.0001601743006140343,0.31167811155319214,0.21794643998146057,0.23690354824066162,0.06881660223007202,0.0009748572483658791,0.008297431282699108,,
1782061152.0231912,train,20,4450,0.00016016629814999704,0.33600181341171265,0.21152664721012115,0.3525894582271576,0.07241250574588776,0.0012155144941061735,0.006707245949655771,,
1782061161.4702187,train,20,4500,0.00016015829508199498,0.3074805736541748,0.1987583339214325,0.3064853250980377,0.06393472850322723,0.0013355724513530731,0.006305892486125231,,
1782061170.9572768,train,20,4550,0.0001601502914101083,0.31232666969299316,0.1783909946680069,0.39335981011390686,0.07085342705249786,0.0016900739865377545,0.005964349489659071,,
1782061180.4472473,train,20,4600,0.00016014228713441734,0.18243737518787384,0.09142641723155975,0.2248714566230774,0.06928885728120804,0.0014866817509755492,0.006795582827180624,,
1782061189.9349146,train,20,4650,0.00016013428225500266,0.2422592043876648,0.160744771361351,0.19818741083145142,0.06370849162340164,0.0011333510046824813,0.005313199944794178,,
1782061199.551259,train,20,4700,0.00016012627677194433,0.36373379826545715,0.23111717402935028,0.3851413428783417,0.07244090735912323,0.0011082406854256988,0.006249923259019852,,
1782061209.0288906,train,20,4750,0.0001601182706853228,0.31673792004585266,0.19214774668216705,0.34216174483299255,0.07766683399677277,0.0021634807344526052,0.008403459563851357,,
1782061218.487588,train,20,4800,0.0001601102639952184,0.2768666744232178,0.17799530923366547,0.25763434171676636,0.0685972273349762,0.0016415718710049987,0.005518620368093252,,
1782061228.0503721,train,20,4850,0.00016010225670171156,0.26277220249176025,0.15071693062782288,0.3105301558971405,0.06850437074899673,0.0017052689800038934,0.005899130832403898,,
1782061237.5251834,train,20,4900,0.00016009424880488273,0.33374544978141785,0.21970926225185394,0.32480698823928833,0.065413698554039,0.0012759332312271,0.006274825427681208,,
1782061247.0191221,train,20,4950,0.00016008624030481214,0.22190655767917633,0.13545431196689606,0.20183663070201874,0.07167398184537888,0.0015608539106324315,0.007887931540608406,,
1782061256.4874723,train,20,5000,0.0001600782312015803,0.2667774558067322,0.15492141246795654,0.31364724040031433,0.06661965698003769,0.0013439948670566082,0.007348075043410063,,
1782061265.9630144,train,20,5050,0.0001600702214952676,0.21310564875602722,0.12508463859558105,0.20672449469566345,0.07243859022855759,0.0012058152351528406,0.00621773162856698,,
1782061275.5610561,train,20,5100,0.00016006221118595434,0.2322399914264679,0.1243690475821495,0.27744102478027344,0.07667127251625061,0.0017504231072962284,0.004203712102025747,,
1782061285.0828295,train,20,5150,0.00016005420027372105,0.2700458765029907,0.17344751954078674,0.2442951202392578,0.07065217941999435,0.0019848106894642115,0.009211085736751556,,
1782061294.6157687,train,20,5200,0.00016004618875864812,0.3877708911895752,0.2680496573448181,0.335007905960083,0.0716918557882309,0.0012333514168858528,0.00510006956756115,,
1782061304.1567178,train,20,5250,0.0001600381766408158,0.23257321119308472,0.1324908286333084,0.2527111768722534,0.07354199886322021,0.0013358277501538396,0.006891860626637936,,
1782061313.575667,train,20,5300,0.0001600301639203047,0.29551962018013,0.19062009453773499,0.274495005607605,0.07232744246721268,0.0011206817580386996,0.009713146835565567,,
1782061323.0747206,train,20,5350,0.00016002215059719528,0.3429425358772278,0.2190495729446411,0.3426705300807953,0.07613208144903183,0.0015928533393889666,0.005812112241983414,,
1782061332.6102998,train,20,5400,0.00016001413667156782,0.26913657784461975,0.16812202334403992,0.26110029220581055,0.07130809128284454,0.0008544489974156022,0.005686184391379356,,
1782061342.1010675,train,20,5450,0.00016000612214350294,0.17070400714874268,0.09576529264450073,0.16705574095249176,0.06612338125705719,0.001131010358221829,0.007015470415353775,,
1782061351.6196477,train,20,5500,0.00015999810701308113,0.20250540971755981,0.11573222279548645,0.19896645843982697,0.0738355964422226,0.0011377785122022033,0.004795244429260492,,
1782061361.1074,train,20,5550,0.00015999009128038255,0.2117413580417633,0.10860204696655273,0.27294400334358215,0.0695343166589737,0.0013616678770631552,0.0072045098058879375,,
1782061370.5755577,train,20,5600,0.00015998207494548794,0.2933582663536072,0.1965651959180832,0.271506667137146,0.05759001523256302,0.0012140959734097123,0.007284186780452728,,
1782061380.186042,train,20,5650,0.00015997405800847762,0.30585771799087524,0.19703646004199982,0.28934934735298157,0.07275514304637909,0.0010633997153490782,0.006463163066655397,,
1782061389.7185628,train,20,5700,0.00015996604046943216,0.2756100594997406,0.17669451236724854,0.25963306427001953,0.06773083657026291,0.0014185620239004493,0.005358362104743719,,
1782061399.151482,train,20,5750,0.00015995802232843197,0.23776191473007202,0.13846178352832794,0.25027668476104736,0.07323412597179413,0.0011390523286536336,0.006863545160740614,,
1782061408.659561,train,20,5800,0.0001599500035855577,0.19536904990673065,0.11247172951698303,0.2065388560295105,0.06226441264152527,0.0013039973564445972,0.008091283030807972,,
1782061418.1384442,train,20,5850,0.00015994198424088956,0.336498886346817,0.2278260737657547,0.3008446991443634,0.06661469489336014,0.0015429117484018207,0.009923635981976986,,
1782061427.6424186,train,20,5900,0.0001599339642945083,0.33990541100502014,0.20243623852729797,0.40953266620635986,0.06979484856128693,0.0018858342664316297,0.007904889062047005,,
1782061437.104946,train,20,5950,0.0001599259437464944,0.27765825390815735,0.1624617874622345,0.31097593903541565,0.07460716366767883,0.001489219255745411,0.005092637613415718,,
1782061446.647558,train,20,6000,0.00015991792259692825,0.203097403049469,0.10916022211313248,0.24276494979858398,0.06627625226974487,0.0010782269528135657,0.0067169335670769215,,
1782061456.0723987,train,20,6050,0.00015990990084589036,0.4463498294353485,0.3100378215312958,0.3909991681575775,0.07687126845121384,0.0012656268663704395,0.005430528428405523,,
1782061465.5305643,train,20,6100,0.00015990187849346132,0.20692530274391174,0.11953777074813843,0.21281196177005768,0.06813053041696548,0.0011928473832085729,0.0056420061737298965,,
1782061474.998654,train,20,6150,0.00015989385553972168,0.1348908394575119,0.06355024874210358,0.15014825761318207,0.06739630550146103,0.0010536242043599486,0.006925281137228012,,
1782061484.440597,train,20,6200,0.00015988583198475197,0.2505626380443573,0.1401992291212082,0.2741555869579315,0.08332391083240509,0.0016258185496553779,0.008453079499304295,,
1782061493.9573274,train,20,6250,0.00015987780782863257,0.3137689530849457,0.2012542486190796,0.30271026492118835,0.07329966127872467,0.001873098430223763,0.008205843158066273,,
1782061503.4234805,train,20,6300,0.00015986978307144431,0.3471963703632355,0.2538444697856903,0.24651674926280975,0.06317219883203506,0.0013662033015862107,0.00681863771751523,,
1782061512.9186978,train,20,6350,0.0001598617577132677,0.1946438103914261,0.10837256163358688,0.1965990513563156,0.07401276379823685,0.0011511074844747782,0.0072307465597987175,,
1782061522.3554454,train,20,6400,0.0001598537317541831,0.34902483224868774,0.2155652493238449,0.3886854946613312,0.07230453193187714,0.0013593370094895363,0.00943763181567192,,
1782061531.931231,train,20,6450,0.0001598457051942713,0.2655397653579712,0.17031900584697723,0.2411331832408905,0.06972930580377579,0.0007281899452209473,0.006064016371965408,,
1782061541.4628503,train,20,6500,0.00015983767803361265,0.30724865198135376,0.1988757997751236,0.2950561046600342,0.06890113651752472,0.0015829209005460143,0.0080111688002944,,
1782061551.0116882,train,20,6550,0.00015982965027228768,0.21294057369232178,0.12309881299734116,0.21692194044589996,0.07099378108978271,0.001143743866123259,0.00527244433760643,,
1782061560.5383575,train,20,6600,0.00015982162191037735,0.37687551975250244,0.25755009055137634,0.3300333321094513,0.07338758558034897,0.001233191811479628,0.0077631534077227116,,
1782061570.0707927,train,20,6650,0.00015981359294796189,0.2619185447692871,0.1662130057811737,0.24463552236557007,0.06891623884439468,0.0008853047038428485,0.005959793925285339,,
1782061579.7233582,train,20,6700,0.00015980556338512203,0.21587668359279633,0.11670438945293427,0.2527894675731659,0.07168690860271454,0.0013147618155926466,0.008796957321465015,,
1782061589.2578392,train,20,6750,0.0001597975332219385,0.32090190052986145,0.21798086166381836,0.2866363525390625,0.06230824068188667,0.0010782059980556369,0.007868022657930851,,
1782061598.7816968,train,20,6800,0.00015978950245849172,0.28066784143447876,0.1714250147342682,0.296284019947052,0.07004037499427795,0.0015162393683567643,0.005935159511864185,,
1782061608.2581725,train,20,6850,0.00015978147109486235,0.2778063416481018,0.16909906268119812,0.29798805713653564,0.06819682568311691,0.0011185177136212587,0.006886507850140333,,
1782061617.8067358,train,20,6900,0.0001597734391311311,0.276101291179657,0.17365525662899017,0.26985079050064087,0.06970203667879105,0.0013231647899374366,0.006515735760331154,,
1782061627.351195,train,20,6950,0.0001597654065673785,0.38411375880241394,0.28521865606307983,0.2571694254875183,0.06902695447206497,0.0008924877620302141,0.0068710180930793285,,
1782061636.8873188,train,20,7000,0.0001597573734036853,0.22001270949840546,0.13899031281471252,0.17924249172210693,0.07223411649465561,0.0009470967343077064,0.005407331977039576,,
1782061646.3045819,train,20,7050,0.000159749339640132,0.3807075023651123,0.267395943403244,0.32479023933410645,0.06393022835254669,0.001488937414251268,0.008558608591556549,,
1782061655.7354336,train,20,7100,0.00015974130527679934,0.505501925945282,0.37923768162727356,0.36875781416893005,0.06797725707292557,0.0008612736710347235,0.0065316990949213505,,
1782061665.331205,train,20,7150,0.00015973327031376788,0.3340146541595459,0.22459527850151062,0.3002203702926636,0.06846464425325394,0.0013195736100897193,0.005206569097936153,,
1782061674.8927424,train,20,7200,0.00015972523475111844,0.29078519344329834,0.1823379248380661,0.2839338183403015,0.07458946108818054,0.0016909852856770158,0.007724212948232889,,
1782061684.4449577,train,20,7250,0.0001597171985889314,0.22167125344276428,0.15396150946617126,0.13662001490592957,0.06690789014101028,0.001007902785204351,0.005956434179097414,,
1782061693.9305973,train,20,7300,0.0001597091618272876,0.2583683133125305,0.1555122286081314,0.2664308249950409,0.07215411216020584,0.0017133601941168308,0.00872827135026455,,
1782061703.442045,train,20,7350,0.00015970112446626777,0.20929060876369476,0.10623233765363693,0.2675199508666992,0.07204991579055786,0.0015332336770370603,0.009493657387793064,,
1782061712.902502,train,20,7400,0.00015969308650595277,0.2213895320892334,0.11593744903802872,0.2608911693096161,0.08003995567560196,0.002093111863359809,0.007807111833244562,,
1782061722.4132006,train,20,7450,0.00015968504794642294,0.18173982203006744,0.09734312444925308,0.20260515809059143,0.06727726012468338,0.0010678810067474842,0.00611092196777463,,
1782061731.9425867,train,20,7500,0.000159677008787759,0.31158629059791565,0.21162134408950806,0.2597216069698334,0.06981053948402405,0.0012924937764182687,0.009296836331486702,,
1782061741.499478,train,20,7550,0.00015966896903004185,0.2383386343717575,0.12754198908805847,0.29394611716270447,0.07432528585195541,0.0014745518565177917,0.008721851743757725,,
1782061750.9625752,train,20,7600,0.00015966092867335206,0.20683059096336365,0.1123855784535408,0.23851396143436432,0.06939417868852615,0.0011943221325054765,0.0065352399833500385,,
1782061760.4593127,train,20,7650,0.00015965288771777023,0.3226616084575653,0.2009524703025818,0.3442477583885193,0.07097404450178146,0.0016014960128813982,0.005349062383174896,,
1782061769.9424272,train,20,7700,0.00015964484616337729,0.28683507442474365,0.17227818071842194,0.31223613023757935,0.07265768945217133,0.0016901034396141768,0.006790050771087408,,
1782061779.347404,train,20,7750,0.00015963680401025402,0.403973251581192,0.29608091711997986,0.30460289120674133,0.0632617175579071,0.0011077683884650469,0.00785154104232788,,
1782061788.9149463,train,20,7800,0.00015962876125848093,0.20225150883197784,0.12564170360565186,0.17574697732925415,0.06516075134277344,0.0009268265566788614,0.008975413627922535,,
1782061798.5141988,train,20,7850,0.00015962071790813875,0.2514103353023529,0.14231561124324799,0.2958589792251587,0.06986194849014282,0.001989767188206315,0.005862768739461899,,
1782061807.9299643,train,20,7900,0.00015961267395930837,0.2965044379234314,0.18188445270061493,0.31471872329711914,0.07158636301755905,0.001471134601160884,0.005744956433773041,,
1782061817.3553445,train,20,7950,0.00015960462941207044,0.23050786554813385,0.13100862503051758,0.24078673124313354,0.07829564064741135,0.0015473664971068501,0.006823030766099691,,
1782061826.7855363,train,20,8000,0.0001595965842665058,0.3393397331237793,0.22638428211212158,0.3178386688232422,0.06677741557359695,0.00107089476659894,0.005477100145071745,,
1782061836.2851048,train,20,8050,0.0001595885385226951,0.4295985698699951,0.3077189028263092,0.34608185291290283,0.07052183151245117,0.000983027508482337,0.006837882567197084,,
1782061845.7669847,train,20,8100,0.0001595804921807193,0.42746615409851074,0.29278814792633057,0.392534464597702,0.07279856503009796,0.001451174495741725,0.00515631353482604,,
1782061855.398658,train,20,8150,0.00015957244524065906,0.2751641869544983,0.1530291885137558,0.3386784493923187,0.07452357560396194,0.0020359507761895657,0.006043221335858107,,
1782061865.0186756,train,20,8200,0.00015956439770259504,0.29155051708221436,0.17424795031547546,0.3135971128940582,0.07758413255214691,0.0011122641153633595,0.0075433566235005856,,
1782061874.8702273,train,20,8250,0.00015955634956660815,0.342923104763031,0.21838295459747314,0.3520415723323822,0.07266783714294434,0.001958324806764722,0.0051321047358214855,,
1782061884.8967369,train,20,8300,0.00015954830083277904,0.2947184145450592,0.19414781033992767,0.2709871828556061,0.06538296490907669,0.0013230829499661922,0.005500024650245905,,
1782061895.2378893,train,20,8350,0.00015954025150118867,0.5487017035484314,0.39232999086380005,0.48472827672958374,0.07011798769235611,0.0013065558159723878,0.005066320765763521,,
1782061905.7340925,train,20,8400,0.00015953220157191778,0.37988802790641785,0.238241508603096,0.4154874086380005,0.07536158710718155,0.0009384079603478312,0.007036807015538216,,
1782061916.434108,train,20,8450,0.00015952415104504726,0.3216395080089569,0.20905496180057526,0.3094729483127594,0.07018394768238068,0.001243232167325914,0.0064849997870624065,,
1782061926.9188159,train,20,8500,0.00015951609992065788,0.3182367980480194,0.18960434198379517,0.3723599314689636,0.0708940178155899,0.0009546559303998947,0.006153924390673637,,
1782061937.0501845,train,20,8550,0.00015950804819883028,0.2871477007865906,0.18339994549751282,0.2612532377243042,0.07664205133914948,0.001134190708398819,0.0065139285288751125,,
1782061947.0314622,train,20,8600,0.00015949999587964547,0.24739223718643188,0.15763895213603973,0.2256345897912979,0.06645069271326065,0.0011930516920983791,0.010091896168887615,,
1782061956.6196744,train,20,8650,0.00015949194296318417,0.2978247106075287,0.16451892256736755,0.3817070722579956,0.07540435343980789,0.0017685925122350454,0.005640932358801365,,
1782061966.3729181,train,20,8700,0.00015948388944952727,0.38982269167900085,0.2552018165588379,0.41032472252845764,0.06381645053625107,0.0013147530844435096,0.006340743508189917,,
1782061976.2833593,train,20,8750,0.00015947583533875575,0.25773105025291443,0.1671038419008255,0.2196645587682724,0.07116170227527618,0.00130196544341743,0.007846414111554623,,
1782061986.028535,train,20,8800,0.0001594677806309504,0.31022578477859497,0.1989491879940033,0.294264018535614,0.07507263869047165,0.0017428972059860826,0.008450033143162727,,
1782061996.0244904,train,20,8850,0.00015945972532619204,0.23240190744400024,0.13956868648529053,0.2278391271829605,0.07140213251113892,0.0017237267456948757,0.008304884657263756,,
1782062005.8398418,train,20,8900,0.00015945166942456134,1.1493558883666992,0.9554544687271118,0.6357229351997375,0.06961046904325485,0.0016548695275560021,0.008960206992924213,,
1782062015.4655375,train,20,8950,0.00015944361292613937,0.27619507908821106,0.175924152135849,0.26986706256866455,0.065310038626194,0.001491441740654409,0.009013024158775806,,
1782062025.135502,train,20,9000,0.00015943555583100696,0.2540718615055084,0.1536947637796402,0.24367648363113403,0.078643299639225,0.0013632142217829823,0.005998687818646431,,
1782062034.861069,train,20,9050,0.00015942749813924523,0.22902554273605347,0.1434379369020462,0.21052157878875732,0.06562092900276184,0.0014673994155600667,0.009423524141311646,,
1782062044.3791943,train,20,9100,0.0001594194398509347,0.2649274468421936,0.1810688078403473,0.20540058612823486,0.06478635966777802,0.0011530839838087559,0.005869160406291485,,
1782062053.923333,train,20,9150,0.00015941138096615634,0.320650190114975,0.20383261144161224,0.32511046528816223,0.07075479626655579,0.0016256833914667368,0.009124594740569592,,
1782062063.423283,train,20,9200,0.00015940332148499115,0.3067455291748047,0.2175629436969757,0.233870267868042,0.06125261262059212,0.0008872966864146292,0.005679710768163204,,
1782062072.9839027,train,20,9250,0.00015939526140752006,0.4367246925830841,0.30489182472229004,0.3911508619785309,0.06780576705932617,0.0014227608917281032,0.008254996500909328,,
1782062082.5143013,train,20,9300,0.00015938720073382378,0.30707603693008423,0.2055346965789795,0.2647572457790375,0.07044634968042374,0.0012884547468274832,0.00820849183946848,,
1782062092.0146494,train,20,9350,0.00015937913946398316,0.2668144404888153,0.17743074893951416,0.2137252688407898,0.07158311456441879,0.0016081570647656918,0.01086423546075821,,
1782062101.4673767,train,20,9400,0.0001593710775980794,0.2812964618206024,0.18346203863620758,0.2650658190250397,0.06290047615766525,0.0011771159479394555,0.004583083558827639,,
1782062110.9029868,train,20,9450,0.0001593630151361934,0.2691498398780823,0.1712116301059723,0.2414143979549408,0.07491747289896011,0.001258494914509356,0.006786910351365805,,
1782062120.3913248,train,20,9500,0.000159354952078406,0.3079073429107666,0.20594142377376556,0.27532273530960083,0.06595868617296219,0.0015590384136885405,0.007729936856776476,,
1782062129.8586009,train,20,9550,0.00015934688842479826,0.1831548511981964,0.08848031610250473,0.23609711229801178,0.07102703303098679,0.0013672654749825597,0.009567377157509327,,
1782062139.338973,train,20,9600,0.00015933882417545097,0.29580697417259216,0.18893419206142426,0.30251795053482056,0.0622297041118145,0.0012843786971643567,0.00737010408192873,,
1782062148.8317525,train,20,9650,0.0001593307593304453,0.4714030623435974,0.34217092394828796,0.38662606477737427,0.0649268701672554,0.0011217545252293348,0.006016334518790245,,
1782062158.3187518,train,20,9700,0.0001593226938898619,0.3250615894794464,0.21717487275600433,0.2962750196456909,0.06736479699611664,0.001355646993033588,0.0074962736107409,,
1782062167.9205406,train,20,9750,0.00015931462785378182,0.42787009477615356,0.2964591383934021,0.3832283914089203,0.07096698135137558,0.0012037206906825304,0.007033435627818108,,
1782062177.48547,train,20,9800,0.00015930656122228613,0.2908186614513397,0.19184128940105438,0.26340678334236145,0.06605760753154755,0.0009685439872555435,0.008193664252758026,,
1782062186.9218981,train,20,9850,0.0001592984939954559,0.3185526430606842,0.21608325839042664,0.2657370865345001,0.07181872427463531,0.0012575510190799832,0.0066171023063361645,,
1782062196.4248257,train,20,9900,0.00015929042617337196,0.3710854947566986,0.2370569109916687,0.3918328285217285,0.07181073725223541,0.0016501403879374266,0.007081936113536358,,
1782062205.8790112,train,20,9950,0.0001592823577561153,0.45982012152671814,0.313436895608902,0.45128658413887024,0.06683945655822754,0.001418496947735548,0.007537373807281256,,
1782062215.4395854,train,20,10000,0.00015927428874376674,0.26222485303878784,0.1666492372751236,0.2613010108470917,0.06027036905288696,0.0011518794344738126,0.005359258968383074,,
1782062224.9741225,train,20,10050,0.0001592662191364076,0.1819363236427307,0.10611338913440704,0.16924019157886505,0.06681284308433533,0.001064657000824809,0.00890300702303648,,
1782062234.3955183,train,20,10100,0.00015925814893411887,0.2647235095500946,0.14308445155620575,0.33039963245391846,0.07765339314937592,0.0021244878880679607,0.007369644474238157,,
1782062243.9374354,train,20,10150,0.0001592500781369813,0.2301982343196869,0.1386791318655014,0.22736385464668274,0.06902214139699936,0.0016705588204786181,0.00483876746147871,,
1782062253.4123368,train,20,10200,0.00015924200674507618,0.359512060880661,0.2482297122478485,0.30668553709983826,0.06891331076622009,0.0015429147752001882,0.008208159357309341,,
1782062262.8786075,train,20,10250,0.00015923393475848435,0.3065638244152069,0.2072732299566269,0.2575280964374542,0.06961743533611298,0.0009984229691326618,0.006423933897167444,,
1782062272.326074,train,20,10300,0.00015922586217728685,0.3501585125923157,0.23153039813041687,0.33701834082603455,0.06846503913402557,0.0014100506668910384,0.005221069324761629,,
1782062281.818306,train,20,10350,0.00015921778900156468,0.2823214530944824,0.19056932628154755,0.2303987294435501,0.06803664565086365,0.0013410244137048721,0.0063965157605707645,,
1782062291.315942,train,20,10400,0.00015920971523139904,0.19837655127048492,0.11953738331794739,0.18733566999435425,0.06378009915351868,0.0011519929394125938,0.005777345038950443,,
1782062300.80808,train,20,10450,0.00015920164086687095,0.2538008391857147,0.16711698472499847,0.20978772640228271,0.06819159537553787,0.0014110795455053449,0.007415516301989555,,
1782062310.3171117,train,20,10500,0.0001591935659080613,0.18122290074825287,0.10275052487850189,0.18274325132369995,0.0653785914182663,0.0009726182906888425,0.007294831331819296,,
1782062319.716045,train,20,10550,0.0001591854903550512,0.2587745785713196,0.16000398993492126,0.25410428643226624,0.07020087540149689,0.0014410236617550254,0.008200449869036674,,
1782062329.2260685,train,20,10600,0.00015917741420792193,0.225465789437294,0.131112739443779,0.2345316857099533,0.07108237594366074,0.0017893071053549647,0.0066902958787977695,,
1782062338.7208676,train,20,10650,0.0001591693374667543,0.265495240688324,0.16162782907485962,0.27378565073013306,0.0706215500831604,0.0011020691599696875,0.0076880427077412605,,
1782062348.1979666,train,20,10700,0.00015916126013162956,0.17664867639541626,0.07923337817192078,0.26091355085372925,0.06410049647092819,0.001366585842333734,0.0058256336487829685,,
1782062357.7634635,train,20,10750,0.00015915318220262862,0.2635027766227722,0.17306944727897644,0.22382290661334991,0.06872279942035675,0.0011621166486293077,0.009786626324057579,,
1782062367.296416,train,20,10800,0.00015914510367983267,0.23787155747413635,0.14589273929595947,0.2230278104543686,0.0722171738743782,0.0011327482061460614,0.006341211963444948,,
1782062376.7587035,train,20,10850,0.00015913702456332282,0.26472407579421997,0.1752963811159134,0.2304961383342743,0.06340745091438293,0.000999700976535678,0.006066544447094202,,
1782062386.232631,train,20,10900,0.0001591289448531802,0.2575705945491791,0.16769155859947205,0.2170228362083435,0.07101579755544662,0.0011541079729795456,0.005594434216618538,,
1782062395.6274135,train,20,10950,0.0001591208645494858,0.18750743567943573,0.10335492342710495,0.19396349787712097,0.07112069427967072,0.0010128061985597014,0.0074326698668301105,,
1782062405.1915333,train,20,11000,0.00015911278365232084,0.1987556368112564,0.10873886942863464,0.2298499047756195,0.06485321372747421,0.0012767784064635634,0.007226050831377506,,
1782062414.7150514,train,20,11050,0.00015910470216176642,0.39151138067245483,0.255718857049942,0.39295530319213867,0.0748775377869606,0.0011491418117657304,0.006672554649412632,,
1782062424.214236,train,20,11100,0.0001590966200779037,0.2700902223587036,0.17853333055973053,0.2301492542028427,0.06777672469615936,0.0013122976524755359,0.006970890332013369,,
1782062433.8622534,train,20,11150,0.00015908853740081354,0.3123975098133087,0.21024248003959656,0.28040337562561035,0.06387341022491455,0.0011747456155717373,0.005838730372488499,,
1782062443.322164,train,20,11200,0.0001590804541305773,0.3515581786632538,0.22368359565734863,0.3696329891681671,0.07067906111478806,0.0012681065127253532,0.006531394552439451,,
1782062452.7995265,train,20,11250,0.00015907237026727621,0.2501095235347748,0.15319423377513885,0.2602941393852234,0.06347504258155823,0.0010423146886751056,0.005704707000404596,,
1782062462.3421793,train,20,11300,0.0001590642858109914,0.3667386472225189,0.2361290156841278,0.38063350319862366,0.07054940611124039,0.0017655156552791595,0.005291799549013376,,
1782062471.8318243,train,20,11350,0.00015905620076180386,0.334146112203598,0.22365915775299072,0.29823359847068787,0.07160426676273346,0.0012640813365578651,0.005889933090656996,,
1782062481.318489,train,20,11400,0.00015904811511979487,0.219637930393219,0.12723325192928314,0.2274829000234604,0.07074674218893051,0.001605774974450469,0.007150886580348015,,
1782062490.7586398,train,20,11450,0.0001590400288850455,0.3689354360103607,0.2658204436302185,0.27776411175727844,0.06713889539241791,0.001045180018991232,0.006404421757906675,,
1782062500.21575,train,20,11500,0.0001590319420576369,0.4108112156391144,0.24111951887607574,0.5225386023521423,0.07780669629573822,0.0015369569882750511,0.007234810385853052,,
1782062509.6700869,train,20,11550,0.00015902385463765042,0.2181665599346161,0.11793450266122818,0.2625907063484192,0.06881486624479294,0.001769381808117032,0.006868740078061819,,
1782062519.1167061,train,20,11600,0.00015901576662516716,0.37612074613571167,0.2614593505859375,0.31692254543304443,0.07061831653118134,0.0012159073958173394,0.007431367877870798,,
1782062528.6300402,train,20,11650,0.0001590076780202683,0.2359572798013687,0.14988961815834045,0.21936693787574768,0.06221133843064308,0.0012026303447782993,0.006184457801282406,,
1782062538.0670369,train,20,11700,0.00015899958882303495,0.16391173005104065,0.07870320975780487,0.2034822255373001,0.06838540732860565,0.0014526271261274815,0.0077057224698364735,,
1782062547.6792662,train,20,11750,0.0001589914990335484,0.38350245356559753,0.27154457569122314,0.3039264380931854,0.07159482687711716,0.001788362511433661,0.007221965119242668,,
1782062557.1668534,train,20,11800,0.00015898340865188996,0.4126262366771698,0.27974769473075867,0.3795345425605774,0.07573817670345306,0.0012578727910295129,0.008950010873377323,,
1782062566.707996,train,20,11850,0.00015897531767814069,0.2467048168182373,0.1335824579000473,0.30396583676338196,0.07401815801858902,0.0012181837810203433,0.0056234085932374,,
1782062576.193723,train,20,11900,0.0001589672261123819,0.40815243124961853,0.29988670349121094,0.29827386140823364,0.06708034873008728,0.0015708542196080089,0.007076487876474857,,
1782062585.6937659,train,20,11950,0.00015895913395469463,0.2906709909439087,0.1776663362979889,0.3334794044494629,0.059035394340753555,0.0011708218371495605,0.005669215694069862,,
1782062595.2775428,train,20,12000,0.00015895104120516046,0.2669057250022888,0.1627127230167389,0.27147167921066284,0.07241865247488022,0.0011575929820537567,0.004923300817608833,,
1782062604.8232105,train,20,12050,0.00015894294786386034,0.2994939088821411,0.19949711859226227,0.26303336024284363,0.06826750934123993,0.0010469073895365,0.005873431451618671,,
1782062614.3354733,train,20,12100,0.00015893485393087562,0.43074920773506165,0.2802894413471222,0.4647761285305023,0.06806392222642899,0.002337683690711856,0.012265468016266823,,
1782062623.853792,train,20,12150,0.0001589267594062874,0.32883548736572266,0.23359276354312897,0.25144171714782715,0.06461208313703537,0.0007626261794939637,0.004469098057597876,,
1782062633.3263645,train,20,12200,0.00015891866429017712,0.3121435344219208,0.20807382464408875,0.28722092509269714,0.06432557106018066,0.001016988535411656,0.005660306662321091,,
1782062642.8016315,train,20,12250,0.00015891056858262592,0.3322175145149231,0.22118611633777618,0.30946028232574463,0.06699427217245102,0.0016918446635827422,0.007249419577419758,,
1782062652.2320013,train,20,12300,0.00015890247228371522,0.2253558188676834,0.11744140833616257,0.2849229574203491,0.0730733573436737,0.0014697980368509889,0.005208604037761688,,
1782062661.692157,train,20,12350,0.00015889437539352616,0.2785819172859192,0.1814844161272049,0.24451909959316254,0.07160674035549164,0.001643631374463439,0.007772563491016626,,
1782062671.194567,train,20,12400,0.00015888627791214,0.2201213240623474,0.12360447645187378,0.24602746963500977,0.06977849453687668,0.0012073040707036853,0.009046219289302826,,
1782062680.7153287,train,20,12450,0.00015887817983963818,0.17801690101623535,0.08625834435224533,0.22269505262374878,0.07191094756126404,0.0012932919198647141,0.007337006740272045,,
1782062690.2158518,train,20,12500,0.0001588700811761018,0.20729203522205353,0.11975058913230896,0.2242158204317093,0.0626855418086052,0.001447272952646017,0.00502463523298502,,
1782062699.727351,train,20,12550,0.00015886198192161232,0.400932639837265,0.28452348709106445,0.321191668510437,0.07199044525623322,0.0011600857833400369,0.006055033300071955,,
1782062709.2557542,train,20,12600,0.000158853882076251,0.21729052066802979,0.12443063408136368,0.22592942416667938,0.07246436923742294,0.0014533953508362174,0.005738955456763506,,
1782062718.778089,train,20,12650,0.00015884578164009901,0.256839781999588,0.16578418016433716,0.2203841507434845,0.07164537161588669,0.0013688721228390932,0.00592989195138216,,
1782062728.2777238,train,20,12700,0.0001588376806132378,0.2511400580406189,0.1460733711719513,0.2791738510131836,0.07027243077754974,0.001369945239275694,0.0074977874755859375,,
1782062737.737911,train,20,12750,0.00015882957899574879,0.2320583015680313,0.13164520263671875,0.26719406247138977,0.06692194938659668,0.0015361999394372106,0.006776697468012571,,
1782062747.2087421,train,20,12800,0.00015882147678771317,0.22663886845111847,0.13320034742355347,0.21963778138160706,0.07678656280040741,0.0013578926445916295,0.00582857895642519,,
1782062756.678062,train,20,12850,0.00015881337398921226,0.17544372379779816,0.07981465756893158,0.23797951638698578,0.07200206816196442,0.0013314191019162536,0.005244463682174683,,
1782062766.202382,train,20,12900,0.0001588052706003274,0.20848123729228973,0.1146637350320816,0.23469603061676025,0.07004595547914505,0.001205266686156392,0.006428074557334185,,
1782062775.7074926,train,20,12950,0.00015879716662114008,0.29550716280937195,0.19774660468101501,0.2609591782093048,0.06483682990074158,0.0010238022077828646,0.0076515390537679195,,
1782062785.1629548,train,20,13000,0.00015878906205173138,0.19055025279521942,0.10900597274303436,0.20291249454021454,0.061384137719869614,0.0012407726608216763,0.008156714960932732,,
1782062794.7180572,train,20,13050,0.00015878095689218284,0.20422160625457764,0.1094147339463234,0.23763425648212433,0.07058943808078766,0.0010359248844906688,0.006520500872284174,,
1782062930.8750832,val,20,,,0.30839708853851666,0.19227671628379528,0.3181267160417313,0.07288707940617449,0.0014515314160924958,0.006992811151936061,4.204177379608154,0.2952403426170349
1782062943.7913487,train,21,50,0.00015877041930264434,0.22353088855743408,0.11244716495275497,0.3032187223434448,0.07032006233930588,0.0011900386307388544,0.006485572550445795,,
1782062954.8655405,train,21,100,0.00015876231278608285,0.4075130224227905,0.28853780031204224,0.33014509081840515,0.07254373282194138,0.0016706447349861264,0.009932080283761024,,
1782062965.3702064,train,21,150,0.00015875420567965006,0.32849767804145813,0.22155645489692688,0.2798565626144409,0.07362934201955795,0.00162423774600029,0.00899563543498516,,
1782062976.3551161,train,21,200,0.0001587460979834271,0.20269595086574554,0.11632511019706726,0.20498840510845184,0.06998082995414734,0.0013331497320905328,0.007191347889602184,,
1782062987.0177948,train,21,250,0.00015873798969749556,0.19862838089466095,0.10424850881099701,0.2461099773645401,0.06551402062177658,0.0009536351426504552,0.006693070288747549,,
1782062997.7499423,train,21,300,0.00015872988082193693,0.21648649871349335,0.1250917911529541,0.21948765218257904,0.07283390313386917,0.0010585027048364282,0.005568292923271656,,
1782063008.0296805,train,21,350,0.00015872177135683245,0.2810254693031311,0.179816335439682,0.2676449120044708,0.06823631376028061,0.001797774457372725,0.007337054703384638,,
1782063018.2959123,train,21,400,0.0001587136613022636,0.3606988787651062,0.24488332867622375,0.32077303528785706,0.07088150084018707,0.0018156865844503045,0.006997902877628803,,
1782063028.3067575,train,21,450,0.00015870555065831163,0.4008195996284485,0.24583478271961212,0.4764701724052429,0.0713810846209526,0.0017672936664894223,0.007641128730028868,,
1782063039.0000632,train,21,500,0.00015869743942505815,0.22410781681537628,0.13671725988388062,0.22823432087898254,0.060487132519483566,0.0008842390961945057,0.005177066195756197,,
1782063049.133897,train,21,550,0.00015868932760258457,0.38071247935295105,0.2719225287437439,0.28309911489486694,0.0757407695055008,0.001447651069611311,0.009529005736112595,,
1782063059.2033517,train,21,600,0.0001586812151909723,0.24458035826683044,0.1342395693063736,0.2998333275318146,0.07047182321548462,0.001465371809899807,0.005826442968100309,,
1782063068.8153605,train,21,650,0.00015867310219030276,0.20904676616191864,0.11969201266765594,0.23464563488960266,0.06117314100265503,0.0010676657548174262,0.00500959437340498,,
1782063078.5470471,train,21,700,0.00015866498860065724,0.2385578751564026,0.134094700217247,0.2832431197166443,0.06706181168556213,0.0012148469686508179,0.010780902579426765,,
1782063088.2821314,train,21,750,0.0001586568744221173,0.31961968541145325,0.2105875313282013,0.28281256556510925,0.07629258930683136,0.0018272349843755364,0.008297977037727833,,
1782063098.1340127,train,21,800,0.0001586487596547645,0.27256038784980774,0.17343690991401672,0.2767980396747589,0.059636425226926804,0.0010577643988654017,0.00575769180431962,,
1782063107.730416,train,21,850,0.00015864064429868023,0.2528568506240845,0.1564154177904129,0.25302162766456604,0.06619486212730408,0.0008856579661369324,0.005942085292190313,,
1782063117.3697925,train,21,900,0.00015863252835394588,0.2473594844341278,0.14567901194095612,0.2690812051296234,0.06849346309900284,0.0016344641335308552,0.008797578513622284,,
1782063126.894194,train,21,950,0.00015862441182064302,0.2549826502799988,0.16225570440292358,0.2377137839794159,0.06625556200742722,0.0017071602633222938,0.008732727728784084,,
1782063137.175313,train,21,1000,0.00015861629469885317,0.2935490608215332,0.19645293056964874,0.2559932768344879,0.06599095463752747,0.0010233966168016195,0.006621239706873894,,
1782063146.706311,train,21,1050,0.0001586081769886577,0.23899659514427185,0.13912157714366913,0.2707718312740326,0.06411444395780563,0.0012483472237363458,0.005793421529233456,,
1782063156.2830245,train,21,1100,0.00015860005869013804,0.2277584820985794,0.1465640664100647,0.1834261417388916,0.07040509581565857,0.0013532728189602494,0.00985991582274437,,
1782063165.8176556,train,21,1150,0.00015859193980337583,0.19877250492572784,0.10967539995908737,0.2220308780670166,0.06691844016313553,0.001301594777032733,0.007084901910275221,,
1782063175.2371364,train,21,1200,0.0001585838203284524,0.22706060111522675,0.1364504098892212,0.2351226657629013,0.06337253004312515,0.0014325655065476894,0.006021121982485056,,
1782063184.7941725,train,21,1250,0.00015857570026544935,0.22801870107650757,0.14443279802799225,0.20104894042015076,0.06648208200931549,0.0008264501229859889,0.006459671072661877,,
1782063194.2671146,train,21,1300,0.00015856757961444824,0.4525795578956604,0.346151739358902,0.28558024764060974,0.06987177580595016,0.0009685875847935677,0.0061285654082894325,,
1782063203.7467225,train,21,1350,0.00015855945837553058,0.3195299804210663,0.19521881639957428,0.3411400616168976,0.07769890874624252,0.001766992500051856,0.007716881111264229,,
1782063213.2026355,train,21,1400,0.0001585513365487778,0.34232720732688904,0.25048312544822693,0.23811113834381104,0.06446951627731323,0.0008154350216500461,0.0048728748224675655,,
1782063222.662011,train,21,1450,0.0001585432141342715,0.1776888519525528,0.09690951555967331,0.1931723952293396,0.0647028237581253,0.0013484632363542914,0.0061152176931500435,,
1782063232.1588535,train,21,1500,0.00015853509113209323,0.24734091758728027,0.157367542386055,0.22364138066768646,0.06788737326860428,0.0011934549547731876,0.005572420544922352,,
1782063241.7428858,train,21,1550,0.0001585269675423246,0.28084781765937805,0.1860881894826889,0.2498111128807068,0.06434664130210876,0.001335448119789362,0.0066497474908828735,,
1782063251.345269,train,21,1600,0.00015851884336504687,0.30855274200439453,0.20664151012897491,0.26561838388442993,0.07073941826820374,0.0013690568739548326,0.008883307687938213,,
1782063260.8701468,train,21,1650,0.0001585107186003419,0.2533226013183594,0.16486810147762299,0.21657335758209229,0.06841994822025299,0.0010117263300344348,0.005233037285506725,,
1782063270.3989353,train,21,1700,0.0001585025932482911,0.2731808125972748,0.18543298542499542,0.21279259026050568,0.06878923624753952,0.0015507116913795471,0.006445075385272503,,
1782063279.8904145,train,21,1750,0.00015849446730897617,0.3226354122161865,0.23326925933361053,0.20596098899841309,0.07545576244592667,0.001479973434470594,0.007641369476914406,,
1782063289.3661845,train,21,1800,0.00015848634078247854,0.23782362043857574,0.1477070450782776,0.22272668778896332,0.06860239058732986,0.0013370189117267728,0.008080856874585152,,
1782063298.858193,train,21,1850,0.00015847821366887977,0.2146761268377304,0.10839641094207764,0.2651551067829132,0.07971787452697754,0.0013200974790379405,0.0061739105731248856,,
1782063308.3730404,train,21,1900,0.00015847008596826147,0.3392278552055359,0.22086799144744873,0.3331700265407562,0.06982724368572235,0.0015372841153293848,0.008224786259233952,,
1782063317.8418252,train,21,1950,0.00015846195768070523,0.34216779470443726,0.23359665274620056,0.28673651814460754,0.07348041981458664,0.0014682004693895578,0.01158253662288189,,
1782063327.2595508,train,21,2000,0.0001584538288062927,0.3155613839626312,0.20680832862854004,0.2887156307697296,0.07293090969324112,0.001086990931071341,0.006189496256411076,,
1782063336.8540516,train,21,2050,0.00015844569934510543,0.37105774879455566,0.23058798909187317,0.4189531207084656,0.07112327218055725,0.0016987521667033434,0.009734841994941235,,
1782063346.2681918,train,21,2100,0.00015843756929722515,0.2814086675643921,0.1743343621492386,0.283591091632843,0.07207266986370087,0.0014019705122336745,0.006080558989197016,,
1782063355.666872,train,21,2150,0.00015842943866273336,0.16497570276260376,0.0824512168765068,0.19713248312473297,0.06626211851835251,0.001103032031096518,0.0054914928041398525,,
1782063365.1574595,train,21,2200,0.00015842130744171164,0.18217554688453674,0.10330460965633392,0.18391072750091553,0.06559095531702042,0.000977815710939467,0.0062803118489682674,,
1782063374.7030253,train,21,2250,0.00015841317563424165,0.2731670141220093,0.15961529314517975,0.3187420070171356,0.06730305403470993,0.002147052437067032,0.006801591720432043,,
1782063384.1661103,train,21,2300,0.00015840504324040504,0.2701740264892578,0.17988836765289307,0.23808921873569489,0.06125959753990173,0.0013356393901631236,0.00570945767685771,,
1782063393.630292,train,21,2350,0.0001583969102602832,0.3924503028392792,0.2842748761177063,0.29600977897644043,0.06816405802965164,0.0009095849236473441,0.005301263649016619,,
1782063403.118367,train,21,2400,0.00015838877669395828,0.35744526982307434,0.2503173053264618,0.28997671604156494,0.06905095279216766,0.0010830132523551583,0.008078815415501595,,
1782063412.6019986,train,21,2450,0.00015838064254151152,0.20219586789608002,0.09755777567625046,0.2712721824645996,0.07331712543964386,0.0016149021685123444,0.006486095022410154,,
1782063422.0792282,train,21,2500,0.0001583725078030248,0.24484512209892273,0.15371587872505188,0.22606340050697327,0.06898406147956848,0.0012137647718191147,0.009388627484440804,,
1782063431.567343,train,21,2550,0.00015836437247857967,0.35303714871406555,0.2522076666355133,0.2620510160923004,0.07038402557373047,0.0012471801601350307,0.005968822631984949,,
1782063441.0487533,train,21,2600,0.00015835623656825767,0.20036789774894714,0.08201023936271667,0.314645379781723,0.0790235847234726,0.0018450692296028137,0.00893833301961422,,
1782063450.547419,train,21,2650,0.00015834810007214062,0.3919248580932617,0.2608737349510193,0.3861868679523468,0.06870920956134796,0.0014981626300141215,0.006191669497638941,,
1782063460.0083601,train,21,2700,0.00015833996299031037,0.36582374572753906,0.24797630310058594,0.3356342613697052,0.06765057891607285,0.0011361433425918221,0.009105679579079151,,
1782063469.4619503,train,21,2750,0.00015833182532284837,0.33477261662483215,0.21260517835617065,0.34772196412086487,0.07022372633218765,0.0012508929939940572,0.0061873490922153,,
1782063478.873937,train,21,2800,0.00015832368706983623,0.27052098512649536,0.1727956086397171,0.25306597352027893,0.0686894953250885,0.0011414206819608808,0.00594688905403018,,
1782063488.3482833,train,21,2850,0.0001583155482313559,0.3953351378440857,0.2716076672077179,0.3498569428920746,0.07233960926532745,0.0009344402933493257,0.00607579480856657,,
1782063497.789967,train,21,2900,0.0001583074088074888,0.1517839878797531,0.07545122504234314,0.15208713710308075,0.0764210969209671,0.00100422534160316,0.006488635204732418,,
1782063507.1856346,train,21,2950,0.0001582992687983168,0.303535133600235,0.1959538757801056,0.28808853030204773,0.07087492942810059,0.0012163829524070024,0.005856562405824661,,
1782063516.737661,train,21,3000,0.00015829112820392157,0.19063487648963928,0.10698946565389633,0.20983631908893585,0.06219523400068283,0.0008870969177223742,0.00673664640635252,,
1782063526.2339938,train,21,3050,0.00015828298702438476,0.24131958186626434,0.1418425738811493,0.2630493640899658,0.0671292245388031,0.0015005250461399555,0.006822807714343071,,
1782063535.6946023,train,21,3100,0.00015827484525978835,0.1798245757818222,0.09452532231807709,0.19483056664466858,0.0728965625166893,0.001433254568837583,0.007159207481890917,,
1782063545.1546092,train,21,3150,0.0001582667029102138,0.4054757058620453,0.2774231731891632,0.3711315095424652,0.07014778256416321,0.001957650063559413,0.007661920040845871,,
1782063554.642204,train,21,3200,0.000158258559975743,0.2968697249889374,0.18920022249221802,0.28410035371780396,0.07305337488651276,0.0011773747391998768,0.005854322109371424,,
1782063564.1518803,train,21,3250,0.00015825041645645772,0.5251083970069885,0.34711024165153503,0.5672763586044312,0.07201890647411346,0.0016966147813946009,0.007840881124138832,,
1782063573.5778668,train,21,3300,0.00015824227235243965,0.2185932993888855,0.12339039146900177,0.25268059968948364,0.06388862431049347,0.0008845066768117249,0.005062388256192207,,
1782063583.0943835,train,21,3350,0.00015823412766377041,0.2536027729511261,0.17390558123588562,0.185164213180542,0.06656423211097717,0.0012400764971971512,0.008554001338779926,,
1782063592.52435,train,21,3400,0.00015822598239053194,0.2603619694709778,0.15876834094524384,0.2661493122577667,0.06986451148986816,0.0012404791777953506,0.005335007794201374,,
1782063601.9640393,train,21,3450,0.0001582178365328058,0.2838748097419739,0.19201010465621948,0.2382230907678604,0.06432779133319855,0.0014505460858345032,0.008198815397918224,,
1782063611.410171,train,21,3500,0.00015820969009067395,0.26012054085731506,0.17084026336669922,0.2261010855436325,0.06528967618942261,0.0011018930235877633,0.008404555730521679,,
1782063620.8958416,train,21,3550,0.0001582015430642182,0.27700090408325195,0.18380486965179443,0.23162099719047546,0.07035265117883682,0.001144358771853149,0.006837461609393358,,
1782063630.434729,train,21,3600,0.0001581933954535201,0.175021693110466,0.0742906928062439,0.24970293045043945,0.07625138759613037,0.0017957595409825444,0.009533509612083435,,
1782063639.8464177,train,21,3650,0.00015818524725866166,0.28722456097602844,0.1712251603603363,0.33356624841690063,0.06496710330247879,0.0012428491609171033,0.0056442758068442345,,
1782063649.297804,train,21,3700,0.00015817709847972455,0.2232840210199356,0.1252332180738449,0.24890685081481934,0.07129668444395065,0.0017574065132066607,0.00860228855162859,,
1782063658.7991376,train,21,3750,0.0001581689491167906,0.3141401410102844,0.21383073925971985,0.2640077769756317,0.06833808869123459,0.0013840014580637217,0.00571921793743968,,
1782063668.2962039,train,21,3800,0.0001581607991699417,0.24676959216594696,0.1344681680202484,0.3117329478263855,0.0684775561094284,0.0012940991437062621,0.006035679019987583,,
1782063677.7709172,train,21,3850,0.00015815264863925963,0.29782965779304504,0.20479363203048706,0.24055570363998413,0.0655607208609581,0.0011674013221636415,0.005901558790355921,,
1782063687.2380004,train,21,3900,0.00015814449752482595,0.3038404583930969,0.1846928745508194,0.34300893545150757,0.06641173362731934,0.0018947005737572908,0.009335518814623356,,
1782063696.6752968,train,21,3950,0.00015813634582672283,0.39291492104530334,0.25883781909942627,0.389646053314209,0.07298227399587631,0.001744626322761178,0.00726186903193593,,
1782063706.1546018,train,21,4000,0.00015812819354503197,0.2685009837150574,0.15315745770931244,0.32607266306877136,0.06741875410079956,0.0011597723932936788,0.005715473555028439,,
1782063715.64203,train,21,4050,0.00015812004067983524,0.18238793313503265,0.08419176936149597,0.2414553314447403,0.07524659484624863,0.0020903199911117554,0.008029570803046227,,
1782063725.0988362,train,21,4100,0.00015811188723121428,0.26598116755485535,0.17414522171020508,0.2325134128332138,0.06711114197969437,0.0015203265938907862,0.005140675697475672,,
1782063734.5903897,train,21,4150,0.00015810373319925116,0.26133984327316284,0.1556416004896164,0.2823478579521179,0.06987154483795166,0.0017549579497426748,0.009326531551778316,,
1782063744.029762,train,21,4200,0.0001580955785840276,0.24457858502864838,0.13599680364131927,0.2997933328151703,0.06678888201713562,0.0023901858367025852,0.008303490467369556,,
1782063753.4783247,train,21,4250,0.00015808742338562566,0.30573809146881104,0.20431222021579742,0.26727551221847534,0.06890890747308731,0.0015252412995323539,0.009444025345146656,,
1782063762.9936845,train,21,4300,0.00015807926760412702,0.45591363310813904,0.32249683141708374,0.4060862958431244,0.06351055204868317,0.0013993823667988181,0.007938481867313385,,
1782063772.4339185,train,21,4350,0.00015807111123961352,0.3628406822681427,0.23510311543941498,0.36884793639183044,0.07078731060028076,0.0013193796621635556,0.005264719482511282,,
1782063782.017694,train,21,4400,0.00015806295429216717,0.29970601201057434,0.18315669894218445,0.3289216160774231,0.06832556426525116,0.0015609166584908962,0.007204113062471151,,
1782063791.5728362,train,21,4450,0.00015805479676186986,0.4222472310066223,0.2923487424850464,0.3889860510826111,0.06503408402204514,0.0013491641730070114,0.007008796092122793,,
1782063801.0722146,train,21,4500,0.00015804663864880342,0.16737601161003113,0.07633865624666214,0.2179146409034729,0.07280925661325455,0.0015406173188239336,0.007141272537410259,,
1782063810.5235553,train,21,4550,0.00015803847995304968,0.24045401811599731,0.1337980180978775,0.28680291771888733,0.06955785304307938,0.0017633362440392375,0.008823057636618614,,
1782063819.9749284,train,21,4600,0.0001580303206746905,0.357338011264801,0.22594301402568817,0.36870062351226807,0.07818607985973358,0.0012679825304076076,0.006240539252758026,,
1782063829.4730482,train,21,4650,0.00015802216081380808,0.30000802874565125,0.19724860787391663,0.27567705512046814,0.06752390414476395,0.0007819526363164186,0.005172176752239466,,
1782063838.987728,train,21,4700,0.00015801400037048413,0.3256944715976715,0.21628104150295258,0.2884890139102936,0.07433874905109406,0.0012180892517790198,0.005663858260959387,,
1782063848.4025044,train,21,4750,0.0001580058393448005,0.15860529243946075,0.07601430267095566,0.19508759677410126,0.06744160503149033,0.000982842524535954,0.006550018209964037,,
1782063857.927982,train,21,4800,0.00015799767773683911,0.1277424544095993,0.05337359011173248,0.14500193297863007,0.0758901908993721,0.001732901087962091,0.011475265957415104,,
1782063867.416238,train,21,4850,0.00015798951554668215,0.1633603870868683,0.09336872398853302,0.14423295855522156,0.06759906560182571,0.0013390695676207542,0.004803334828466177,,
1782063876.8543427,train,21,4900,0.0001579813527744112,0.2687875032424927,0.16640710830688477,0.2750040292739868,0.06699446588754654,0.00132131134159863,0.006563681643456221,,
1782063886.3178635,train,21,4950,0.0001579731894201084,0.2656541168689728,0.16765274107456207,0.253386527299881,0.06907927244901657,0.0011509680189192295,0.005913281347602606,,
1782063895.7055736,train,21,5000,0.00015796502548385562,0.22763405740261078,0.1356765329837799,0.22421053051948547,0.07150112092494965,0.0015432933578267694,0.007317451294511557,,
1782063905.1180425,train,21,5050,0.00015795686096573496,0.2707383930683136,0.17251063883304596,0.26515305042266846,0.06351087242364883,0.0018405731534585357,0.007604051381349564,,
1782063914.537406,train,21,5100,0.00015794869586582824,0.27311739325523376,0.16439937055110931,0.2844407856464386,0.07494966685771942,0.0013297977857291698,0.007028455380350351,,
1782063923.979949,train,21,5150,0.00015794053018421751,0.21380990743637085,0.12952494621276855,0.19143249094486237,0.07261905819177628,0.0011731345439329743,0.00599029241129756,,
1782063933.382752,train,21,5200,0.0001579323639209846,0.3119334280490875,0.21021242439746857,0.2689101994037628,0.06868592649698257,0.0015046099433675408,0.006536722648888826,,
1782063942.8376424,train,21,5250,0.00015792419707621138,0.20959174633026123,0.12792959809303284,0.2038702666759491,0.06116476282477379,0.0011219779262319207,0.005734175443649292,,
1782063952.2421153,train,21,5300,0.0001579160296499802,0.20173592865467072,0.12412074953317642,0.17945894598960876,0.06533339619636536,0.0008375016041100025,0.0057428269647061825,,
1782063961.634247,train,21,5350,0.00015790786164237284,0.28252512216567993,0.16480810940265656,0.33939817547798157,0.06550545990467072,0.0011472604237496853,0.007282652892172337,,
1782063971.0691094,train,21,5400,0.00015789969305347128,0.24552522599697113,0.15374743938446045,0.2276892215013504,0.06948766857385635,0.0011165199102833867,0.007502387743443251,,
1782063980.4896455,train,21,5450,0.00015789152388335752,0.23986956477165222,0.15614622831344604,0.20669372379779816,0.06393805146217346,0.0008088099421001971,0.0057723806239664555,,
1782063989.9739425,train,21,5500,0.00015788335413211368,0.2541934549808502,0.1653202772140503,0.21934472024440765,0.06785144656896591,0.0011127552716061473,0.00611095130443573,,
1782063999.4316065,train,21,5550,0.00015787518379982172,0.3849456310272217,0.24931968748569489,0.37741363048553467,0.08228712528944016,0.0012894824612885714,0.0052360231056809425,,
1782064008.955535,train,21,5600,0.0001578670128865636,0.2749604880809784,0.1625228375196457,0.3110145032405853,0.06896233558654785,0.0020286019425839186,0.00848216749727726,,
1782064018.4003634,train,21,5650,0.00015785884139242134,0.1389024704694748,0.042717695236206055,0.23315715789794922,0.07541467249393463,0.0018816296942532063,0.008209631778299809,,
1782064027.8953276,train,21,5700,0.00015785066931747716,0.37518376111984253,0.27658751606941223,0.2522319555282593,0.07083278894424438,0.0012184849474579096,0.0080762580037117,,
1782064037.3898928,train,21,5750,0.00015784249666181286,0.16033516824245453,0.08566243201494217,0.17124365270137787,0.06353464722633362,0.0009450504439882934,0.0059139602817595005,,
1782064046.921799,train,21,5800,0.00015783432342551058,0.3814045190811157,0.2776830196380615,0.2787803113460541,0.0677909329533577,0.001309563871473074,0.006426962558180094,,
1782064056.4099085,train,21,5850,0.00015782614960865214,0.349041610956192,0.22919729351997375,0.3458607494831085,0.0665355771780014,0.0011134569067507982,0.005767917726188898,,
1782064065.930416,train,21,5900,0.0001578179752113199,0.32222244143486023,0.21896480023860931,0.2737906873226166,0.06934110075235367,0.0013940924545750022,0.00889673549681902,,
1782064075.2904835,train,21,5950,0.00015780980023359577,0.2978786826133728,0.19708997011184692,0.2734553813934326,0.06460981070995331,0.0011995499953627586,0.007551204413175583,,
1782064084.7904327,train,21,6000,0.00015780162467556174,0.4669196307659149,0.3319411277770996,0.40073540806770325,0.06925122439861298,0.0016903735231608152,0.008631273172795773,,
1782064094.359284,train,21,6050,0.00015779344853730003,0.26621362566947937,0.14569516479969025,0.3447972238063812,0.06842236965894699,0.0010796687565743923,0.006373458541929722,,
1782064103.8858514,train,21,6100,0.0001577852718188927,0.2810063660144806,0.1845894157886505,0.24580682814121246,0.06977544724941254,0.000775269465520978,0.005024760961532593,,
1782064113.3941615,train,21,6150,0.00015777709452042188,0.30625754594802856,0.19010651111602783,0.32374170422554016,0.07017587125301361,0.001276703434996307,0.007126597221940756,,
1782064122.911707,train,21,6200,0.0001577689166419696,0.3248821794986725,0.22176851332187653,0.2717739939689636,0.07014699280261993,0.0009668284910731018,0.005905503872781992,,
1782064132.383754,train,21,6250,0.00015776073818361784,0.2783934772014618,0.181354358792305,0.24699454009532928,0.07034800946712494,0.001164559624157846,0.007046262733638287,,
1782064141.9258215,train,21,6300,0.00015775255914544882,0.4054833650588989,0.2996985614299774,0.2904413640499115,0.0660780817270279,0.001354141510091722,0.006546082440763712,,
1782064151.4101121,train,21,6350,0.00015774437952754448,0.2487722635269165,0.15182512998580933,0.256263792514801,0.0655585303902626,0.0010192504851147532,0.0068048592656850815,,
1782064160.9478867,train,21,6400,0.00015773619932998718,0.2674643397331238,0.17638783156871796,0.20984603464603424,0.07688727974891663,0.001713501405902207,0.007153133396059275,,
1782064170.4511454,train,21,6450,0.00015772801855285884,0.4116349220275879,0.28710705041885376,0.3584491014480591,0.06964796781539917,0.0009159932378679514,0.006094044540077448,,
1782064179.979173,train,21,6500,0.00015771983719624165,0.16657061874866486,0.07806524634361267,0.22045333683490753,0.06654275208711624,0.001206733868457377,0.007192646153271198,,
1782064189.397905,train,21,6550,0.0001577116552602178,0.26690855622291565,0.1798972189426422,0.2070041298866272,0.07028540968894958,0.001176064251922071,0.007173317950218916,,
1782064198.8461697,train,21,6600,0.00015770347274486935,0.2568390667438507,0.155855193734169,0.2714598774909973,0.06591082364320755,0.0016349864890798926,0.0063024586997926235,,
1782064208.3000956,train,21,6650,0.0001576952896502785,0.33195164799690247,0.2064170390367508,0.3487657904624939,0.07630569487810135,0.001903161290101707,0.006971355061978102,,
1782064217.790936,train,21,6700,0.0001576871059765273,0.26464128494262695,0.16397862136363983,0.2643531560897827,0.06893222779035568,0.0010828261729329824,0.0064375982619822025,,
1782064227.254067,train,21,6750,0.00015767892172369795,0.3444869816303253,0.22444763779640198,0.3400525748729706,0.06981159001588821,0.001204129890538752,0.00807440746575594,,
1782064236.7525961,train,21,6800,0.0001576707368918726,0.2191557139158249,0.12074632197618484,0.2546932101249695,0.06920456886291504,0.0013379233423620462,0.007856788113713264,,
1782064246.2001646,train,21,6850,0.00015766255148113337,0.25018927454948425,0.16336360573768616,0.21073438227176666,0.06805982440710068,0.0011218696599826217,0.005177778657525778,,
1782064255.7583418,train,21,6900,0.00015765436549156238,0.28233206272125244,0.17187583446502686,0.29579877853393555,0.0727660208940506,0.0012353301281109452,0.0075175566598773,,
1782064265.2146847,train,21,6950,0.00015764617892324195,0.30097198486328125,0.19442127645015717,0.2850993871688843,0.07022025436162949,0.0016577248461544514,0.0059949783608317375,,
1782064274.6888254,train,21,7000,0.00015763799177625414,0.21623946726322174,0.13405349850654602,0.18440699577331543,0.07196030765771866,0.0010406761430203915,0.004935018718242645,,
1782064284.1617448,train,21,7050,0.00015762980405068124,0.24247631430625916,0.15046390891075134,0.22801326215267181,0.06981921941041946,0.000994807225652039,0.004837921354919672,,
1782064293.6192455,train,21,7100,0.00015762161574660538,0.1589169204235077,0.0761001855134964,0.19415952265262604,0.0682872012257576,0.001332576503045857,0.0056471507996320724,,
1782064303.1985784,train,21,7150,0.0001576134268641089,0.18881693482398987,0.09753715991973877,0.21809537708759308,0.07325001806020737,0.0013092572335153818,0.008578061126172543,,
1782064312.7944126,train,21,7200,0.0001576052374032738,0.27448639273643494,0.16479702293872833,0.302834689617157,0.06768395006656647,0.001387159456498921,0.00538646848872304,,
1782064322.246838,train,21,7250,0.00015759704736418233,0.42366087436676025,0.29916372895240784,0.3402725160121918,0.07863251864910126,0.0011273002019152045,0.006125403568148613,,
1782064331.714131,train,21,7300,0.0001575888567469168,0.32613062858581543,0.2162795513868332,0.30522218346595764,0.06680833548307419,0.001413654419593513,0.007969578728079796,,
1782064341.2363148,train,21,7350,0.0001575806655515595,0.31398382782936096,0.20830683410167694,0.28085848689079285,0.07068462669849396,0.0012007656041532755,0.008447390981018543,,
1782064350.862346,train,21,7400,0.00015757247377819235,0.20991821587085724,0.11656364053487778,0.23147141933441162,0.07063566893339157,0.0016887109959498048,0.008588211610913277,,
1782064360.359555,train,21,7450,0.00015756428142689777,0.3351382613182068,0.24312345683574677,0.23481537401676178,0.06640062481164932,0.001106194918975234,0.005610697437077761,,
1782064369.8153465,train,21,7500,0.00015755608849775792,0.2960270643234253,0.1910933554172516,0.2758449614048004,0.07173531502485275,0.0010481480276212096,0.007063550874590874,,
1782064379.3421798,train,21,7550,0.0001575478949908552,0.34591004252433777,0.23999428749084473,0.2924676537513733,0.06535079330205917,0.00123475375585258,0.007289286237210035,,
1782064388.7854254,train,21,7600,0.00015753970090627166,0.21376895904541016,0.12024316191673279,0.23339161276817322,0.07015389949083328,0.0010093400487676263,0.004807271063327789,,
1782064398.295868,train,21,7650,0.00015753150624408954,0.29823675751686096,0.19475284218788147,0.27359601855278015,0.06985504180192947,0.0015737857902422547,0.009394219145178795,,
1782064407.8066952,train,21,7700,0.00015752331100439134,0.3018234074115753,0.17077115178108215,0.38256365060806274,0.0704975426197052,0.0016255794325843453,0.008895502425730228,,
1782064417.3005483,train,21,7750,0.00015751511518725917,0.17031992971897125,0.06789422035217285,0.2499801069498062,0.07938176393508911,0.002397993579506874,0.006159686483442783,,
1782064426.7680793,train,21,7800,0.00015750691879277523,0.2578195631504059,0.17074230313301086,0.2093590945005417,0.06923197209835052,0.0012148990062996745,0.006745683029294014,,
1782064436.195996,train,21,7850,0.00015749872182102215,0.2863509953022003,0.17480716109275818,0.3020343482494354,0.07187391072511673,0.000982919824309647,0.0051894523203372955,,
1782064445.6587503,train,21,7900,0.00015749052427208195,0.4551658630371094,0.3344409167766571,0.3444637060165405,0.06893926113843918,0.0013938990887254477,0.007858727127313614,,
1782064455.1137881,train,21,7950,0.00015748232614603677,0.23065893352031708,0.1284378319978714,0.24887439608573914,0.0796969085931778,0.0015407053288072348,0.010521885007619858,,
1782064464.5907643,train,21,8000,0.00015747412744296908,0.3406740725040436,0.22435130178928375,0.33179521560668945,0.06640397012233734,0.0017199310241267085,0.0071500022895634174,,
1782064474.0967448,train,21,8050,0.00015746592816296115,0.30613458156585693,0.20292149484157562,0.26786667108535767,0.07219415158033371,0.0014932680642232299,0.005269539076834917,,
1782064483.6218975,train,21,8100,0.0001574577283060952,0.34413501620292664,0.23690453171730042,0.28769102692604065,0.07034198194742203,0.0013674331130459905,0.007074026390910149,,
1782064493.1871004,train,21,8150,0.00015744952787245375,0.22780154645442963,0.1307038962841034,0.24328936636447906,0.07230544835329056,0.0012259435607120395,0.0071142902597785,,
1782064502.672949,train,21,8200,0.0001574413268621191,0.216583713889122,0.10206636041402817,0.30798810720443726,0.07469169050455093,0.0017449544975534081,0.008029349148273468,,
1782064512.168914,train,21,8250,0.00015743312527517346,0.24857540428638458,0.14761020243167877,0.2670159935951233,0.06804788112640381,0.001872599241323769,0.0077752904035151005,,
1782064521.5747404,train,21,8300,0.0001574249231116991,0.38154137134552,0.2756625711917877,0.2996636927127838,0.06166589632630348,0.0012994596036151052,0.005179628264158964,,
1782064531.0855892,train,21,8350,0.00015741672037177846,0.22153519093990326,0.1261397749185562,0.2459786832332611,0.06759748607873917,0.0010201575933024287,0.0060780784115195274,,
1782064540.5228395,train,21,8400,0.0001574085170554939,0.24799714982509613,0.14148102700710297,0.29038870334625244,0.06765881925821304,0.0008954711374826729,0.005196054000407457,,
1782064549.9972482,train,21,8450,0.0001574003131629278,0.44253453612327576,0.311631977558136,0.3900918960571289,0.06657180935144424,0.0009368055034428835,0.005904917139559984,,
1782064559.4068782,train,21,8500,0.00015739210869416233,0.23498104512691498,0.14177332818508148,0.2583176791667938,0.05693123862147331,0.0016269554616883397,0.00721677765250206,,
1782064569.0050793,train,21,8550,0.00015738390364928,0.24855700135231018,0.15904180705547333,0.22203077375888824,0.06782988458871841,0.0009257255587726831,0.005327225662767887,,
1782064578.380865,train,21,8600,0.0001573756980283631,0.26252490282058716,0.17803990840911865,0.21629831194877625,0.06062790006399155,0.0009645712561905384,0.006042274180799723,,
1782064587.8780618,train,21,8650,0.00015736749183149402,0.22304317355155945,0.14195546507835388,0.1906784176826477,0.06666368246078491,0.0008625898626632988,0.006557284388691187,,
1782064597.3327327,train,21,8700,0.00015735928505875517,0.27715975046157837,0.17360620200634003,0.27621808648109436,0.0686211958527565,0.0018840744160115719,0.006713198032230139,,
1782064606.8592281,train,21,8750,0.00015735107771022906,0.2260875552892685,0.12710338830947876,0.25845181941986084,0.06847181171178818,0.001352975144982338,0.006225841119885445,,
1782064616.2862182,train,21,8800,0.00015734286978599774,0.41624459624290466,0.29615896940231323,0.3451986312866211,0.06731314212083817,0.001293976092711091,0.0058031147345900536,,
1782064625.7346416,train,21,8850,0.00015733466128614387,0.23253794014453888,0.14555683732032776,0.22328564524650574,0.06210656464099884,0.001064089359715581,0.00629233755171299,,
1782064635.2134604,train,21,8900,0.0001573264522107498,0.1897897571325302,0.08964955061674118,0.24921314418315887,0.07537782192230225,0.0014801790239289403,0.0051599666476249695,,
1782064644.6775925,train,21,8950,0.00015731824255989785,0.3356209397315979,0.22778844833374023,0.2961755394935608,0.06735151261091232,0.0011286380467936397,0.006115170195698738,,
1782064654.1640387,train,21,9000,0.00015731003233367051,0.37026211619377136,0.2483893632888794,0.34748005867004395,0.06956224143505096,0.002216147957369685,0.007437795866280794,,
1782064663.6858118,train,21,9050,0.00015730182153215016,0.33737945556640625,0.23353073000907898,0.2742459774017334,0.07029281556606293,0.001408022129908204,0.009628339670598507,,
1782064673.1303806,train,21,9100,0.00015729361015541922,0.25585535168647766,0.16255471110343933,0.2280079573392868,0.07231312990188599,0.001420554704964161,0.007798137608915567,,
1782064682.6550126,train,21,9150,0.00015728539820356017,0.2921380400657654,0.19821222126483917,0.23432773351669312,0.07045820355415344,0.0011478732340037823,0.0061006974428892136,,
1782064692.1147692,train,21,9200,0.00015727718567665539,0.20786066353321075,0.11729966849088669,0.2237984985113144,0.06902655959129333,0.0009809178300201893,0.005008406471461058,,
1782064701.5493019,train,21,9250,0.00015726897257478735,0.18536555767059326,0.11104217171669006,0.16247676312923431,0.0672214925289154,0.0009344870923087001,0.006747992243617773,,
1782064711.0175447,train,21,9300,0.00015726075889803845,0.3412134349346161,0.21600674092769623,0.36253800988197327,0.06877271085977554,0.0018583174096420407,0.01048961654305458,,
1782064720.4510438,train,21,9350,0.00015725254464649122,0.27530381083488464,0.17533810436725616,0.26745134592056274,0.06602585315704346,0.0008993824594654143,0.005614152643829584,,
1782064729.9010193,train,21,9400,0.00015724432982022797,0.18707112967967987,0.09733020514249802,0.2116168886423111,0.07336753606796265,0.0015292534371837974,0.009431087411940098,,
1782064739.3831527,train,21,9450,0.0001572361144193314,0.35557228326797485,0.22838641703128815,0.3720293343067169,0.06818004697561264,0.0008849939913488925,0.005350584164261818,,
1782064748.7779975,train,21,9500,0.00015722789844388382,0.34372010827064514,0.22556652128696442,0.32629209756851196,0.07289207726716995,0.0013453647261485457,0.0070757376961410046,,
1782064758.21118,train,21,9550,0.00015721968189396772,0.4039979875087738,0.2766033113002777,0.3738628327846527,0.06755843758583069,0.0014974336372688413,0.006774610374122858,,
1782064767.7703679,train,21,9600,0.00015721146476966572,0.3393709659576416,0.21890105307102203,0.3286205232143402,0.07635681331157684,0.0013636823277920485,0.006839515641331673,,
1782064777.3255937,train,21,9650,0.00015720324707105997,0.36319342255592346,0.2636857330799103,0.26266470551490784,0.06749017536640167,0.0009643567609600723,0.005395741201937199,,
1782064786.841296,train,21,9700,0.0001571950287982332,0.36514928936958313,0.24141345918178558,0.36213570833206177,0.06608471274375916,0.0015953794354572892,0.0065436516888439655,,
1782064796.4153364,train,21,9750,0.00015718680995126778,0.3070467412471771,0.1930772364139557,0.33614274859428406,0.05962386354804039,0.001218812307342887,0.004780344665050507,,
1782064805.9341938,train,21,9800,0.0001571785905302462,0.17533943057060242,0.09795939922332764,0.18367008864879608,0.06277008354663849,0.0007745398324914277,0.004649564623832703,,
1782064815.42628,train,21,9850,0.00015717037053525126,0.1858712136745453,0.1062866821885109,0.169748455286026,0.07401431351900101,0.0014026268618181348,0.007092603016644716,,
1782064824.897846,train,21,9900,0.00015716214996636514,0.402057945728302,0.27868878841400146,0.3451341688632965,0.0738082155585289,0.0018153105629608035,0.006835033185780048,,
1782064834.3543944,train,21,9950,0.00015715392882367047,0.19869427382946014,0.10234595835208893,0.24581240117549896,0.06954878568649292,0.0012081977911293507,0.0070298900827765465,,
1782064843.8363447,train,21,10000,0.00015714570710724992,0.2787918150424957,0.17145928740501404,0.30072280764579773,0.06406311690807343,0.0012024001916870475,0.006278947461396456,,
1782064853.2058594,train,21,10050,0.00015713748481718603,0.19707873463630676,0.11320459842681885,0.2117338925600052,0.061654262244701385,0.00113539001904428,0.007154514081776142,,
1782064862.7311366,train,21,10100,0.00015712926195356105,0.43249571323394775,0.31225401163101196,0.3549724817276001,0.06278006732463837,0.0010855046566575766,0.007599976845085621,,
1782064872.2191205,train,21,10150,0.00015712103851645774,0.23800429701805115,0.1560925394296646,0.18982923030853271,0.06870824098587036,0.0010033170692622662,0.009240864776074886,,
1782064881.662551,train,21,10200,0.00015711281450595863,0.3217502236366272,0.2069750726222992,0.32645538449287415,0.06595306098461151,0.0018477364210411906,0.007864472456276417,,
1782064891.0820718,train,21,10250,0.00015710458992214635,0.27215734124183655,0.17939616739749908,0.23532801866531372,0.06756565719842911,0.0014634312829002738,0.006981235928833485,,
1782064900.521852,train,21,10300,0.00015709636476510326,0.19615451991558075,0.09650982916355133,0.26044961810112,0.06878334283828735,0.0014062309637665749,0.005689878016710281,,
1782064909.939603,train,21,10350,0.00015708813903491208,0.29382845759391785,0.18672308325767517,0.30901363492012024,0.05927971750497818,0.002121050376445055,0.007401275914162397,,
1782064919.4937327,train,21,10400,0.0001570799127316553,0.21398641169071198,0.1266966462135315,0.19815729558467865,0.07524938136339188,0.0012574349530041218,0.006968398578464985,,
1782064929.0222416,train,21,10450,0.00015707168585541546,0.4362674355506897,0.29325684905052185,0.4344324767589569,0.06852620840072632,0.0013936222530901432,0.006811946164816618,,
1782064938.4703898,train,21,10500,0.00015706345840627516,0.33462727069854736,0.22661150991916656,0.2975729703903198,0.0670216903090477,0.0011165952309966087,0.006096371915191412,,
1782064947.9591713,train,21,10550,0.00015705523038431703,0.20126746594905853,0.106754370033741,0.24017758667469025,0.06862501055002213,0.0015619636978954077,0.007589390035718679,,
1782064957.4253592,train,21,10600,0.0001570470017896238,0.29497453570365906,0.19182385504245758,0.2721989154815674,0.0699453055858612,0.0012829487677663565,0.006705611478537321,,
1782064966.8783314,train,21,10650,0.0001570387726222779,0.31460121273994446,0.20572307705879211,0.3002849519252777,0.06728295981884003,0.0016541490331292152,0.005963037721812725,,
1782064976.453596,train,21,10700,0.0001570305428823619,0.18393754959106445,0.099138543009758,0.21821025013923645,0.060152318328619,0.0017026822315528989,0.008816773071885109,,
1782064985.890272,train,21,10750,0.0001570223125699586,0.4058472514152527,0.28680503368377686,0.3458140790462494,0.06500765681266785,0.000848831026814878,0.006148947402834892,,
1782064995.2421708,train,21,10800,0.0001570140816851504,0.2254754900932312,0.13226141035556793,0.24281816184520721,0.06481274962425232,0.001031650579534471,0.006638455670326948,,
1782065004.726982,train,21,10850,0.0001570058502280201,0.32490524649620056,0.23260094225406647,0.24041004478931427,0.06418611109256744,0.0010875212028622627,0.006501835770905018,,
1782065014.2107422,train,21,10900,0.00015699761819865026,0.27173304557800293,0.15871284902095795,0.30636072158813477,0.07254441827535629,0.0015779308741912246,0.007416623178869486,,
1782065023.6456397,train,21,10950,0.0001569893855971236,0.2546786665916443,0.1482650637626648,0.2887484133243561,0.06809311360120773,0.00179954431951046,0.01217561587691307,,
1782065033.069331,train,21,11000,0.0001569811524235225,0.30119195580482483,0.1918676346540451,0.2869095504283905,0.0749104917049408,0.0014170316280797124,0.007931102067232132,,
1782065042.5868309,train,21,11050,0.00015697291867792994,0.29207995533943176,0.17648643255233765,0.31694674491882324,0.07245334982872009,0.0013014591531828046,0.00601077638566494,,
1782065052.031191,train,21,11100,0.0001569646843604284,0.25422143936157227,0.15491916239261627,0.2633216977119446,0.06670918315649033,0.0011728305835276842,0.006541802082210779,,
1782065061.3620265,train,21,11150,0.0001569564494711005,0.3584088385105133,0.2258804887533188,0.39245909452438354,0.06847426295280457,0.0017644668696448207,0.0061476388946175575,,
1782065070.7478445,train,21,11200,0.00015694821401002917,0.33520975708961487,0.22817258536815643,0.2886185050010681,0.06946328282356262,0.0015088120708242059,0.009057335555553436,,
1782065080.2217536,train,21,11250,0.00015693997797729668,0.352864533662796,0.23889435827732086,0.3137194812297821,0.07077086716890335,0.001548737520352006,0.00854761153459549,,
1782065089.6445,train,21,11300,0.00015693174137298578,0.1752498298883438,0.10019248723983765,0.17657367885112762,0.061609022319316864,0.0010940561769530177,0.005421013105660677,,
1782065099.121238,train,21,11350,0.00015692350419717945,0.24169091880321503,0.1479448676109314,0.23454150557518005,0.07000934332609177,0.0010599212255328894,0.005474425852298737,,
1782065108.571015,train,21,11400,0.00015691526644996017,0.27559107542037964,0.18435673415660858,0.2259778380393982,0.06919656693935394,0.0014159680576995015,0.010177800431847572,,
1782065117.9910781,train,21,11450,0.00015690702813141058,0.2631974220275879,0.16059517860412598,0.27516287565231323,0.06735850870609283,0.0013226920273154974,0.006388439796864986,,
1782065127.485895,train,21,11500,0.0001568987892416136,0.14865590631961823,0.06938882172107697,0.1767210215330124,0.06977953016757965,0.0019706781022250652,0.007387635298073292,,
1782065136.98209,train,21,11550,0.00015689054978065167,0.2999997138977051,0.2118019163608551,0.21614229679107666,0.06816135346889496,0.0008153397357091308,0.005473743658512831,,
1782065146.51432,train,21,11600,0.00015688230974860766,0.3647477924823761,0.24868859350681305,0.3383975923061371,0.0626593679189682,0.0013010603142902255,0.008363191038370132,,
1782065156.0364401,train,21,11650,0.00015687406914556418,0.35786473751068115,0.2402239739894867,0.3286651372909546,0.07064081728458405,0.0015408099861815572,0.007430182304233313,,
1782065165.5119607,train,21,11700,0.00015686582797160408,0.17509077489376068,0.09673549234867096,0.17321448028087616,0.06985542178153992,0.001239440287463367,0.006849521771073341,,
1782065174.969721,train,21,11750,0.00015685758622681003,0.37544000148773193,0.25053974986076355,0.36517465114593506,0.06699702143669128,0.0010807011276483536,0.004754201043397188,,
1782065184.5403955,train,21,11800,0.00015684934391126468,0.3789813220500946,0.2555660903453827,0.3529205024242401,0.0701323002576828,0.0011893874034285545,0.0074114869348704815,,
1782065194.005551,train,21,11850,0.00015684110102505097,0.33782774209976196,0.22611120343208313,0.31894028186798096,0.06373640149831772,0.0011327354004606605,0.0059376549907028675,,
1782065203.4861162,train,21,11900,0.00015683285756825142,0.2742834985256195,0.183608740568161,0.23770460486412048,0.06227931007742882,0.0010897056199610233,0.005940041039139032,,
1782065212.9186254,train,21,11950,0.00015682461354094888,0.26098862290382385,0.13944515585899353,0.3373636305332184,0.07397034019231796,0.002174139255657792,0.009644007310271263,,
1782065222.3145893,train,21,12000,0.0001568163689432262,0.39611756801605225,0.2686096131801605,0.361552357673645,0.07406170666217804,0.0008901701658032835,0.004496229346841574,,
1782065231.7704847,train,21,12050,0.00015680812377516604,0.24346132576465607,0.14887487888336182,0.24682658910751343,0.06554021686315536,0.001096810563467443,0.00752474507316947,,
1782065241.3312085,train,21,12100,0.00015679987803685096,0.2123863846063614,0.11347106099128723,0.25295016169548035,0.07110637426376343,0.0012458476703613997,0.007075244095176458,,
1782065250.8096523,train,21,12150,0.00015679163172836424,0.28043022751808167,0.18651489913463593,0.22067520022392273,0.07721240073442459,0.0014035162748768926,0.00804951786994934,,
1782065260.2389529,train,21,12200,0.00015678338484978823,0.34104007482528687,0.22948884963989258,0.30303144454956055,0.07126853615045547,0.001590920495800674,0.009385008364915848,,
1782065269.7466316,train,21,12250,0.00015677513740120592,0.32680410146713257,0.2181117832660675,0.27982598543167114,0.07723318040370941,0.0011919670505449176,0.007635016925632954,,
1782065279.220469,train,21,12300,0.00015676688938269994,0.1580701321363449,0.06958810985088348,0.21589769423007965,0.0688345655798912,0.0009031801600940526,0.004830612801015377,,
1782065288.5997562,train,21,12350,0.00015675864079435319,0.16332018375396729,0.0934620127081871,0.16600781679153442,0.05655849352478981,0.0007698072004131973,0.005404076538980007,,
1782065298.0535843,train,21,12400,0.00015675039163624832,0.26802951097488403,0.18072625994682312,0.21475403010845184,0.06695502996444702,0.0013722289586439729,0.009024688974022865,,
1782065307.610382,train,21,12450,0.00015674214190846843,0.12566685676574707,0.048450667411088943,0.1692010462284088,0.06956078112125397,0.0013553658500313759,0.006040189880877733,,
1782065317.1199427,train,21,12500,0.000156733891611096,0.37871477007865906,0.2629988491535187,0.32184508442878723,0.07018467783927917,0.001623459393158555,0.007888930849730968,,
1782065326.565996,train,21,12550,0.00015672564074421425,0.20934371650218964,0.12164245545864105,0.21408624947071075,0.06817036122083664,0.0009452324593439698,0.006561797112226486,,
1782065336.017598,train,21,12600,0.00015671738930790567,0.2404976636171341,0.15521526336669922,0.21386559307575226,0.06337232142686844,0.0012985405046492815,0.007113790605217218,,
1782065345.49994,train,21,12650,0.0001567091373022531,0.26286566257476807,0.1725434511899948,0.2292478233575821,0.06578446924686432,0.0011801166692748666,0.007320634089410305,,
1782065354.9705877,train,21,12700,0.0001567008847273397,0.2889169752597809,0.18320538103580475,0.27388373017311096,0.07420885562896729,0.0013621733523905277,0.00740426778793335,,
1782065364.4581668,train,21,12750,0.00015669263158324796,0.30059555172920227,0.18439917266368866,0.3335861265659332,0.0652836263179779,0.001580465235747397,0.008687006309628487,,
1782065373.9933734,train,21,12800,0.00015668437787006096,0.2630040943622589,0.1596279889345169,0.268769770860672,0.07217193394899368,0.000976886018179357,0.006047068163752556,,
1782065383.5027776,train,21,12850,0.00015667612358786126,0.19555751979351044,0.10006345808506012,0.26736998558044434,0.05702861398458481,0.0013725456083193421,0.0066644721664488316,,
1782065392.9582548,train,21,12900,0.00015666786873673206,0.28466448187828064,0.17480698227882385,0.3016546964645386,0.06869025528430939,0.0009869621135294437,0.00656486488878727,,
1782065402.3986092,train,21,12950,0.00015665961331675604,0.24765370786190033,0.1601138561964035,0.22842511534690857,0.060622382909059525,0.001223802100867033,0.005990482866764069,,
1782065411.8217683,train,21,13000,0.00015665135732801605,0.3888240158557892,0.2703772187232971,0.3347591757774353,0.0691838338971138,0.0016508178086951375,0.009285440668463707,,
1782065421.270729,train,21,13050,0.00015664310077059514,0.15514115989208221,0.07428378611803055,0.18671131134033203,0.06808391213417053,0.001375767751596868,0.008230910636484623,,
1782065547.7430556,val,21,,,0.306428845295606,0.1893082368289704,0.32361272147433573,0.07214348305459888,0.0014568658376832438,0.00710421732409632,,
1782065558.2933578,train,22,50,0.00015663236639590602,0.25398629903793335,0.15623678267002106,0.24055451154708862,0.07493069767951965,0.0014554803492501378,0.008188778534531593,,
1782065567.7146566,train,22,100,0.000156624108530833,0.30935904383659363,0.20820486545562744,0.27363333106040955,0.06528723239898682,0.0010221535339951515,0.00731950206682086,,
1782065577.166527,train,22,150,0.00015661585009735262,0.2112768441438675,0.12527823448181152,0.2055089771747589,0.0689898431301117,0.001264472957700491,0.0076096318662166595,,
1782065586.6746144,train,22,200,0.00015660759109554763,0.27404752373695374,0.16971728205680847,0.28845158219337463,0.06421613693237305,0.0010927326511591673,0.00583924213424325,,
1782065596.1807296,train,22,250,0.00015659933152550098,0.2803395390510559,0.17244097590446472,0.292706698179245,0.06916365027427673,0.0014008295256644487,0.00746142165735364,,
1782065605.6888597,train,22,300,0.0001565910713872955,0.280661404132843,0.18546725809574127,0.23456136882305145,0.07286176830530167,0.0012289240257814527,0.0073098125867545605,,
1782065615.1792781,train,22,350,0.00015658281068101418,0.23158781230449677,0.1362571269273758,0.2412194013595581,0.06980890780687332,0.0012138808378949761,0.008034213446080685,,
1782065624.706295,train,22,400,0.0001565745494067399,0.3022294342517853,0.18662558495998383,0.3282974064350128,0.06681400537490845,0.0012250019935891032,0.0059447637759149075,,
1782065634.2068098,train,22,450,0.00015656628756455566,0.2013390213251114,0.11947779357433319,0.18923643231391907,0.06888282299041748,0.0011069596512243152,0.0051849838346242905,,
1782065643.7823224,train,22,500,0.00015655802515454422,0.2320229709148407,0.14366723597049713,0.1988789588212967,0.07693946361541748,0.001662671216763556,0.006557287182658911,,
1782065653.2976599,train,22,550,0.00015654976217678842,0.2632172703742981,0.15271738171577454,0.3009326756000519,0.07006368786096573,0.0023486779537051916,0.00623016944155097,,
1782065662.9028208,train,22,600,0.00015654149863137163,0.26545509696006775,0.15125033259391785,0.3188573718070984,0.0686415582895279,0.0016962485387921333,0.008264001458883286,,
1782065672.4185839,train,22,650,0.00015653323451837639,0.2628095746040344,0.15592063963413239,0.27742767333984375,0.07477860152721405,0.0014272863045334816,0.008219479583203793,,
1782065682.1827586,train,22,700,0.00015652496983788603,0.21443505585193634,0.12521670758724213,0.22363793849945068,0.06637530028820038,0.0012122474145144224,0.005471754819154739,,
1782065691.7392766,train,22,750,0.00015651670458998327,0.29562973976135254,0.20071445405483246,0.24818477034568787,0.06538601219654083,0.0017611663788557053,0.008069883100688457,,
1782065701.1509163,train,22,800,0.00015650843877475123,0.23115578293800354,0.14637544751167297,0.19504491984844208,0.07173346728086472,0.0015236056642606854,0.00535696092993021,,
1782065710.6503406,train,22,850,0.00015650017239227272,0.33703964948654175,0.2122773826122284,0.3544221818447113,0.07212165743112564,0.0009586858213879168,0.004658894147723913,,
1782065720.2177165,train,22,900,0.00015649190544263087,0.4882228672504425,0.36386188864707947,0.36773955821990967,0.0646456703543663,0.0010325832990929484,0.006697727367281914,,
1782065729.7750618,train,22,950,0.00015648363792590856,0.21412985026836395,0.13326340913772583,0.1861339509487152,0.06843983381986618,0.0011302942875772715,0.008113410323858261,,
1782065739.2880218,train,22,1000,0.00015647536984218874,0.33225518465042114,0.21337217092514038,0.3411959409713745,0.06678111106157303,0.001934724859893322,0.008000471629202366,,
1782065748.8562803,train,22,1050,0.0001564671011915546,0.30462363362312317,0.20804791152477264,0.24484208226203918,0.07049688696861267,0.0011672276305034757,0.007945933379232883,,
1782065758.3983266,train,22,1100,0.00015645883197408896,0.28748172521591187,0.1834210455417633,0.27222347259521484,0.07171951979398727,0.001450531417503953,0.005969575140625238,,
1782065767.9155567,train,22,1150,0.00015645056218987493,0.21727466583251953,0.11894451081752777,0.2368648499250412,0.07797912508249283,0.001243758131749928,0.0054038455709815025,,
1782065777.4254415,train,22,1200,0.00015644229183899545,0.23645763099193573,0.1397419422864914,0.24324198067188263,0.07157288491725922,0.0011874547926709056,0.006700735539197922,,
1782065786.942696,train,22,1250,0.00015643402092153366,0.3430144190788269,0.2161858230829239,0.363450825214386,0.07160629332065582,0.0016275554662570357,0.006650324445217848,,
1782065796.3844283,train,22,1300,0.0001564257494375724,0.24660922586917877,0.13782495260238647,0.293679803609848,0.07045266777276993,0.0013798101572319865,0.007785413414239883,,
1782065805.7899315,train,22,1350,0.0001564174773871949,0.2600588798522949,0.15304754674434662,0.28439605236053467,0.07160722464323044,0.0010873253922909498,0.006940717808902264,,
1782065815.5051699,train,22,1400,0.00015640920477048406,0.30821990966796875,0.19077229499816895,0.32996872067451477,0.06959753483533859,0.0015665715327486396,0.0062077720649540424,,
1782065824.9679158,train,22,1450,0.000156400931587523,0.27591803669929504,0.17034317553043365,0.2848512828350067,0.06842641532421112,0.0014884184347465634,0.005357465706765652,,
1782065834.3900244,train,22,1500,0.00015639265783839472,0.31989586353302,0.20810510218143463,0.29461249709129333,0.07594747096300125,0.0016392333200201392,0.007705996744334698,,
1782065843.950373,train,22,1550,0.00015638438352318223,0.276302695274353,0.1770830750465393,0.25694963335990906,0.06966292858123779,0.0015072781825438142,0.007549128495156765,,
1782065853.39918,train,22,1600,0.00015637610864196875,0.14096695184707642,0.06637459248304367,0.16699430346488953,0.06546986848115921,0.0010885114315897226,0.006558760069310665,,
1782065862.953715,train,22,1650,0.00015636783319483713,0.3682687282562256,0.2380356341600418,0.38042908906936646,0.06987357884645462,0.0018903666641563177,0.0072872452437877655,,
1782065872.414105,train,22,1700,0.00015635955718187072,0.40003395080566406,0.2783637046813965,0.3427870571613312,0.07169052213430405,0.0012822782155126333,0.004794495180249214,,
1782065881.9309273,train,22,1750,0.0001563512806031523,0.3116995692253113,0.2069835066795349,0.27868029475212097,0.0698772594332695,0.0010734460083767772,0.006988417822867632,,
1782065891.3991554,train,22,1800,0.000156343003458765,0.2465110421180725,0.1459764987230301,0.2668163478374481,0.06738463789224625,0.0013814996927976608,0.006945934612303972,,
1782065900.914849,train,22,1850,0.00015633472574879212,0.2872517704963684,0.16211923956871033,0.3648403286933899,0.06753206998109818,0.0015640676720067859,0.005873597227036953,,
1782065910.354511,train,22,1900,0.00015632644747331665,0.28798118233680725,0.18217027187347412,0.28743743896484375,0.06763149052858353,0.0013580939266830683,0.008546069264411926,,
1782065919.848309,train,22,1950,0.00015631816863242163,0.2648930847644806,0.17525038123130798,0.22348478436470032,0.06726493686437607,0.0013906435342505574,0.006096084136515856,,
1782065929.202285,train,22,2000,0.00015630988922619022,0.2729127109050751,0.1865508258342743,0.19270266592502594,0.07613303512334824,0.0011970227351412177,0.00951189361512661,,
1782065938.726407,train,22,2050,0.00015630160925470546,0.4846067428588867,0.35742127895355225,0.3771670162677765,0.06551340222358704,0.001370325917378068,0.007798728533089161,,
1782065948.1219776,train,22,2100,0.00015629332871805053,0.2799428105354309,0.1737704575061798,0.27802637219429016,0.07308460026979446,0.0012347421143203974,0.00853231642395258,,
1782065957.5119889,train,22,2150,0.00015628504761630856,0.42448171973228455,0.3010043501853943,0.36948421597480774,0.0619589202105999,0.001268827822059393,0.007756877224892378,,
1782065966.8964293,train,22,2200,0.0001562767659495627,0.19921718537807465,0.11983293294906616,0.18952512741088867,0.06379465013742447,0.0010565001284703612,0.006805423181504011,,
1782065976.3825128,train,22,2250,0.00015626848371789589,0.32600364089012146,0.2193092554807663,0.2862188220024109,0.06981103867292404,0.0023416918702423573,0.008041993714869022,,
1782065985.8506322,train,22,2300,0.00015626020092139147,0.3804880678653717,0.2570747137069702,0.3447679281234741,0.07415169477462769,0.001455347053706646,0.00870476569980383,,
1782065995.2921648,train,22,2350,0.00015625191756013263,0.2621212899684906,0.15967708826065063,0.2585029602050781,0.07538820803165436,0.0012435202952474356,0.00807010568678379,,
1782066004.7323186,train,22,2400,0.0001562436336342024,0.29655030369758606,0.18686579167842865,0.2866925597190857,0.0755673497915268,0.0022769656497985125,0.010581971146166325,,
1782066014.2507079,train,22,2450,0.000156235349143684,0.39334046840667725,0.2819291353225708,0.3088187277317047,0.0682084858417511,0.001023894059471786,0.006161624100059271,,
1782066023.7134006,train,22,2500,0.0001562270640886604,0.22831377387046814,0.13949695229530334,0.21923862397670746,0.06775448471307755,0.001299208728596568,0.008460676297545433,,
1782066033.1764355,train,22,2550,0.0001562187784692149,0.3678008019924164,0.23487330973148346,0.38681870698928833,0.07207263261079788,0.0018649512203410268,0.008464590646326542,,
1782066042.7155924,train,22,2600,0.00015621049228543076,0.24640683829784393,0.1513051837682724,0.24117890000343323,0.06930998712778091,0.0015192771097645164,0.006597473751753569,,
1782066052.1125152,train,22,2650,0.0001562022055373911,0.25965413451194763,0.1452658623456955,0.3182206451892853,0.06937181949615479,0.0014719993341714144,0.007256671320647001,,
1782066061.6610684,train,22,2700,0.00015619391822517908,0.2861577570438385,0.17969830334186554,0.29267197847366333,0.06627997010946274,0.00151488883420825,0.008077592588961124,,
1782066071.169651,train,22,2750,0.00015618563034887787,0.19580775499343872,0.10722530633211136,0.2180803120136261,0.06788279861211777,0.0012096090940758586,0.00864159781485796,,
1782066080.6068902,train,22,2800,0.0001561773419085707,0.19167421758174896,0.09919241070747375,0.22683089971542358,0.07131006568670273,0.001190447248518467,0.007090399973094463,,
1782066090.0863316,train,22,2850,0.00015616905290434074,0.511387288570404,0.37717077136039734,0.3910110592842102,0.07261884957551956,0.0015430860221385956,0.007055202499032021,,
1782066099.5504692,train,22,2900,0.00015616076333627144,0.24677571654319763,0.14295540750026703,0.2715313732624054,0.07157675176858902,0.0014908257871866226,0.006315990816801786,,
1782066108.990603,train,22,2950,0.00015615247320444577,0.3703155219554901,0.26474735140800476,0.28653183579444885,0.0675111785531044,0.0017962210113182664,0.010802160948514938,,
1782066118.478103,train,22,3000,0.00015614418250894694,0.31463757157325745,0.1995585858821869,0.33024901151657104,0.06482124328613281,0.0010613943450152874,0.0058015757240355015,,
1782066127.965887,train,22,3050,0.00015613589124985805,0.16389553248882294,0.07892543822526932,0.20915460586547852,0.06512431055307388,0.0011929490137845278,0.004798904061317444,,
1782066137.4258232,train,22,3100,0.00015612759942726265,0.23086655139923096,0.14339321851730347,0.22331781685352325,0.06310809403657913,0.0008983289590105414,0.00636346684768796,,
1782066146.9176955,train,22,3150,0.00015611930704124378,0.41388410329818726,0.29851073026657104,0.33197322487831116,0.06456074863672256,0.0009967448422685266,0.006232461426407099,,
1782066156.4269073,train,22,3200,0.0001561110140918848,0.2981506884098053,0.19440904259681702,0.26539984345436096,0.07446955889463425,0.0015689934371039271,0.00634267833083868,,
1782066165.8512812,train,22,3250,0.00015610272057926884,0.23147901892662048,0.13696977496147156,0.24109116196632385,0.06823413819074631,0.0011938122333958745,0.006996851414442062,,
1782066175.293712,train,22,3300,0.0001560944265034792,0.3309708535671234,0.20649023354053497,0.3590989112854004,0.06913840025663376,0.0013670858461409807,0.007671404629945755,,
1782066184.7508388,train,22,3350,0.00015608613186459907,0.2551133334636688,0.15750469267368317,0.2508196532726288,0.06948977708816528,0.0015884365420788527,0.008970464579761028,,
1782066194.1844137,train,22,3400,0.0001560778366627119,0.36203089356422424,0.24832360446453094,0.3145509362220764,0.06986860930919647,0.0013525101821869612,0.013396047055721283,,
1782066203.59362,train,22,3450,0.00015606954089790071,0.29813477396965027,0.18249745666980743,0.328341543674469,0.06684280931949615,0.0013052115682512522,0.0063691651448607445,,
1782066213.0344048,train,22,3500,0.0001560612445702489,0.1971818506717682,0.10749261826276779,0.22329409420490265,0.06745792180299759,0.001367434742860496,0.006624126341193914,,
1782066222.4977763,train,22,3550,0.00015605294767983977,0.4430612027645111,0.3107306659221649,0.39164260029792786,0.06862953305244446,0.0010512031149119139,0.006031480152159929,,
1782066231.905711,train,22,3600,0.00015604465022675648,0.28297555446624756,0.17191611230373383,0.30302584171295166,0.07037937641143799,0.0011331881396472454,0.0074708713218569756,,
1782066241.4497087,train,22,3650,0.00015603635221108261,0.27579671144485474,0.16146080195903778,0.3246971666812897,0.06604894995689392,0.0013713606167584658,0.006926882546395063,,
1782066250.924671,train,22,3700,0.00015602805363290118,0.2974207401275635,0.18522483110427856,0.30279141664505005,0.0726335272192955,0.0018130490789189935,0.006448829080909491,,
1782066260.374394,train,22,3750,0.00015601975449229565,0.42505571246147156,0.28113439679145813,0.44178929924964905,0.066715769469738,0.0011610683286562562,0.0061319367960095406,,
1782066269.871438,train,22,3800,0.0001560114547893492,0.34608954191207886,0.2164456695318222,0.3872275948524475,0.06534165143966675,0.001661489950492978,0.0074071153067052364,,
1782066279.2968218,train,22,3850,0.00015600315452414515,0.19386997818946838,0.10269927978515625,0.22710083425045013,0.0685892105102539,0.001008763094432652,0.0061926268972456455,,
1782066288.6353638,train,22,3900,0.00015599485369676707,0.2852054238319397,0.1947345733642578,0.22941875457763672,0.06590687483549118,0.001627221703529358,0.008398324251174927,,
1782066298.0745096,train,22,3950,0.0001559865523072981,0.39600759744644165,0.2778640389442444,0.34267130494117737,0.06472281366586685,0.001143312663771212,0.006438632495701313,,
1782066307.6876018,train,22,4000,0.0001559782503558214,0.2219366431236267,0.12752851843833923,0.2533198893070221,0.06195136904716492,0.0010248253820464015,0.0069780838675796986,,
1782066317.1961453,train,22,4050,0.00015596994784242065,0.24748344719409943,0.15686361491680145,0.21464252471923828,0.07360145449638367,0.0015847329050302505,0.00926804170012474,,
1782066326.593009,train,22,4100,0.00015596164476717886,0.25964850187301636,0.1455024629831314,0.3065566420555115,0.07452356070280075,0.002450881525874138,0.008548608981072903,,
1782066336.016321,train,22,4150,0.00015595334113017973,0.2107212394475937,0.10908934473991394,0.28142091631889343,0.062258172780275345,0.0014757264871150255,0.008833447471261024,,
1782066345.471943,train,22,4200,0.00015594503693150627,0.20264700055122375,0.12467184662818909,0.17247410118579865,0.06952890753746033,0.0009217157494276762,0.00801401399075985,,
1782066354.8857915,train,22,4250,0.00015593673217124206,0.19896109402179718,0.11917319893836975,0.19460251927375793,0.061944425106048584,0.0016506756655871868,0.00639375438913703,,
1782066364.2949378,train,22,4300,0.00015592842684947046,0.38452035188674927,0.26890265941619873,0.3197057843208313,0.07114469259977341,0.001189225586131215,0.00649440661072731,,
1782066373.766901,train,22,4350,0.0001559201209662747,0.19514188170433044,0.10478942841291428,0.21229428052902222,0.074275903403759,0.001409278018400073,0.009201964363455772,,
1782066383.2588615,train,22,4400,0.00015591181452173812,0.30773958563804626,0.21770043671131134,0.2230381965637207,0.0683484822511673,0.0010536982445046306,0.006721921265125275,,
1782066392.741887,train,22,4450,0.00015590350751594422,0.36489418148994446,0.2451179027557373,0.3385014533996582,0.0700787752866745,0.0011150772916153073,0.007046802900731564,,
1782066402.209031,train,22,4500,0.0001558951999489766,0.19302910566329956,0.10802719742059708,0.20519129931926727,0.06710807234048843,0.0015005208551883698,0.009721611626446247,,
1782066411.6427212,train,22,4550,0.00015588689182091835,0.28600355982780457,0.17980384826660156,0.2902413606643677,0.06703497469425201,0.001218847231939435,0.007284393068403006,,
1782066421.1098294,train,22,4600,0.00015587858313185297,0.31099316477775574,0.20938792824745178,0.2763749659061432,0.06484618782997131,0.0008841134840622544,0.007859399542212486,,
1782066430.6056912,train,22,4650,0.00015587027388186384,0.6088994741439819,0.4482605457305908,0.508575439453125,0.06675995886325836,0.001151109579950571,0.006908710580319166,,
1782066440.0912666,train,22,4700,0.00015586196407103443,0.24402955174446106,0.12763310968875885,0.31989598274230957,0.07254624366760254,0.001493188552558422,0.006904927548021078,,
1782066449.557732,train,22,4750,0.00015585365369944805,0.29335829615592957,0.20335474610328674,0.21277233958244324,0.07339686155319214,0.001120169647037983,0.005023560021072626,,
1782066459.0404217,train,22,4800,0.00015584534276718825,0.2016402781009674,0.10650205612182617,0.2246590107679367,0.07758074253797531,0.001830869703553617,0.007458094507455826,,
1782066468.369434,train,22,4850,0.00015583703127433827,0.35364463925361633,0.24641235172748566,0.2948301434516907,0.06683928519487381,0.0010512638837099075,0.005863713100552559,,
1782066477.9105792,train,22,4900,0.00015582871922098152,0.29951295256614685,0.1873423010110855,0.3135730028152466,0.06722598522901535,0.001643758499994874,0.0065690032206475735,,
1782066487.4498522,train,22,4950,0.00015582040660720172,0.2695538103580475,0.16391515731811523,0.27362871170043945,0.07420248538255692,0.0013023433275520802,0.005707582458853722,,
1782066496.9574342,train,22,5000,0.00015581209343308212,0.2583771049976349,0.16979585587978363,0.22357724606990814,0.06522180885076523,0.0007604043348692358,0.004174656700342894,,
1782066506.3471541,train,22,5050,0.00015580377969870635,0.12688513100147247,0.0459505058825016,0.17811602354049683,0.07256375253200531,0.0012376030208542943,0.007978100329637527,,
1782066515.8304012,train,22,5100,0.00015579546540415773,0.39842453598976135,0.26578009128570557,0.38093796372413635,0.07453089207410812,0.001444980502128601,0.008193688467144966,,
1782066525.3370447,train,22,5150,0.00015578715054951971,0.22890816628932953,0.1337917149066925,0.2348223179578781,0.07251143455505371,0.0015515531413257122,0.009667521342635155,,
1782066534.7179604,train,22,5200,0.00015577883513487586,0.33911874890327454,0.24727517366409302,0.22674749791622162,0.07009666413068771,0.001083744689822197,0.004605791997164488,,
1782066544.2264462,train,22,5250,0.00015577051916030967,0.15014119446277618,0.08423415571451187,0.1458168923854828,0.05874074995517731,0.0008245451026596129,0.0061584715731441975,,
1782066553.829955,train,22,5300,0.0001557622026259043,0.19738440215587616,0.11340858042240143,0.1999940574169159,0.06775619089603424,0.000992240384221077,0.005327025894075632,,
1782066563.259568,train,22,5350,0.0001557538855317435,0.24703074991703033,0.1632007211446762,0.21787159144878387,0.05848598852753639,0.0011912863701581955,0.005093697924166918,,
1782066572.6816928,train,22,5400,0.00015574556787791065,0.2581936717033386,0.16095001995563507,0.24887815117835999,0.06969138979911804,0.0017840430373325944,0.007353767286986113,,
1782066582.1727324,train,22,5450,0.0001557372496644893,0.25699740648269653,0.16478116810321808,0.23158158361911774,0.06840966641902924,0.0011602379381656647,0.007961551658809185,,
1782066591.594012,train,22,5500,0.00015572893089156302,0.20705538988113403,0.13721515238285065,0.14208583533763885,0.06845352798700333,0.0009201931534335017,0.006204816047102213,,
1782066601.0428214,train,22,5550,0.00015572061155921514,0.2867554724216461,0.18813951313495636,0.25955072045326233,0.06721777468919754,0.0011940283002331853,0.008553165942430496,,
1782066610.5019183,train,22,5600,0.00015571229166752928,0.1940067708492279,0.10393086820840836,0.22126410901546478,0.06932993978261948,0.0009490035590715706,0.005936674308031797,,
1782066620.003658,train,22,5650,0.00015570397121658915,0.1778087615966797,0.10147996246814728,0.17139528691768646,0.06675273925065994,0.00103601289447397,0.006376078352332115,,
1782066629.5183578,train,22,5700,0.00015569565020647803,0.20592473447322845,0.09886256605386734,0.289707750082016,0.06879527866840363,0.0023759189061820507,0.008361275307834148,,
1782066638.9412715,train,22,5750,0.00015568732863727945,0.1457052230834961,0.06832044571638107,0.17485013604164124,0.06709218770265579,0.0012615466257557273,0.007260982412844896,,
1782066648.4416318,train,22,5800,0.000155679006509077,0.2103300243616104,0.11848018318414688,0.2219875007867813,0.07245153188705444,0.0012719399528577924,0.007023748010396957,,
1782066657.9466357,train,22,5850,0.00015567068382195417,0.2651684284210205,0.16950352489948273,0.23854613304138184,0.07173891365528107,0.0015890741487964988,0.0057215141132473946,,
1782066667.4583588,train,22,5900,0.00015566236057599453,0.235346719622612,0.15427912771701813,0.19824275374412537,0.06283041089773178,0.0009169499971903861,0.007647222373634577,,
1782066677.0777643,train,22,5950,0.00015565403677128168,0.2718278467655182,0.16887077689170837,0.28473931550979614,0.06331953406333923,0.0011247266083955765,0.006031310185790062,,
1782066686.530134,train,22,6000,0.00015564571240789924,0.22601458430290222,0.12051615118980408,0.2883581817150116,0.06653743982315063,0.0014016095083206892,0.008383190259337425,,
1782066696.0201688,train,22,6050,0.00015563738748593063,0.3258349895477295,0.23120906949043274,0.2368587702512741,0.0705767422914505,0.0012287853751331568,0.00784323737025261,,
1782066705.534907,train,22,6100,0.00015562906200545945,0.2322942018508911,0.1420964151620865,0.21585886180400848,0.07215969264507294,0.0015321747632697225,0.008328107185661793,,
1782066715.0424197,train,22,6150,0.00015562073596656924,0.18796148896217346,0.09782838821411133,0.22313055396080017,0.06841342151165009,0.0014373983722180128,0.008006707765161991,,
1782066724.520392,train,22,6200,0.00015561240936934356,0.27256396412849426,0.16790316998958588,0.2807224988937378,0.06874353438615799,0.0010838902089744806,0.007765923161059618,,
1782066733.9430883,train,22,6250,0.0001556040822138662,0.30584168434143066,0.20456786453723907,0.2698828876018524,0.06711194664239883,0.0024712502490729094,0.007962551899254322,,
1782066743.4037857,train,22,6300,0.00015559575450022065,0.13613677024841309,0.06475123763084412,0.15494902431964874,0.065077044069767,0.0010976161574944854,0.006347705144435167,,
1782066752.9259973,train,22,6350,0.00015558742622849033,0.26444509625434875,0.1541820913553238,0.30149221420288086,0.06949128210544586,0.0014429172733798623,0.008246430195868015,,
1782066762.507043,train,22,6400,0.0001555790973987591,0.25753504037857056,0.15589158236980438,0.2759210467338562,0.06505635380744934,0.001349924597889185,0.00639315927401185,,
1782066771.9544692,train,22,6450,0.0001555707680111103,0.3807545006275177,0.24511587619781494,0.3962457478046417,0.07275119423866272,0.0020160493440926075,0.009305570274591446,,
1782066781.5685918,train,22,6500,0.00015556243806562784,0.22057683765888214,0.11354778707027435,0.2800261676311493,0.07377592474222183,0.0013455303851515055,0.005149050150066614,,
1782066791.056967,train,22,6550,0.0001555541075623952,0.2284262478351593,0.1575331687927246,0.14896166324615479,0.06710857897996902,0.000983811100013554,0.004718473646789789,,
1782066800.5103238,train,22,6600,0.0001555457765014959,0.2117820531129837,0.11949275434017181,0.23362374305725098,0.06743233650922775,0.0016718931728973985,0.009103089570999146,,
1782066810.0346615,train,22,6650,0.0001555374448830136,0.20466090738773346,0.12347380816936493,0.18939223885536194,0.06745079159736633,0.001136309583671391,0.008856777101755142,,
1782066819.5061176,train,22,6700,0.00015552911270703206,0.1824123114347458,0.1052965521812439,0.16621632874011993,0.07085864990949631,0.0013235547812655568,0.008169648237526417,,
1782066828.982302,train,22,6750,0.00015552077997363508,0.2824026048183441,0.17250172793865204,0.2912289798259735,0.07393409311771393,0.001266134437173605,0.007763125002384186,,
1782066838.4800885,train,22,6800,0.00015551244668290598,0.22916391491889954,0.13623952865600586,0.24170373380184174,0.06477804481983185,0.0010944096138700843,0.008018058724701405,,
1782066847.971024,train,22,6850,0.00015550411283492838,0.26265591382980347,0.15751789510250092,0.2847912907600403,0.06760063022375107,0.0013988929567858577,0.008550545200705528,,
1782066857.4310522,train,22,6900,0.00015549577842978606,0.1701488196849823,0.0762455090880394,0.22946591675281525,0.07276228815317154,0.001556812901981175,0.007690614555031061,,
1782066866.967223,train,22,6950,0.0001554874434675628,0.2311406135559082,0.1473972648382187,0.2146281898021698,0.05993080884218216,0.001209081383422017,0.006106588989496231,,
1782066876.466707,train,22,7000,0.00015547910794834203,0.3865422010421753,0.27372971177101135,0.30278247594833374,0.07399061322212219,0.0012159377802163363,0.007738286163657904,,
1782066885.8988419,train,22,7050,0.00015547077187220762,0.2416292130947113,0.15114670991897583,0.22304388880729675,0.06920826435089111,0.0011739429319277406,0.00809403695166111,,
1782066895.4305897,train,22,7100,0.0001554624352392433,0.21534639596939087,0.1334148347377777,0.19507846236228943,0.06611517071723938,0.0010435836156830192,0.005392777267843485,,
1782066904.9354355,train,22,7150,0.00015545409804953254,0.3903653919696808,0.2548806667327881,0.40625083446502686,0.06759876757860184,0.0012262824457138777,0.006603963673114777,,
1782066914.387915,train,22,7200,0.00015544576030315907,0.46524563431739807,0.335650771856308,0.38337433338165283,0.06716097891330719,0.0017079119570553303,0.0051139947026968,,
1782066923.819234,train,22,7250,0.00015543742200020675,0.23582251369953156,0.12535372376441956,0.2998746335506439,0.07066202908754349,0.001691084704361856,0.006176778580993414,,
1782066933.2902105,train,22,7300,0.00015542908314075899,0.2724076807498932,0.17536287009716034,0.259655624628067,0.06409929692745209,0.0008124082232825458,0.005020777694880962,,
1782066942.6974978,train,22,7350,0.0001554207437248998,0.44357582926750183,0.3195074200630188,0.36773356795310974,0.06403230875730515,0.0011886176653206348,0.007377554662525654,,
1782066952.1907363,train,22,7400,0.00015541240375271289,0.3732356131076813,0.2622394263744354,0.31226950883865356,0.06561917811632156,0.0011920193210244179,0.00680748512968421,,
1782066961.6114898,train,22,7450,0.00015540406322428184,0.3110384941101074,0.19022150337696075,0.32605794072151184,0.07832212001085281,0.0014143999433144927,0.004580124747008085,,
1782066971.1184928,train,22,7500,0.00015539572213969037,0.2541676163673401,0.16063202917575836,0.21700359880924225,0.07830224186182022,0.0013357512652873993,0.005850653629750013,,
1782066980.6387734,train,22,7550,0.00015538738049902218,0.26618561148643494,0.160844087600708,0.2823989689350128,0.06917783617973328,0.001528633525595069,0.008958573453128338,,
1782066990.1391823,train,22,7600,0.00015537903830236115,0.3179941177368164,0.18405531346797943,0.39512622356414795,0.07002627104520798,0.0014413163298740983,0.006167565938085318,,
1782066999.6579995,train,22,7650,0.00015537069554979107,0.19846701622009277,0.12010232359170914,0.18708796799182892,0.06297430396080017,0.0010554022155702114,0.00820290669798851,,
1782067009.130282,train,22,7700,0.00015536235224139546,0.1823672205209732,0.09965135157108307,0.20412200689315796,0.06319265067577362,0.0008903530542738736,0.007048727013170719,,
1782067018.6157663,train,22,7750,0.00015535400837725816,0.5337931513786316,0.4045133590698242,0.36924928426742554,0.07365431636571884,0.0014030380407348275,0.01005365327000618,,
1782067028.1472464,train,22,7800,0.00015534566395746294,0.2602902948856354,0.16665232181549072,0.23506222665309906,0.06949026137590408,0.0012729925801977515,0.006462755613029003,,
1782067037.5553155,train,22,7850,0.00015533731898209355,0.2896118760108948,0.18472349643707275,0.275106281042099,0.07197585701942444,0.0012387008173391223,0.006238960660994053,,
1782067047.1189992,train,22,7900,0.00015532897345123391,0.33204394578933716,0.2335396707057953,0.25499048829078674,0.06934861093759537,0.0008233984117396176,0.005767423193901777,,
1782067056.614916,train,22,7950,0.0001553206273649676,0.24331034719944,0.13950510323047638,0.26501625776290894,0.07481744140386581,0.001424608752131462,0.00844996701925993,,
1782067066.2186453,train,22,8000,0.0001553122807233784,0.1686171293258667,0.0794505923986435,0.21859414875507355,0.06869171559810638,0.0017213529208675027,0.008387502282857895,,
1782067075.7551775,train,22,8050,0.0001553039335265501,0.24825336039066315,0.1517946422100067,0.25217747688293457,0.06653225421905518,0.0014821479562669992,0.005980657879263163,,
1782067085.2475884,train,22,8100,0.00015529558577456683,0.35059303045272827,0.2203182727098465,0.3743998408317566,0.07282169908285141,0.0026395930908620358,0.006266011390835047,,
1782067094.6303773,train,22,8150,0.00015528723746751187,0.3973250687122345,0.2784232199192047,0.33555999398231506,0.06976497173309326,0.0012938184663653374,0.005887600127607584,,
1782067104.0868478,train,22,8200,0.00015527888860546928,0.2686517834663391,0.1597001999616623,0.29586511850357056,0.06976331770420074,0.0010364004410803318,0.005751993041485548,,
1782067113.5535984,train,22,8250,0.00015527053918852295,0.2167406678199768,0.1289176493883133,0.2202495038509369,0.06510550528764725,0.0020790521521121264,0.008950348012149334,,
1782067123.1472664,train,22,8300,0.0001552621892167565,0.2743101119995117,0.17532265186309814,0.26292186975479126,0.06627102196216583,0.0012148608220741153,0.006732202135026455,,
1782067132.6349268,train,22,8350,0.00015525383869025388,0.135777547955513,0.06517020612955093,0.15544730424880981,0.06332588195800781,0.0008256682194769382,0.007059636991471052,,
1782067142.055131,train,22,8400,0.00015524548760909864,0.2676442861557007,0.15084530413150787,0.3180525600910187,0.07420200854539871,0.00184819963760674,0.010318278335034847,,
1782067151.4828346,train,22,8450,0.00015523713597337507,0.423652321100235,0.2887979745864868,0.39587846398353577,0.07145852595567703,0.0015548664378002286,0.008031594567000866,,
1782067160.94641,train,22,8500,0.00015522878378316666,0.22135895490646362,0.12875507771968842,0.22303900122642517,0.07346590608358383,0.0011118104448541999,0.0058549814857542515,,
1782067170.4580545,train,22,8550,0.0001552204310385574,0.3044852614402771,0.20835737884044647,0.2550004720687866,0.06453698128461838,0.0010928601259365678,0.006664028391242027,,
1782067179.9790719,train,22,8600,0.0001552120777396311,0.22172489762306213,0.13544325530529022,0.2013130635023117,0.07161084562540054,0.0014795138267800212,0.007768556475639343,,
1782067189.4780061,train,22,8650,0.00015520372388647165,0.40289774537086487,0.2700503170490265,0.3847525417804718,0.07298544049263,0.001665786374360323,0.00794432032853365,,
1782067198.9192376,train,22,8700,0.00015519536947916282,0.18553601205348969,0.09676332026720047,0.21278886497020721,0.07084763795137405,0.0015165886143222451,0.007360908202826977,,
1782067208.467089,train,22,8750,0.0001551870145177885,0.3657416105270386,0.2637973129749298,0.2743787467479706,0.06648959219455719,0.001048221136443317,0.005814836360514164,,
1782067217.928744,train,22,8800,0.00015517865900243266,0.34585434198379517,0.2438613772392273,0.27822616696357727,0.0646383985877037,0.0011724806390702724,0.00573242362588644,,
1782067227.458044,train,22,8850,0.00015517030293317908,0.3350990414619446,0.22095532715320587,0.34026768803596497,0.057882390916347504,0.0013558606151491404,0.006433270871639252,,
1782067236.9698834,train,22,8900,0.00015516194631011156,0.15795186161994934,0.08389420062303543,0.15542444586753845,0.07015745341777802,0.0012281553354114294,0.006820705719292164,,
1782067246.3377364,train,22,8950,0.00015515358913331415,0.21629944443702698,0.12124991416931152,0.23747797310352325,0.07107177376747131,0.0014414750039577484,0.006181315053254366,,
1782067255.8613918,train,22,9000,0.00015514523140287072,0.1545027494430542,0.0669691264629364,0.198635995388031,0.07549751549959183,0.0012586930533871055,0.007207006216049194,,
1782067265.289572,train,22,9050,0.00015513687311886519,0.25553953647613525,0.14302247762680054,0.3213641345500946,0.06413140892982483,0.0011032347101718187,0.005133562721312046,,
1782067274.6593409,train,22,9100,0.0001551285142813814,0.26714158058166504,0.15459731221199036,0.3041289150714874,0.07254092395305634,0.002415758790448308,0.007307527586817741,,
1782067284.137786,train,22,9150,0.00015512015489050322,0.24169698357582092,0.14210622012615204,0.25190263986587524,0.0729583352804184,0.0013592791510745883,0.005343634635210037,,
1782067293.5871239,train,22,9200,0.00015511179494631454,0.23798543214797974,0.13083089888095856,0.28529632091522217,0.07132258266210556,0.0016915672458708286,0.007067410741001368,,
1782067303.1271112,train,22,9250,0.00015510343444889946,0.26381465792655945,0.1811397522687912,0.1929173767566681,0.06868309527635574,0.0010400100145488977,0.005960117094218731,,
1782067312.5822191,train,22,9300,0.0001550950733983417,0.2508833110332489,0.1568409949541092,0.2435704469680786,0.06601936370134354,0.001399967703036964,0.006392502225935459,,
1782067322.0629165,train,22,9350,0.00015508671179472532,0.36387938261032104,0.26258811354637146,0.2660112977027893,0.06936337053775787,0.0010674850782379508,0.005275644361972809,,
1782067331.5785482,train,22,9400,0.00015507834963813434,0.27486759424209595,0.18109923601150513,0.24068084359169006,0.06686855852603912,0.001638786750845611,0.006339332554489374,,
1782067341.027891,train,22,9450,0.00015506998692865247,0.2856709659099579,0.18966157734394073,0.24183990061283112,0.07090970128774643,0.0009455449762754142,0.007254648022353649,,
1782067350.4768138,train,22,9500,0.00015506162366636374,0.24215847253799438,0.14704883098602295,0.23610734939575195,0.07192286849021912,0.0012136786244809628,0.00515325553715229,,
1782067359.9828975,train,22,9550,0.00015505325985135213,0.18552230298519135,0.07748137414455414,0.285753458738327,0.0728607177734375,0.001722112181596458,0.006495470646768808,,
1782067369.4998477,train,22,9600,0.00015504489548370166,0.16920995712280273,0.08937189728021622,0.17881199717521667,0.0700409933924675,0.0011456161737442017,0.008643163368105888,,
1782067378.950683,train,22,9650,0.00015503653056349618,0.36039236187934875,0.23706400394439697,0.3626324534416199,0.06502488255500793,0.001577949384227395,0.007375841494649649,,
1782067388.466272,train,22,9700,0.0001550281650908197,0.3360912799835205,0.22187386453151703,0.32351768016815186,0.0664457231760025,0.0011514684883877635,0.005200444255024195,,
1782067397.910207,train,22,9750,0.00015501979906575603,0.24889476597309113,0.13817809522151947,0.3031880557537079,0.06947677582502365,0.0018127186922356486,0.007587175350636244,,
1782067407.4496934,train,22,9800,0.0001550114324883895,0.2776321768760681,0.16370408236980438,0.32082313299179077,0.06709453463554382,0.0017507324228063226,0.006518576294183731,,
1782067416.9624472,train,22,9850,0.00015500306535880384,0.2858024537563324,0.192031130194664,0.2385663539171219,0.06798966974020004,0.0013491499703377485,0.004952601157128811,,
1782067426.4623148,train,22,9900,0.00015499469767708317,0.2293226420879364,0.14388403296470642,0.2054114043712616,0.06798703968524933,0.0009223101660609245,0.0058630299754440784,,
1782067435.8423862,train,22,9950,0.00015498632944331139,0.3860607445240021,0.276564359664917,0.2971592843532562,0.07012467086315155,0.0014421859523281455,0.011167612858116627,,
1782067445.3403184,train,22,10000,0.00015497796065757255,0.2564741373062134,0.15074534714221954,0.2879127264022827,0.06726320087909698,0.0011898898519575596,0.007953489199280739,,
1782067454.8249319,train,22,10050,0.00015496959131995071,0.3115064203739166,0.1974305808544159,0.31416040658950806,0.07077767699956894,0.0014690469251945615,0.011679152026772499,,
1782067464.257405,train,22,10100,0.0001549612214305298,0.24894267320632935,0.1529046893119812,0.22750940918922424,0.07801185548305511,0.0015471047954633832,0.010561686009168625,,
1782067473.7835305,train,22,10150,0.00015495285098939386,0.3891231417655945,0.2936669588088989,0.24966149032115936,0.06587254256010056,0.001045362208969891,0.005017213989049196,,
1782067483.2549837,train,22,10200,0.00015494447999662688,0.17083518207073212,0.08791110664606094,0.19226501882076263,0.0694427415728569,0.001364526222459972,0.006886059883981943,,
1782067492.6944573,train,22,10250,0.00015493610845231296,0.27394944429397583,0.1508980095386505,0.36468952894210815,0.06355918198823929,0.0009944201447069645,0.005525251384824514,,
1782067502.1324763,train,22,10300,0.00015492773635653615,0.224874347448349,0.12986475229263306,0.2552169859409332,0.06213320046663284,0.0013876196462661028,0.009439610876142979,,
1782067511.5666997,train,22,10350,0.00015491936370938048,0.348980188369751,0.2184896469116211,0.3775465488433838,0.07186625152826309,0.0017077119555324316,0.004725215025246143,,
1782067521.058391,train,22,10400,0.0001549109905109298,0.26743045449256897,0.17747871577739716,0.21454159915447235,0.07232869416475296,0.0015198597684502602,0.00659231236204505,,
1782067530.5296457,train,22,10450,0.00015490261676126855,0.40490812063217163,0.28032663464546204,0.3604532778263092,0.06858362257480621,0.0017636106349527836,0.008912153542041779,,
1782067539.962573,train,22,10500,0.00015489424246048055,0.2691066563129425,0.16828979551792145,0.2739119827747345,0.06435403972864151,0.0016183037078008056,0.010004083625972271,,
1782067549.4299023,train,22,10550,0.0001548858676086498,0.1472432017326355,0.06934551894664764,0.1798834204673767,0.0655631572008133,0.0014525041915476322,0.007640042342245579,,
1782067558.8105655,train,22,10600,0.0001548774922058604,0.2519097924232483,0.16256584227085114,0.21892665326595306,0.06902578473091125,0.0009938753210008144,0.005133257247507572,,
1782067568.2510183,train,22,10650,0.00015486911625219637,0.3217623829841614,0.19861774146556854,0.3594737648963928,0.06627808511257172,0.0013715828536078334,0.006107260473072529,,
1782067577.644537,train,22,10700,0.0001548607397477421,0.2714785635471344,0.1648135930299759,0.28602415323257446,0.07010289281606674,0.0010748376371338964,0.008600568398833275,,
1782067586.9904058,train,22,10750,0.00015485236269258148,0.25048521161079407,0.15240563452243805,0.24590620398521423,0.07288887351751328,0.0015860339626669884,0.008049924857914448,,
1782067596.3750682,train,22,10800,0.00015484398508679856,0.297437459230423,0.1998472660779953,0.25195103883743286,0.06889073550701141,0.0015707219718024135,0.0055922698229551315,,
1782067605.7443461,train,22,10850,0.00015483560693047742,0.46876007318496704,0.34779736399650574,0.33341771364212036,0.07497359067201614,0.0012148753739893436,0.004848996642976999,,
1782067615.1144154,train,22,10900,0.00015482722822370227,0.28239384293556213,0.18572522699832916,0.2500227391719818,0.06810259073972702,0.001116422121413052,0.00847195740789175,,
1782067624.607594,train,22,10950,0.0001548188489665571,0.3187389671802521,0.22090493142604828,0.26209959387779236,0.06438374519348145,0.0011726284865289927,0.006110435351729393,,
1782067634.126828,train,22,11000,0.00015481046915912595,0.3842686414718628,0.27007895708084106,0.3205530047416687,0.06784528493881226,0.0012878332054242492,0.0073546599596738815,,
1782067643.6298244,train,22,11050,0.00015480208880149307,0.2115795612335205,0.1266801357269287,0.19773222506046295,0.07071027904748917,0.0011123048607259989,0.006463102996349335,,
1782067653.0266302,train,22,11100,0.00015479370789374283,0.15567488968372345,0.08086543530225754,0.15363536775112152,0.07257737964391708,0.0011191882658749819,0.006843686569482088,,
1782067662.4392698,train,22,11150,0.00015478532643595897,0.32939615845680237,0.22778329253196716,0.27346116304397583,0.06620626151561737,0.0014443419640883803,0.005623286589980125,,
1782067671.8629775,train,22,11200,0.00015477694442822583,0.23278987407684326,0.14904651045799255,0.19060076773166656,0.07195992767810822,0.0011321579804643989,0.00871444121003151,,
1782067681.248961,train,22,11250,0.00015476856187062742,0.26393717527389526,0.1492357701063156,0.32010146975517273,0.06910115480422974,0.0012545596109703183,0.0059538851492106915,,
1782067690.709422,train,22,11300,0.000154760178763248,0.20557254552841187,0.12597863376140594,0.17333343625068665,0.07229660451412201,0.0011224267072975636,0.007234897930175066,,
1782067700.2230663,train,22,11350,0.00015475179510617167,0.22001118957996368,0.1210097223520279,0.2538414001464844,0.07081272453069687,0.0013474746374413371,0.0065275393426418304,,
1782067709.7107725,train,22,11400,0.00015474341089948262,0.19473762810230255,0.1194576621055603,0.1704050600528717,0.06514103710651398,0.0010820033494383097,0.006126164924353361,,
1782067719.2708776,train,22,11450,0.00015473502614326483,0.2704789638519287,0.16079886257648468,0.307889848947525,0.06511861830949783,0.0014833924360573292,0.005734192207455635,,
1782067728.7277033,train,22,11500,0.0001547266408376027,0.1640038639307022,0.07804983854293823,0.1879085749387741,0.07754624634981155,0.002037603408098221,0.007389245089143515,,
1782067738.2701848,train,22,11550,0.00015471825498258044,0.2917338013648987,0.20092026889324188,0.22591593861579895,0.0684301108121872,0.001194789889268577,0.007350084837526083,,
1782067747.7704153,train,22,11600,0.00015470986857828205,0.2723276913166046,0.16300956904888153,0.307261198759079,0.06477107852697372,0.0011730112601071596,0.005960638634860516,,
1782067757.312564,train,22,11650,0.00015470148162479176,0.4708601236343384,0.3216232359409332,0.4727025628089905,0.06187236309051514,0.0012504711048677564,0.006390226073563099,,
1782067766.8148527,train,22,11700,0.00015469309412219365,0.3075874149799347,0.21827730536460876,0.2291732281446457,0.06380870938301086,0.0011245831847190857,0.005874423310160637,,
1782067776.2292984,train,22,11750,0.00015468470607057227,0.19125249981880188,0.10351964086294174,0.21422547101974487,0.0680643692612648,0.0014431396266445518,0.006759733892977238,,
1782067785.6822686,train,22,11800,0.00015467631747001143,0.19220544397830963,0.10544733703136444,0.22199243307113647,0.06229246035218239,0.0011377346236258745,0.006872946862131357,,
1782067795.1023035,train,22,11850,0.0001546679283205955,0.2079140841960907,0.12401996552944183,0.2002602517604828,0.06742194294929504,0.0011809616116806865,0.009497393853962421,,
1782067804.5707266,train,22,11900,0.00015465953862240882,0.22104595601558685,0.13269774615764618,0.20632214844226837,0.0732964500784874,0.0011944809230044484,0.006478921975940466,,
1782067814.03362,train,22,11950,0.0001546511483755354,0.19390060007572174,0.08397290110588074,0.28828296065330505,0.07540124654769897,0.0015632479917258024,0.006811030674725771,,
1782067823.5688496,train,22,12000,0.00015464275758005956,0.34394875168800354,0.23176826536655426,0.3046725392341614,0.07164740562438965,0.0018864991143345833,0.009096499532461166,,
1782067833.0734594,train,22,12050,0.00015463436623606555,0.29028648138046265,0.19220711290836334,0.2455032914876938,0.07319772988557816,0.0010469984263181686,0.006315280217677355,,
1782067842.4963002,train,22,12100,0.00015462597434363762,0.20298509299755096,0.128292515873909,0.1718655526638031,0.06325440853834152,0.000989869236946106,0.008111296221613884,,
1782067851.8941054,train,22,12150,0.00015461758190285995,0.32023435831069946,0.22493503987789154,0.2417442351579666,0.0694613829255104,0.0013254671357572079,0.007024845574051142,,
1782067861.2360637,train,22,12200,0.00015460918891381674,0.3317468464374542,0.23997025191783905,0.22696147859096527,0.06986214220523834,0.001051844097673893,0.008257318288087845,,
1782067870.576979,train,22,12250,0.00015460079537659238,0.2072712779045105,0.13107767701148987,0.18470700085163116,0.059848979115486145,0.0009235877078026533,0.004600599408149719,,
1782067880.050056,train,22,12300,0.00015459240129127107,0.2994452714920044,0.17568685114383698,0.3524585962295532,0.07104432582855225,0.0012159718899056315,0.0070860981941223145,,
1782067889.4975975,train,22,12350,0.00015458400665793704,0.3127359449863434,0.19438320398330688,0.33258605003356934,0.07016689330339432,0.0012279016664251685,0.00680919224396348,,
1782067898.994567,train,22,12400,0.00015457561147667442,0.28004974126815796,0.17412929236888885,0.28121331334114075,0.07091949880123138,0.0015736488858237863,0.010038333013653755,,
1782067908.4470396,train,22,12450,0.00015456721574756777,0.25044962763786316,0.1448938250541687,0.2897411584854126,0.0659651979804039,0.0013792040990665555,0.0063414014875888824,,
1782067917.9030554,train,22,12500,0.0001545588194707011,0.2667614817619324,0.16968707740306854,0.2604501247406006,0.06370513141155243,0.001093036960810423,0.005676518194377422,,
1782067927.3913856,train,22,12550,0.0001545504226461589,0.24308575689792633,0.15260997414588928,0.21994660794734955,0.07082688808441162,0.0007568905130028725,0.006083494983613491,,
1782067936.838186,train,22,12600,0.00015454202527402544,0.39569756388664246,0.2794766426086426,0.32236629724502563,0.07093523442745209,0.0016174655174836516,0.00734540494158864,,
1782067946.1780143,train,22,12650,0.0001545336273543848,0.18133823573589325,0.10042132437229156,0.20078730583190918,0.06126362830400467,0.0008827371639199555,0.006763109005987644,,
1782067955.6322496,train,22,12700,0.00015452522888732164,0.38900500535964966,0.2588030993938446,0.38679173588752747,0.06675086170434952,0.0012852916261181235,0.006341152358800173,,
1782067965.1582427,train,22,12750,0.00015451682987292005,0.2726861536502838,0.17798355221748352,0.24797704815864563,0.06501904129981995,0.0019880421459674835,0.006565335672348738,,
1782067974.691509,train,22,12800,0.00015450843031126425,0.23765559494495392,0.13965001702308655,0.2533798813819885,0.06907779723405838,0.0012171741109341383,0.004958979319781065,,
1782067984.1681159,train,22,12850,0.00015450003020243868,0.30640897154808044,0.1640637069940567,0.4280759394168854,0.07032166421413422,0.00165441760327667,0.0061858175322413445,,
1782067993.6460748,train,22,12900,0.00015449162954652766,0.2965347170829773,0.179019957780838,0.3361658751964569,0.06662590056657791,0.0016034250147640705,0.004058279097080231,,
1782068003.0384116,train,22,12950,0.0001544832283436154,0.2743700444698334,0.16771699488162994,0.30479589104652405,0.060725897550582886,0.0009109909879043698,0.006715219467878342,,
1782068012.5296082,train,22,13000,0.0001544748265937864,0.36730632185935974,0.239616259932518,0.36151421070098877,0.07428688555955887,0.0016808045329526067,0.007925961166620255,,
1782068022.0358973,train,22,13050,0.00015446642429712513,0.31853973865509033,0.230153426527977,0.21078047156333923,0.07114916294813156,0.001166040194220841,0.007062604185193777,,
1782068148.284633,val,22,,,0.3108378601101223,0.19441091878256306,0.31943329810719706,0.07284654883955548,0.0014534274165817576,0.006936333370424109,,
1782068159.8510582,train,23,50,0.00015445550049408954,0.16267754137516022,0.08407902717590332,0.1741326004266739,0.06992988288402557,0.0010041212663054466,0.0042521352879703045,,
1782068169.7777963,train,23,100,0.00015444709694003352,0.3390868008136749,0.2404979169368744,0.25591805577278137,0.06903985142707825,0.0008942501153796911,0.005756943952292204,,
1782068179.4109564,train,23,150,0.00015443869283942357,0.22554746270179749,0.13122744858264923,0.221257746219635,0.07777433097362518,0.0011840654769912362,0.00500772800296545,,
1782068188.9908752,train,23,200,0.00015443028819234374,0.2915327548980713,0.18825742602348328,0.2798011004924774,0.06626757234334946,0.0019127923296764493,0.012059632688760757,,
1782068198.4988916,train,23,250,0.0001544218829988785,0.21369841694831848,0.12437036633491516,0.22130551934242249,0.06772300601005554,0.0014017682988196611,0.005881948862224817,,
1782068208.2026448,train,23,300,0.00015441347725911222,0.2205943763256073,0.1277361512184143,0.22990742325782776,0.07041066884994507,0.001760411891154945,0.00806497409939766,,
1782068217.7336717,train,23,350,0.00015440507097312954,0.13991475105285645,0.06590547412633896,0.15695278346538544,0.06937204301357269,0.0008505117148160934,0.005348013713955879,,
1782068227.374931,train,23,400,0.00015439666414101443,0.32472965121269226,0.21707864105701447,0.29225966334342957,0.06877462565898895,0.001987866358831525,0.006717882119119167,,
1782068236.9389024,train,23,450,0.0001543882567628515,0.23253075778484344,0.13336621224880219,0.27452629804611206,0.06078178435564041,0.0014208026695996523,0.00686055701225996,,
1782068246.415866,train,23,500,0.00015437984883872504,0.2502223551273346,0.14109589159488678,0.29376134276390076,0.07109284400939941,0.0013970950385555625,0.008071927353739738,,
1782068255.9585905,train,23,550,0.0001543714403687197,0.229881152510643,0.12132323533296585,0.2912524938583374,0.07112511992454529,0.0018223633524030447,0.012044659815728664,,
1782068265.479126,train,23,600,0.00015436303135291945,0.17574812471866608,0.08203133940696716,0.22654540836811066,0.07386412471532822,0.001483736326918006,0.005060691386461258,,
1782068274.9851935,train,23,650,0.00015435462179140907,0.21190443634986877,0.11418481916189194,0.25093016028404236,0.06966648995876312,0.0015383838908746839,0.0104390699416399,,
1782068284.474712,train,23,700,0.00015434621168427295,0.3782610595226288,0.26395875215530396,0.308651328086853,0.07402162998914719,0.0012865241151303053,0.007410754915326834,,
1782068293.9967186,train,23,750,0.00015433780103159543,0.2740190625190735,0.1847865730524063,0.22584737837314606,0.06526565551757812,0.0013780067674815655,0.007081099785864353,,
1782068303.647149,train,23,800,0.00015432938983346093,0.3958527743816376,0.2652823030948639,0.37514933943748474,0.07329929620027542,0.0013348538195714355,0.0059155966155231,,
1782068313.064864,train,23,850,0.00015432097808995395,0.344791054725647,0.23943562805652618,0.2913605570793152,0.0647997260093689,0.0011541481362655759,0.008101408369839191,,
1782068322.5154212,train,23,900,0.00015431256580115878,0.21200615167617798,0.11435151100158691,0.24030812084674835,0.07482914626598358,0.001630523125641048,0.007684812415391207,,
1782068332.0279253,train,23,950,0.00015430415296716,0.19301791489124298,0.11066605895757675,0.20104293525218964,0.06397103518247604,0.001056102104485035,0.004996260162442923,,
1782068341.5297985,train,23,1000,0.00015429573958804213,0.2785083055496216,0.17145012319087982,0.293631374835968,0.06709662824869156,0.0010201382683590055,0.005348289851099253,,
1782068351.0586865,train,23,1050,0.00015428732566388938,0.2957776188850403,0.1925984025001526,0.2828438878059387,0.0646868571639061,0.0012484396575018764,0.003945644479244947,,
1782068360.5103655,train,23,1100,0.00015427891119478636,0.2968560755252838,0.19173145294189453,0.2817499041557312,0.06908638030290604,0.0014394313329830766,0.007749289274215698,,
1782068370.0815797,train,23,1150,0.00015427049618081751,0.3343495726585388,0.23311185836791992,0.272756427526474,0.06588385254144669,0.001066714059561491,0.005736970342695713,,
1782068379.5650604,train,23,1200,0.00015426208062206733,0.34441110491752625,0.2247827798128128,0.33094608783721924,0.07352454215288162,0.0012950932141393423,0.00811360590159893,,
1782068389.0853276,train,23,1250,0.00015425366451862047,0.3447415232658386,0.23971150815486908,0.2719767987728119,0.07370710372924805,0.0018226935062557459,0.006397946737706661,,
1782068398.5903258,train,23,1300,0.00015424524787056106,0.23124541342258453,0.1308520883321762,0.2602299749851227,0.07040780782699585,0.0013192524202167988,0.007020124699920416,,
1782068408.034606,train,23,1350,0.00015423683067797379,0.22329100966453552,0.14733998477458954,0.17966510355472565,0.06191037595272064,0.0007957735797390342,0.006495170760899782,,
1782068417.4955463,train,23,1400,0.00015422841294094306,0.4165797531604767,0.2975808382034302,0.3247213065624237,0.07538270205259323,0.0012723186518996954,0.00683774845674634,,
1782068426.8947995,train,23,1450,0.00015421999465955354,0.3035021722316742,0.21526457369327545,0.21192331612110138,0.07031133770942688,0.0010112349409610033,0.008646099828183651,,
1782068436.3057723,train,23,1500,0.0001542115758338895,0.22497940063476562,0.14224576950073242,0.1930626481771469,0.06868799775838852,0.0012396189849823713,0.005877846386283636,,
1782068445.7868233,train,23,1550,0.00015420315646403563,0.54345703125,0.40491124987602234,0.4134761095046997,0.07007142156362534,0.001410449855029583,0.00833367183804512,,
1782068455.2831576,train,23,1600,0.00015419473655007638,0.34728342294692993,0.23731203377246857,0.3079025149345398,0.06569467484951019,0.0014840643852949142,0.01047181524336338,,
1782068464.8138936,train,23,1650,0.00015418631609209624,0.25110942125320435,0.16310928761959076,0.21280837059020996,0.06936311721801758,0.0011646960629150271,0.005221800412982702,,
1782068474.2829645,train,23,1700,0.00015417789509017984,0.249798983335495,0.14948496222496033,0.2540034055709839,0.07333531230688095,0.0014550875639542937,0.008238070644438267,,
1782068483.8187146,train,23,1750,0.0001541694735444117,0.29931721091270447,0.19498728215694427,0.2709655165672302,0.07292307913303375,0.0012701028026640415,0.006341099739074707,,
1782068493.2951155,train,23,1800,0.00015416105145487613,0.33114874362945557,0.21833620965480804,0.3164970874786377,0.06706680357456207,0.0015485916519537568,0.005441668909043074,,
1782068502.8816633,train,23,1850,0.000154152628821658,0.18293406069278717,0.10314154624938965,0.17550154030323029,0.07163212448358536,0.0010107631096616387,0.00510631175711751,,
1782068512.3577404,train,23,1900,0.00015414420564484164,0.21606935560703278,0.1285039484500885,0.21849873661994934,0.06560003012418747,0.0014071341138333082,0.006668038200587034,,
1782068521.8406005,train,23,1950,0.00015413578192451175,0.30399978160858154,0.1906673014163971,0.3164953291416168,0.06817900389432907,0.0011914342176169157,0.006895517930388451,,
1782068531.2864544,train,23,2000,0.0001541273576607528,0.22254692018032074,0.14153607189655304,0.1923949122428894,0.06555701047182083,0.0013361945748329163,0.007949991151690483,,
1782068540.7510333,train,23,2050,0.0001541189328536494,0.3525751233100891,0.23074698448181152,0.35650938749313354,0.06511799991130829,0.0014176084659993649,0.0054502934217453,,
1782068550.2465937,train,23,2100,0.0001541105075032861,0.26823365688323975,0.16621607542037964,0.2608749568462372,0.0733896940946579,0.0010398051235824823,0.0068518491461873055,,
1782068559.718019,train,23,2150,0.00015410208160974732,0.43598949909210205,0.33002495765686035,0.298364520072937,0.06252456456422806,0.0011112120701000094,0.006142725236713886,,
1782068569.1944315,train,23,2200,0.00015409365517311788,0.24315230548381805,0.15282762050628662,0.22187204658985138,0.06953249126672745,0.0009043782483786345,0.004729847889393568,,
1782068578.6690345,train,23,2250,0.00015408522819348224,0.20426683127880096,0.11130763590335846,0.22901354730129242,0.0711703971028328,0.001206038286909461,0.01025534700602293,,
1782068588.1539066,train,23,2300,0.00015407680067092502,0.23484723269939423,0.14619721472263336,0.22922879457473755,0.06250372529029846,0.0009096316643990576,0.005886587779968977,,
1782068597.5591862,train,23,2350,0.00015406837260553095,0.20818494260311127,0.11998011916875839,0.21201442182064056,0.07017933577299118,0.0011154662352055311,0.0076937745325267315,,
1782068606.9147,train,23,2400,0.0001540599439973845,0.24838033318519592,0.15428729355335236,0.23711487650871277,0.06940725445747375,0.0011070125037804246,0.007691258564591408,,
1782068616.390994,train,23,2450,0.0001540515148465702,0.25747567415237427,0.15700484812259674,0.2672673165798187,0.0670446828007698,0.0013167153811082244,0.006594329606741667,,
1782068625.8749876,train,23,2500,0.00015404308515317274,0.20687764883041382,0.11550000309944153,0.22817975282669067,0.06843224167823792,0.0011658999137580395,0.006161110941320658,,
1782068635.3105128,train,23,2550,0.0001540346549172768,0.34686732292175293,0.2373735010623932,0.2991011142730713,0.06924587488174438,0.0009559374884702265,0.006192580331116915,,
1782068644.7585359,train,23,2600,0.00015402622413896686,0.36247119307518005,0.2604617178440094,0.25593528151512146,0.07576767355203629,0.001417928608134389,0.006548014469444752,,
1782068654.2872179,train,23,2650,0.0001540177928183277,0.200506329536438,0.10556897521018982,0.23851610720157623,0.07037167251110077,0.0012249420396983624,0.008039860054850578,,
1782068663.7623725,train,23,2700,0.00015400936095544396,0.25435808300971985,0.15324439108371735,0.26216527819633484,0.07093799859285355,0.0010339802829548717,0.008864969946444035,,
1782068673.2874289,train,23,2750,0.00015400092855040026,0.24509678781032562,0.13996614515781403,0.2827970087528229,0.06863253563642502,0.0011511772172525525,0.0060879504308104515,,
1782068682.7660503,train,23,2800,0.00015399249560328116,0.1688506007194519,0.09217924624681473,0.1666760891675949,0.06977584213018417,0.0011440704111009836,0.006971630267798901,,
1782068692.2580254,train,23,2850,0.00015398406211417144,0.19133593142032623,0.09580311179161072,0.24373172223567963,0.06898031383752823,0.0010973955504596233,0.00696058152243495,,
1782068701.8059838,train,23,2900,0.00015397562808315546,0.2698057293891907,0.18178781867027283,0.21448348462581635,0.06858210265636444,0.001059634960256517,0.005335655994713306,,
1782068711.3496988,train,23,2950,0.00015396719351031812,0.251997172832489,0.17065376043319702,0.200358584523201,0.062343742698431015,0.0008189596119336784,0.00546461483463645,,
1782068720.811923,train,23,3000,0.00015395875839574404,0.19742153584957123,0.10664133727550507,0.23204009234905243,0.06532810628414154,0.001061080489307642,0.005358489695936441,,
1782068730.255133,train,23,3050,0.00015395032273951797,0.291373074054718,0.19326958060264587,0.24242931604385376,0.07472321391105652,0.0013452250277623534,0.0070663923397660255,,
1782068739.7116897,train,23,3100,0.00015394188654172458,0.35658514499664307,0.2449227124452591,0.30988284945487976,0.06817108392715454,0.0010617626830935478,0.0054291775450110435,,
1782068749.2023044,train,23,3150,0.00015393344980244858,0.17232754826545715,0.10020246356725693,0.15583878755569458,0.06613171845674515,0.0009953927947208285,0.006934412755072117,,
1782068758.689007,train,23,3200,0.00015392501252177448,0.2677481174468994,0.16470837593078613,0.26377278566360474,0.07386521995067596,0.0016394364647567272,0.008939795196056366,,
1782068768.3084621,train,23,3250,0.0001539165746997872,0.3283698558807373,0.2179916501045227,0.3016822338104248,0.06957162171602249,0.0017184787429869175,0.005623713135719299,,
1782068777.825567,train,23,3300,0.0001539081363365713,0.22616109251976013,0.1422039270401001,0.2025473415851593,0.06642915308475494,0.00105770374648273,0.008404707536101341,,
1782068787.2694557,train,23,3350,0.00015389969743221147,0.20141445100307465,0.11265408247709274,0.21579262614250183,0.06932774186134338,0.0014833572786301374,0.006041303742676973,,
1782068796.678002,train,23,3400,0.0001538912579867924,0.269410640001297,0.16109371185302734,0.297091543674469,0.06782973557710648,0.0012915111146867275,0.007650812156498432,,
1782068806.1361518,train,23,3450,0.00015388281800039893,0.18949344754219055,0.10787928849458694,0.19461697340011597,0.06572277843952179,0.0009853325318545103,0.0057658045552670956,,
1782068815.628026,train,23,3500,0.00015387437747311583,0.35790324211120605,0.23555554449558258,0.34423866868019104,0.07227366417646408,0.0015119692543521523,0.00522482069209218,,
1782068825.206764,train,23,3550,0.00015386593640502767,0.19008861482143402,0.09741128981113434,0.22449184954166412,0.07279593497514725,0.0015640342608094215,0.008922843262553215,,
1782068834.7749445,train,23,3600,0.00015385749479621922,0.3028956949710846,0.17925915122032166,0.35049018263816833,0.0718206986784935,0.0010364620247855783,0.006199783179908991,,
1782068844.295604,train,23,3650,0.0001538490526467754,0.2417994886636734,0.14309994876384735,0.26611965894699097,0.06398472934961319,0.0017726095393300056,0.005417541600763798,,
1782068853.8512852,train,23,3700,0.0001538406099567807,0.18504463136196136,0.1030743420124054,0.201397106051445,0.06299400329589844,0.0012400426203384995,0.005170534830540419,,
1782068863.3027873,train,23,3750,0.00015383216672632,0.3977524936199188,0.2575307786464691,0.4335344433784485,0.06334015727043152,0.0016800957964733243,0.004506799858063459,,
1782068872.7629364,train,23,3800,0.00015382372295547802,0.21832843124866486,0.13828147947788239,0.1955651491880417,0.062025927007198334,0.0014269067905843258,0.007938421331346035,,
1782068882.210819,train,23,3850,0.00015381527864433947,0.2304253727197647,0.12747152149677277,0.28365787863731384,0.06383177638053894,0.0012350257020443678,0.006275446154177189,,
1782068891.6432598,train,23,3900,0.00015380683379298925,0.20610268414020538,0.12171192467212677,0.20107609033584595,0.06802058964967728,0.0011144099989905953,0.007027972489595413,,
1782068901.0708776,train,23,3950,0.000153798388401512,0.25313881039619446,0.15791533887386322,0.23566879332065582,0.07237429916858673,0.001191109768114984,0.0061380499973893166,,
1782068910.6405456,train,23,4000,0.0001537899424699925,0.3885451555252075,0.260689914226532,0.37919822335243225,0.0657937154173851,0.001588513725437224,0.005482868291437626,,
1782068920.1259212,train,23,4050,0.00015378149599851559,0.27780747413635254,0.1748192310333252,0.2777630388736725,0.06682771444320679,0.0013363412581384182,0.008659088052809238,,
1782068929.5052476,train,23,4100,0.0001537730489871661,0.24327965080738068,0.16075752675533295,0.19130048155784607,0.06911220401525497,0.001409012358635664,0.006920076906681061,,
1782068938.946669,train,23,4150,0.00015376460143602858,0.26657846570014954,0.15575896203517914,0.3023797571659088,0.07012389600276947,0.0016260852571576834,0.00725556630641222,,
1782068948.438293,train,23,4200,0.0001537561533451882,0.22849418222904205,0.12681080400943756,0.27679887413978577,0.06474924832582474,0.0010903467191383243,0.007169242482632399,,
1782068957.9400332,train,23,4250,0.00015374770471472964,0.22285763919353485,0.1370687633752823,0.1960415542125702,0.07324313372373581,0.0015691862208768725,0.007669744547456503,,
1782068967.386289,train,23,4300,0.0001537392555447376,0.17590512335300446,0.0977112427353859,0.19181294739246368,0.060251329094171524,0.0011497173691168427,0.0071044242940843105,,
1782068976.9503777,train,23,4350,0.0001537308058352969,0.36277151107788086,0.2663328945636749,0.26526951789855957,0.0600014254450798,0.001205064239911735,0.005450430326163769,,
1782068986.5244095,train,23,4400,0.00015372235558649237,0.25845950841903687,0.1548141986131668,0.28121519088745117,0.06644991785287857,0.0011655892012640834,0.008158336393535137,,
1782068995.9294302,train,23,4450,0.00015371390479840895,0.1797560602426529,0.09146354347467422,0.21608057618141174,0.06832940131425858,0.0010767757194116712,0.005653651896864176,,
1782069005.353872,train,23,4500,0.0001537054534711312,0.1772800236940384,0.09281595051288605,0.1950167566537857,0.07118348777294159,0.0011814968893304467,0.007567298598587513,,
1782069014.8659146,train,23,4550,0.00015369700160474436,0.5096608400344849,0.3812292218208313,0.38752683997154236,0.06287827342748642,0.0011074524372816086,0.007876071147620678,,
1782069024.3986335,train,23,4600,0.00015368854919933303,0.3206062912940979,0.2166784256696701,0.27952802181243896,0.06790219247341156,0.0009478505235165358,0.00652236957103014,,
1782069033.886904,train,23,4650,0.00015368009625498213,0.2658529579639435,0.1692497879266739,0.24556340277194977,0.0701194629073143,0.001525985193438828,0.00684242881834507,,
1782069043.4301887,train,23,4700,0.00015367164277177645,0.24347707629203796,0.14118312299251556,0.26323914527893066,0.07265894114971161,0.0015470433281734586,0.006625757552683353,,
1782069052.9069955,train,23,4750,0.00015366318874980087,0.2704363465309143,0.17700402438640594,0.23187923431396484,0.07070764154195786,0.0010869619436562061,0.006252835970371962,,
1782069062.302851,train,23,4800,0.00015365473418914037,0.37482377886772156,0.2616841197013855,0.29879260063171387,0.0766058936715126,0.0013855246361345053,0.008635124191641808,,
1782069071.7512605,train,23,4850,0.00015364627908987964,0.4589489698410034,0.3365533947944641,0.3528743088245392,0.06805439293384552,0.0014980238629505038,0.0058406079187989235,,
1782069081.1635687,train,23,4900,0.00015363782345210347,0.35034263134002686,0.2306871861219406,0.3307790756225586,0.07358717918395996,0.0016706741880625486,0.005980867892503738,,
1782069090.6140563,train,23,4950,0.00015362936727589702,0.327420175075531,0.2242928445339203,0.28710681200027466,0.06247970461845398,0.0011075581423938274,0.008096660487353802,,
1782069100.1185012,train,23,5000,0.0001536209105613451,0.3028019964694977,0.17875130474567413,0.35435765981674194,0.07053955644369125,0.0019151682499796152,0.007032409310340881,,
1782069109.6977892,train,23,5050,0.00015361245330853228,0.30934277176856995,0.20992682874202728,0.25620150566101074,0.07048049569129944,0.001253110938705504,0.006014122627675533,,
1782069119.166201,train,23,5100,0.00015360399551754393,0.21146318316459656,0.09924545139074326,0.29757970571517944,0.07523635029792786,0.00204644538462162,0.005800115875899792,,
1782069128.6986198,train,23,5150,0.00015359553718846485,0.2840786278247833,0.19848205149173737,0.19791315495967865,0.07188981026411057,0.0017339822370558977,0.013537160120904446,,
1782069138.1983879,train,23,5200,0.00015358707832137971,0.29088738560676575,0.19520169496536255,0.2536437511444092,0.0642780289053917,0.0013576078927144408,0.008274763822555542,,
1782069147.6477215,train,23,5250,0.00015357861891637358,0.32733333110809326,0.22016943991184235,0.29155755043029785,0.068316251039505,0.001164008746854961,0.005824023392051458,,
1782069157.0350802,train,23,5300,0.00015357015897353137,0.3090321719646454,0.22017623484134674,0.22453425824642181,0.06524927914142609,0.000977549352683127,0.006372037809342146,,
1782069166.5257268,train,23,5350,0.00015356169849293786,0.18572601675987244,0.10427358746528625,0.18770939111709595,0.06876704096794128,0.0014156111283227801,0.006873629055917263,,
1782069175.993737,train,23,5400,0.00015355323747467823,0.2218734472990036,0.13313105702400208,0.22207076847553253,0.06621861457824707,0.001153951627202332,0.0063819983042776585,,
1782069185.438412,train,23,5450,0.00015354477591883722,0.20936426520347595,0.1288396418094635,0.18546731770038605,0.0680399090051651,0.0013783603208139539,0.005979263223707676,,
1782069194.9102988,train,23,5500,0.0001535363138254999,0.2784370481967926,0.19419844448566437,0.20399148762226105,0.06629515439271927,0.0009316292707808316,0.006950625218451023,,
1782069204.382068,train,23,5550,0.00015352785119475117,0.3516610264778137,0.2397717982530594,0.2951921224594116,0.07598424702882767,0.0009905180195346475,0.0066919405944645405,,
1782069213.9175363,train,23,5600,0.00015351938802667583,0.30425378680229187,0.20128554105758667,0.27603036165237427,0.06772375106811523,0.0009877999546006322,0.006625710055232048,,
1782069223.5230658,train,23,5650,0.00015351092432135897,0.1996009200811386,0.1022569015622139,0.2663704752922058,0.061263248324394226,0.0011975435772910714,0.00665291165933013,,
1782069233.005724,train,23,5700,0.00015350246007888563,0.2844109833240509,0.18354110419750214,0.2796764075756073,0.061617277562618256,0.0014214934781193733,0.007029125466942787,,
1782069242.3697882,train,23,5750,0.00015349399529934076,0.2677457928657532,0.17107446491718292,0.2486516386270523,0.068723663687706,0.0014659806620329618,0.008511509746313095,,
1782069251.7427142,train,23,5800,0.00015348552998280918,0.385274201631546,0.25683078169822693,0.3719686269760132,0.07067204266786575,0.001152479904703796,0.006260131951421499,,
1782069261.206269,train,23,5850,0.00015347706412937594,0.16971668601036072,0.08219484984874725,0.20725665986537933,0.07102721929550171,0.0019406415522098541,0.011072120629251003,,
1782069270.7183955,train,23,5900,0.0001534685977391261,0.3017336130142212,0.19972006976604462,0.2792789936065674,0.06413532048463821,0.001261092140339315,0.005373380146920681,,
1782069280.1191895,train,23,5950,0.0001534601308121445,0.2226443588733673,0.1265239715576172,0.24440990388393402,0.06971348822116852,0.0016116402111947536,0.008747567422688007,,
1782069289.5904229,train,23,6000,0.00015345166334851637,0.21447785198688507,0.12753479182720184,0.22282277047634125,0.06228969991207123,0.0009252363233827055,0.006883877795189619,,
1782069298.9466944,train,23,6050,0.00015344319534832645,0.3524547219276428,0.24989432096481323,0.269374281167984,0.07019054144620895,0.0012155452277511358,0.005987153388559818,,
1782069308.3776433,train,23,6100,0.00015343472681165983,0.4391483962535858,0.32212403416633606,0.3336173892021179,0.06691279262304306,0.0016364185139536858,0.008042216300964355,,
1782069317.8698983,train,23,6150,0.0001534262577386015,0.1884354203939438,0.1060982495546341,0.19761967658996582,0.06566713750362396,0.0009868566412478685,0.00724182790145278,,
1782069327.3336136,train,23,6200,0.00015341778812923666,0.2125721424818039,0.12228324264287949,0.22498448193073273,0.06786591559648514,0.0010982346720993519,0.0059315599501132965,,
1782069336.8240352,train,23,6250,0.00015340931798365004,0.2783327102661133,0.1689453125,0.2871839106082916,0.07497865706682205,0.0010210955515503883,0.005980930756777525,,
1782069346.301203,train,23,6300,0.00015340084730192674,0.2689013183116913,0.156703919172287,0.3041922152042389,0.07194070518016815,0.0017899966333061457,0.006688764784485102,,
1782069355.7070522,train,23,6350,0.0001533923760841518,0.3177017867565155,0.22442132234573364,0.25047892332077026,0.06114201620221138,0.0008970453054644167,0.006695875898003578,,
1782069365.186903,train,23,6400,0.00015338390433041054,0.2833883762359619,0.17318400740623474,0.3018609285354614,0.06917545944452286,0.001513935741968453,0.00800891313701868,,
1782069374.6430824,train,23,6450,0.00015337543204078775,0.21453924477100372,0.12775728106498718,0.20717228949069977,0.06974656134843826,0.0011561998398974538,0.006752470973879099,,
1782069384.0555654,train,23,6500,0.00015336695921536853,0.2274647057056427,0.13735762238502502,0.20593036711215973,0.07695615291595459,0.0014641315210610628,0.007512154057621956,,
1782069393.553748,train,23,6550,0.0001533584858542378,0.2974080741405487,0.20445923507213593,0.2345321774482727,0.06836093962192535,0.0013532936573028564,0.0073633864521980286,,
1782069403.0343099,train,23,6600,0.00015335001195748067,0.27734053134918213,0.16210007667541504,0.31865963339805603,0.07082859426736832,0.0016121696680784225,0.0059060389176011086,,
1782069412.4722822,train,23,6650,0.00015334153752518225,0.441340833902359,0.33203795552253723,0.29170557856559753,0.07245239615440369,0.0015030419453978539,0.00888875126838684,,
1782069421.8652067,train,23,6700,0.00015333306255742784,0.2236357182264328,0.12650030851364136,0.24109922349452972,0.07340756803750992,0.0015681649092584848,0.008398253470659256,,
1782069431.356988,train,23,6750,0.0001533245870543021,0.32476553320884705,0.21946601569652557,0.28550243377685547,0.06759394705295563,0.0012691844021901488,0.006175869610160589,,
1782069440.8157237,train,23,6800,0.00015331611101589024,0.13243234157562256,0.053512092679739,0.17755892872810364,0.06889831274747849,0.0008136398973874748,0.006130301859229803,,
1782069450.2688305,train,23,6850,0.00015330763444227765,0.30054157972335815,0.2021385282278061,0.2534279227256775,0.06979825347661972,0.0014694716082885861,0.007476979400962591,,
1782069459.766096,train,23,6900,0.00015329915733354913,0.2649051547050476,0.16552184522151947,0.2530757784843445,0.07193641364574432,0.0014615908730775118,0.00935516320168972,,
1782069469.2202456,train,23,6950,0.00015329067968978977,0.28419962525367737,0.17378336191177368,0.29745247960090637,0.0718308761715889,0.001377200591377914,0.009122371673583984,,
1782069478.6819735,train,23,7000,0.00015328220151108465,0.36164841055870056,0.23978838324546814,0.34035319089889526,0.07331903278827667,0.0011223271721974015,0.0068003409542143345,,
1782069488.1170783,train,23,7050,0.0001532737227975189,0.40775978565216064,0.2770841717720032,0.3756141662597656,0.07326166331768036,0.0014122301945462823,0.005011664237827063,,
1782069497.7063386,train,23,7100,0.00015326524354917776,0.20079763233661652,0.10862273722887039,0.2294197678565979,0.06939681619405746,0.0012153993593528867,0.006550926249474287,,
1782069507.1639104,train,23,7150,0.0001532567637661462,0.3086881935596466,0.22074365615844727,0.21362526714801788,0.068882517516613,0.0009695756598375738,0.008145516738295555,,
1782069516.6598496,train,23,7200,0.00015324828344850954,0.2951386272907257,0.18032090365886688,0.3190535306930542,0.06986568123102188,0.0012150403345003724,0.007921189069747925,,
1782069526.117912,train,23,7250,0.0001532398025963527,0.317175030708313,0.2157641351222992,0.26647573709487915,0.06936028599739075,0.0011181558948010206,0.009059926494956017,,
1782069535.6038787,train,23,7300,0.00015323132120976076,0.5281761288642883,0.3803209066390991,0.442389577627182,0.07416601479053497,0.0017479504458606243,0.005285306368023157,,
1782069545.103954,train,23,7350,0.00015322283928881906,0.20830374956130981,0.1248045563697815,0.18541738390922546,0.07404035329818726,0.0012466962216421962,0.005850076675415039,,
1782069554.5779746,train,23,7400,0.0001532143568336127,0.2776147425174713,0.18699011206626892,0.2320283055305481,0.06498974561691284,0.0012270715087652206,0.008535424247384071,,
1782069564.053963,train,23,7450,0.00015320587384422675,0.3849896788597107,0.24845419824123383,0.3883948028087616,0.07852910459041595,0.0017223542090505362,0.010346340015530586,,
1782069573.5703402,train,23,7500,0.00015319739032074644,0.1560620218515396,0.0651959702372551,0.2214110642671585,0.07072142511606216,0.0015256947372108698,0.004815761465579271,,
1782069583.038709,train,23,7550,0.00015318890626325686,0.2685779333114624,0.16383376717567444,0.28701648116111755,0.06575163453817368,0.0011422346578910947,0.0050503951497375965,,
1782069592.558298,train,23,7600,0.00015318042167184338,0.33145394921302795,0.24370773136615753,0.21241562068462372,0.0691092312335968,0.0008771141292527318,0.0046100132167339325,,
1782069602.0599208,train,23,7650,0.000153171936546591,0.2876622974872589,0.1853276491165161,0.2720224857330322,0.0684553012251854,0.001013765693642199,0.0073166703805327415,,
1782069611.586642,train,23,7700,0.00015316345088758483,0.28788504004478455,0.1479489803314209,0.40895867347717285,0.07511768490076065,0.0013754363171756268,0.006330092903226614,,
1782069621.1069968,train,23,7750,0.00015315496469491026,0.3095393478870392,0.21432273089885712,0.23958098888397217,0.07038736343383789,0.0012770334724336863,0.006273423321545124,,
1782069630.6223662,train,23,7800,0.00015314647796865231,0.23222331702709198,0.1464010328054428,0.21271415054798126,0.06507605314254761,0.0010572392493486404,0.004741451237350702,,
1782069640.2050211,train,23,7850,0.00015313799070889615,0.3045658469200134,0.21038836240768433,0.2632502019405365,0.056471534073352814,0.0012916901614516973,0.005952072329819202,,
1782069650.3538465,train,23,7900,0.00015312950291572694,0.3348636329174042,0.21718530356884003,0.32485148310661316,0.07260590046644211,0.0016249808249995112,0.007477381732314825,,
1782069660.3618765,train,23,7950,0.00015312101458923,0.32578063011169434,0.20951655507087708,0.33521896600723267,0.06466782093048096,0.0012540764873847365,0.004521242342889309,,
1782069671.0425236,train,23,8000,0.00015311252572949044,0.34889736771583557,0.2312212586402893,0.3290102481842041,0.07053901255130768,0.0015404734294861555,0.007802462670952082,,
1782069681.6542733,train,23,8050,0.00015310403633659364,0.18727587163448334,0.09817983955144882,0.21357423067092896,0.07111581414937973,0.001445738598704338,0.005833199713379145,,
1782069692.5222123,train,23,8100,0.00015309554641062468,0.297421395778656,0.18798798322677612,0.3024348020553589,0.0673842579126358,0.0013260120758786798,0.004570964258164167,,
1782069703.948756,train,23,8150,0.00015308705595166888,0.21017776429653168,0.10877346992492676,0.2518887519836426,0.07647749781608582,0.0019336360273882747,0.008443363010883331,,
1782069714.4438286,train,23,8200,0.00015307856495981148,0.20606575906276703,0.1136794313788414,0.23334580659866333,0.06792063266038895,0.0008957528043538332,0.005363923497498035,,
1782069724.899012,train,23,8250,0.00015307007343513758,0.2401271015405655,0.14742977917194366,0.21459682285785675,0.07784808427095413,0.0012408591574057937,0.007978842593729496,,
1782069735.7863169,train,23,8300,0.00015306158137773246,0.34589964151382446,0.23024287819862366,0.3261352479457855,0.06799009442329407,0.0012791354674845934,0.005226010922342539,,
1782069746.1080782,train,23,8350,0.0001530530887876815,0.25951096415519714,0.16190457344055176,0.2472178339958191,0.07130558788776398,0.0014913895865902305,0.007818416692316532,,
1782069756.389025,train,23,8400,0.00015304459566506983,0.3046053647994995,0.2145814299583435,0.22930482029914856,0.06516904383897781,0.0011320443591102958,0.005769452545791864,,
1782069766.8038387,train,23,8450,0.00015303610200998277,0.36088159680366516,0.2573855221271515,0.2734825015068054,0.07002612203359604,0.0011240884196013212,0.006667683832347393,,
1782069777.0708125,train,23,8500,0.00015302760782250535,0.1731056571006775,0.08194385468959808,0.23908856511116028,0.06257560104131699,0.0010184816783294082,0.005993618629872799,,
1782069786.6902585,train,23,8550,0.00015301911310272324,0.2894470691680908,0.19715483486652374,0.2198040634393692,0.07442465424537659,0.0012886883923783898,0.006036616396158934,,
1782069796.5207891,train,23,8600,0.0001530106178507214,0.21048182249069214,0.12160297483205795,0.2144850194454193,0.07015574723482132,0.001797204720787704,0.01108173280954361,,
1782069806.3090975,train,23,8650,0.0001530021220665852,0.21926727890968323,0.13871508836746216,0.1841311752796173,0.06878149509429932,0.0012864918680861592,0.007504839915782213,,
1782069816.014428,train,23,8700,0.0001529936257503999,0.18895336985588074,0.11416912823915482,0.1630321741104126,0.06784915179014206,0.0010162292746827006,0.005438179709017277,,
1782069825.611048,train,23,8750,0.00015298512890225087,0.2686081528663635,0.14906443655490875,0.3427649438381195,0.06735248863697052,0.0017625682521611452,0.007440368179231882,,
1782069835.1508331,train,23,8800,0.0001529766315222233,0.2669723629951477,0.17106065154075623,0.24992628395557404,0.0666060745716095,0.0012710527516901493,0.005947422701865435,,
1782069844.9104683,train,23,8850,0.00015296813361040252,0.34449517726898193,0.2461560219526291,0.2575956881046295,0.06761274486780167,0.0013385337078943849,0.007442607078701258,,
1782069854.485067,train,23,8900,0.0001529596351668738,0.2940160930156708,0.19030652940273285,0.2970680296421051,0.05864212289452553,0.001214731833897531,0.005326918791979551,,
1782069864.0927885,train,23,8950,0.00015295113619172266,0.2841593027114868,0.18811574578285217,0.23770742118358612,0.07291616499423981,0.0015860125422477722,0.009148644283413887,,
1782069873.6123457,train,23,9000,0.0001529426366850342,0.18020671606063843,0.09234391897916794,0.20402297377586365,0.07348165661096573,0.001162250991910696,0.005474383011460304,,
1782069883.1716204,train,23,9050,0.0001529341366468937,0.25028491020202637,0.15971097350120544,0.23571796715259552,0.0630681961774826,0.0011035952484235168,0.004986228886991739,,
1782069892.750893,train,23,9100,0.0001529256360773866,0.26579686999320984,0.1715630143880844,0.24809220433235168,0.06403108686208725,0.0019527212716639042,0.007646901533007622,,
1782069902.1657176,train,23,9150,0.00015291713497659823,0.3303746283054352,0.20698504149913788,0.34484076499938965,0.07406358420848846,0.0014756862074136734,0.007826614193618298,,
1782069911.6119347,train,23,9200,0.00015290863334461405,0.29137104749679565,0.17551004886627197,0.33217674493789673,0.06528984010219574,0.0017190782818943262,0.0073867300525307655,,
1782069921.0699093,train,23,9250,0.00015290013118151907,0.16411203145980835,0.07000251859426498,0.22224758565425873,0.07682286947965622,0.0013617741642519832,0.005631128791719675,,
1782069930.497557,train,23,9300,0.00015289162848739887,0.2288413792848587,0.1473650187253952,0.1811010092496872,0.07210387289524078,0.0014917762018740177,0.006780053023248911,,
1782069940.034799,train,23,9350,0.00015288312526233878,0.3272368907928467,0.2371765524148941,0.2135932892560959,0.07313007861375809,0.000969630666077137,0.0062095108442008495,,
1782069949.650187,train,23,9400,0.00015287462150642415,0.2603093385696411,0.16252076625823975,0.25882112979888916,0.06591634452342987,0.0012509714579209685,0.00569433718919754,,
1782069959.19032,train,23,9450,0.0001528661172197403,0.26064395904541016,0.17320971190929413,0.21331030130386353,0.06798814237117767,0.0011259481543675065,0.007831254042685032,,
1782069968.9458559,train,23,9500,0.00015285761240237263,0.36070674657821655,0.2558562159538269,0.2776613235473633,0.07061122357845306,0.001295813824981451,0.007387582212686539,,
1782069979.631869,train,23,9550,0.0001528491070544065,0.3760078549385071,0.2307024747133255,0.4293685555458069,0.07557928562164307,0.0017360758502036333,0.007094826549291611,,
1782069990.8015966,train,23,9600,0.00015284060117592732,0.2421436458826065,0.15543586015701294,0.20886345207691193,0.06878768652677536,0.0009807426249608397,0.005322459619492292,,
1782070004.0626276,train,23,9650,0.00015283209476702045,0.2185860127210617,0.12034474313259125,0.24474412202835083,0.07386606186628342,0.0012221155920997262,0.0073616583831608295,,
1782070019.3603756,train,23,9700,0.0001528235878277713,0.2782106101512909,0.18039052188396454,0.2501944303512573,0.07020814716815948,0.0016739944694563746,0.007794750388711691,,
1782070038.0974624,train,23,9750,0.00015281508035826517,0.2626192569732666,0.16618132591247559,0.2478637546300888,0.06873145699501038,0.0010627482552081347,0.006769699044525623,,
1782070056.7681923,train,23,9800,0.00015280657235858768,0.270553857088089,0.16698028147220612,0.26824766397476196,0.07258918136358261,0.002170671010389924,0.007125211879611015,,
1782070078.2400205,train,23,9850,0.00015279806382882398,0.19000601768493652,0.10044469684362411,0.2175440937280655,0.07010892778635025,0.001208389876410365,0.006783280987292528,,
1782070101.598016,train,23,9900,0.00015278955476905973,0.23703429102897644,0.16090604662895203,0.17054101824760437,0.06678610295057297,0.0009992686100304127,0.0077161649242043495,,
1782070124.741163,train,23,9950,0.00015278104517938015,0.2507227659225464,0.15075069665908813,0.25431323051452637,0.0724877193570137,0.0014990338822826743,0.0052217720076441765,,
1782070149.6646328,train,23,10000,0.00015277253505987073,0.21020817756652832,0.10227438062429428,0.2720312476158142,0.07943253219127655,0.002097261603921652,0.007615522015839815,,
1782070172.9867885,train,23,10050,0.00015276402441061692,0.22132518887519836,0.13192550837993622,0.2207968831062317,0.06802991777658463,0.0018549710512161255,0.005702031310647726,,
1782070196.330283,train,23,10100,0.0001527555132317041,0.26946020126342773,0.17614053189754486,0.23932115733623505,0.06676152348518372,0.0010859816102311015,0.007865088060498238,,
1782070223.3485358,train,23,10150,0.0001527470015232177,0.2391328662633896,0.14442178606987,0.2121325582265854,0.08303024619817734,0.0016280494164675474,0.008426273241639137,,
1782070247.4775937,train,23,10200,0.00015273848928524326,0.22212563455104828,0.12054946273565292,0.264852374792099,0.07038811594247818,0.00169023044873029,0.006109895650297403,,
1782070271.2932773,train,23,10250,0.00015272997651786608,0.16552098095417023,0.09499833732843399,0.13827204704284668,0.07166765630245209,0.001207983586937189,0.009199557825922966,,
1782070294.5062826,train,23,10300,0.00015272146322117176,0.18931443989276886,0.09828022867441177,0.2204332947731018,0.07159267365932465,0.0012953829718753695,0.007736749015748501,,
1782070320.2113938,train,23,10350,0.0001527129493952456,0.24975627660751343,0.1661800742149353,0.2002967745065689,0.06679634004831314,0.0010384853230789304,0.006433352828025818,,
1782070345.7421596,train,23,10400,0.00015270443504017324,0.20762872695922852,0.12683184444904327,0.18887344002723694,0.06696245819330215,0.000972930749412626,0.005031397100538015,,
1782070369.592881,train,23,10450,0.00015269592015604012,0.2569178640842438,0.13374841213226318,0.3503934442996979,0.07089871913194656,0.0012173200957477093,0.006105181761085987,,
1782070393.3342195,train,23,10500,0.0001526874047429316,0.2737947702407837,0.18239328265190125,0.2368030846118927,0.06411529332399368,0.0014308048412203789,0.008315406739711761,,
1782070417.6142673,train,23,10550,0.0001526788888009332,0.39170947670936584,0.2807177007198334,0.30511945486068726,0.06919094920158386,0.001164452638477087,0.0074996729381382465,,
1782070442.2018774,train,23,10600,0.00015267037233013036,0.3884464502334595,0.2705424726009369,0.3364622890949249,0.06735382229089737,0.0011150193167850375,0.008572212420403957,,
1782070467.344405,train,23,10650,0.00015266185533060873,0.30748802423477173,0.20166301727294922,0.2810640037059784,0.07080256193876266,0.0015771979233250022,0.009876064956188202,,
1782070492.759087,train,23,10700,0.00015265333780245356,0.3166530132293701,0.2098315954208374,0.29276078939437866,0.06701605767011642,0.001231866772286594,0.007479047868400812,,
1782070517.1148045,train,23,10750,0.00015264481974575067,0.2323615700006485,0.11877655237913132,0.30818140506744385,0.07285863906145096,0.0011033841874450445,0.0055277058854699135,,
1782070542.6628544,train,23,10800,0.00015263630116058545,0.19869308173656464,0.1167236864566803,0.19642838835716248,0.06554869562387466,0.0008794070454314351,0.007594018708914518,,
1782070567.3353882,train,23,10850,0.0001526277820470432,0.25711873173713684,0.16184121370315552,0.26085197925567627,0.05994677171111107,0.0009113756823353469,0.00812440924346447,,
1782070592.8065941,train,23,10900,0.00015261926240520954,0.4040748178958893,0.2736245095729828,0.38353174924850464,0.06887158751487732,0.0013157092034816742,0.007324429228901863,,
1782070617.5532954,train,23,10950,0.0001526107422351701,0.30240023136138916,0.20813170075416565,0.24300232529640198,0.06683655828237534,0.0009968383237719536,0.007451564073562622,,
1782070642.7735655,train,23,11000,0.0001526022215370105,0.23973111808300018,0.14109209179878235,0.24073731899261475,0.07651682943105698,0.001962795155122876,0.008455563336610794,,
1782070667.4541798,train,23,11050,0.00015259370031081603,0.3949132263660431,0.27231621742248535,0.3454473912715912,0.07223868370056152,0.001158224418759346,0.007091360632330179,,
1782070694.5812829,train,23,11100,0.00015258517855667235,0.1848953813314438,0.0961712971329689,0.20782876014709473,0.07328199595212936,0.0012590662809088826,0.006155252456665039,,
1782070720.783968,train,23,11150,0.00015257665627466506,0.3655499517917633,0.25685733556747437,0.3022526204586029,0.065977543592453,0.0014068573946133256,0.011991468258202076,,
1782070747.0172489,train,23,11200,0.00015256813346487964,0.23328281939029694,0.1512492448091507,0.18551120162010193,0.07111569494009018,0.00097936752717942,0.005618263967335224,,
1782070772.8541486,train,23,11250,0.00015255961012740154,0.3447447121143341,0.24396511912345886,0.2601090669631958,0.07128529995679855,0.0010966344270855188,0.00791943073272705,,
1782070799.8498845,train,23,11300,0.00015255108626231653,0.34905317425727844,0.24095308780670166,0.2908651530742645,0.07046409696340561,0.0015175702283158898,0.008147639222443104,,
1782070825.394451,train,23,11350,0.00015254256186970994,0.2837742269039154,0.19121849536895752,0.2480970323085785,0.060864076018333435,0.000994127127341926,0.0057220617309212685,,
1782070851.5945308,train,23,11400,0.00015253403694966751,0.3510831892490387,0.23357339203357697,0.3265928030014038,0.07153737545013428,0.0009289727313444018,0.005816834978759289,,
1782070876.935679,train,23,11450,0.00015252551150227476,0.184233620762825,0.0935010090470314,0.22092019021511078,0.07066810876131058,0.0016851827967911959,0.0066864462569355965,,
1782070900.3659675,train,23,11500,0.00015251698552761725,0.19409601390361786,0.10491116344928741,0.22107338905334473,0.06767230480909348,0.0008035155478864908,0.0050662122666835785,,
1782070925.745506,train,23,11550,0.0001525084590257806,0.15994475781917572,0.0807289108633995,0.18240870535373688,0.06702281534671783,0.0010226779850199819,0.007222381886094809,,
1782070955.779594,train,23,11600,0.00015249993199685041,0.3439115583896637,0.22256363928318024,0.3336494565010071,0.07563059777021408,0.0012024343013763428,0.007229761686176062,,
1782070984.6046798,train,23,11650,0.00015249140444091223,0.30487295985221863,0.19905038177967072,0.2820875644683838,0.0704367384314537,0.0008234818233177066,0.006085156928747892,,
1782071015.5148757,train,23,11700,0.00015248287635805165,0.41032615303993225,0.2654823958873749,0.4283864498138428,0.07519043982028961,0.0015193867729976773,0.006655818782746792,,
1782071047.708246,train,23,11750,0.00015247434774835433,0.30627310276031494,0.18310417234897614,0.3571837246417999,0.06747015565633774,0.0013793226098641753,0.005634021013975143,,
1782071079.3628564,train,23,11800,0.0001524658186119059,0.3059189021587372,0.21093682944774628,0.24274204671382904,0.06834520399570465,0.0012397371465340257,0.008817151188850403,,
1782071110.7848985,train,23,11850,0.00015245728894879197,0.26901471614837646,0.16072702407836914,0.295232355594635,0.06875303387641907,0.0010307732736691833,0.006143466103821993,,
1782071140.814506,train,23,11900,0.00015244875875909816,0.26650652289390564,0.17422835528850555,0.24827781319618225,0.06023120507597923,0.0009311428875662386,0.005472071468830109,,
1782071172.5347462,train,23,11950,0.00015244022804291007,0.38068217039108276,0.2547556161880493,0.35895422101020813,0.07202520966529846,0.0017541875131428242,0.012806165032088757,,
1782071204.594489,train,23,12000,0.00015243169680031327,0.3739285171031952,0.26430854201316833,0.2859252393245697,0.07605677843093872,0.001102606998756528,0.006471892818808556,,
1782071232.1307108,train,23,12050,0.00015242316503139347,0.2733151316642761,0.15849733352661133,0.3326302766799927,0.06302977353334427,0.0014535879017785192,0.006097742822021246,,
1782071260.8182817,train,23,12100,0.0001524146327362365,0.2746025323867798,0.19172978401184082,0.20255787670612335,0.06431261450052261,0.0007698549889028072,0.006254894193261862,,
1782071287.7344692,train,23,12150,0.00015240609991492765,0.38208550214767456,0.2587907314300537,0.35495322942733765,0.06876781582832336,0.0017254571430385113,0.007975409738719463,,
1782071314.3101664,train,23,12200,0.00015239756656755275,0.2181617170572281,0.13394296169281006,0.2138606607913971,0.06128241866827011,0.0011237891158089042,0.005376606248319149,,
1782071337.8713195,train,23,12250,0.00015238903269419754,0.2610478699207306,0.16773223876953125,0.24190066754817963,0.06546857953071594,0.0010617573279887438,0.006003875285387039,,
1782071360.0177119,train,23,12300,0.00015238049829494754,0.38247737288475037,0.2826945185661316,0.26608729362487793,0.06624497473239899,0.0013854983262717724,0.006074617616832256,,
1782071381.506607,train,23,12350,0.00015237196336988852,0.373640239238739,0.2599840760231018,0.3237462341785431,0.06517287343740463,0.0013318054843693972,0.006209162063896656,,
1782071402.6350973,train,23,12400,0.0001523634279191061,0.1774272918701172,0.09058055281639099,0.21305985748767853,0.06691368669271469,0.001249350723810494,0.00742175942286849,,
1782071420.7670918,train,23,12450,0.000152354891942686,0.17153307795524597,0.09604741632938385,0.17093975841999054,0.06533308327198029,0.0008419464575126767,0.006668800953775644,,
1782071439.3104613,train,23,12500,0.0001523463554407139,0.385226845741272,0.2768579125404358,0.2796388864517212,0.07665251195430756,0.0013294467935338616,0.008825848810374737,,
1782071456.9645636,train,23,12550,0.00015233781841327563,0.22589731216430664,0.12321125715970993,0.2633236348628998,0.07346709072589874,0.0012159241596236825,0.0068214051425457,,
1782071474.246286,train,23,12600,0.0001523292808604565,0.23746535181999207,0.13887754082679749,0.2548232078552246,0.06957544386386871,0.0009430107311345637,0.006723104976117611,,
1782071491.446215,train,23,12650,0.00015232074278234264,0.2134692221879959,0.12178412079811096,0.22017168998718262,0.07296689599752426,0.0015872162766754627,0.01205291599035263,,
1782071508.3565283,train,23,12700,0.00015231220417901944,0.3554859459400177,0.24087882041931152,0.31087490916252136,0.0735204890370369,0.0012813997454941273,0.004867220297455788,,
1782071524.6944294,train,23,12750,0.00015230366505057286,0.15695860981941223,0.07415642589330673,0.20018041133880615,0.06528349965810776,0.0011534133227542043,0.004610249772667885,,
1782071540.7437763,train,23,12800,0.0001522951253970885,0.3459577262401581,0.23109228909015656,0.32709741592407227,0.06585187464952469,0.0016517561161890626,0.007821033708751202,,
1782071556.201771,train,23,12850,0.00015228658521865203,0.18456007540225983,0.09602263569831848,0.21824266016483307,0.06765405833721161,0.00149746413808316,0.008821982890367508,,
1782071573.599429,train,23,12900,0.0001522780445153493,0.22271433472633362,0.1353926956653595,0.2073047012090683,0.0707191526889801,0.0013587718131020665,0.00883208867162466,,
1782071590.6186988,train,23,12950,0.0001522695032872659,0.1921890676021576,0.083827905356884,0.300350546836853,0.06623730808496475,0.0015486966585740447,0.0062036835588514805,,
1782071607.964062,train,23,13000,0.00015226096153448767,0.22133472561836243,0.1367015391588211,0.2078261375427246,0.06515482813119888,0.0009924868354573846,0.006452012341469526,,
1782071625.3383548,train,23,13050,0.00015225241925710025,0.32708075642585754,0.21500730514526367,0.2978614270687103,0.07491562515497208,0.0015025155153125525,0.009703374467790127,,
1782071762.5088522,val,23,,,0.30031811840889644,0.18515268953145586,0.3156725941877279,0.07220772446752158,0.0014341730699097286,0.006986682929079881,,
1782071804.6118956,train,24,50,0.00015224131351234711,0.3333989083766937,0.23797737061977386,0.23658141493797302,0.07224268466234207,0.00154851411934942,0.010197792202234268,,
1782071837.661878,train,24,100,0.00015223277002868416,0.1840091198682785,0.09867297112941742,0.2043364942073822,0.06823085993528366,0.001366043696179986,0.005266476888209581,,
1782071867.9180455,train,24,150,0.00015222422602069512,0.3514779210090637,0.23596365749835968,0.30931520462036133,0.07609603554010391,0.0013744817115366459,0.0050699724815785885,,
1782071893.3766944,train,24,200,0.00015221568148846584,0.17387069761753082,0.11045455187559128,0.137503519654274,0.05792469531297684,0.000779147376306355,0.0064002759754657745,,
1782071920.0937219,train,24,250,0.000152207136432082,0.2544274628162384,0.16259415447711945,0.22215266525745392,0.07235383242368698,0.001182404113933444,0.00732689443975687,,
1782071943.5085657,train,24,300,0.0001521985908516292,0.24794062972068787,0.15645620226860046,0.22478154301643372,0.07031508535146713,0.0013149625156074762,0.006461487617343664,,
1782071965.8562582,train,24,350,0.00015219004474719346,0.3604736328125,0.23772110044956207,0.3547001779079437,0.0678853690624237,0.0013483529910445213,0.00642771041020751,,
1782071986.580126,train,24,400,0.0001521814981188604,0.3225249946117401,0.21436089277267456,0.2861877381801605,0.07298095524311066,0.0012669399147853255,0.008501308970153332,,
1782072006.9170492,train,24,450,0.00015217295096671594,0.29556891322135925,0.20611800253391266,0.2260739654302597,0.06566806137561798,0.0009840421844273806,0.0063252835534513,,
1782072027.0764134,train,24,500,0.0001521644032908459,0.3288833498954773,0.21113690733909607,0.32233521342277527,0.07405941933393478,0.0013290857896208763,0.008019203320145607,,
1782072046.0147452,train,24,550,0.000152155855091336,0.2503531575202942,0.13519160449504852,0.3199833631515503,0.06996158510446548,0.001849325723014772,0.008117704652249813,,
1782072064.3111115,train,24,600,0.0001521473063682721,0.2527032196521759,0.159822016954422,0.24228961765766144,0.06443793326616287,0.0008981063729152083,0.006614630576223135,,
1782072081.2256987,train,24,650,0.00015213875712173983,0.15551164746284485,0.058983247727155685,0.24389944970607758,0.07084133476018906,0.001328778569586575,0.00798428151756525,,
1782072097.525211,train,24,700,0.00015213020735182524,0.24855226278305054,0.15957728028297424,0.2064632773399353,0.07444698363542557,0.001356816035695374,0.0076627288945019245,,
1782072113.1347256,train,24,750,0.00015212165705861413,0.27679750323295593,0.18196526169776917,0.23800453543663025,0.07042969763278961,0.0011624677572399378,0.006943363696336746,,
1782072128.457531,train,24,800,0.00015211310624219232,0.31309670209884644,0.17997173964977264,0.39805424213409424,0.06695642322301865,0.0013321791775524616,0.008114790543913841,,
1782072142.5616195,train,24,850,0.0001521045549026455,0.296797513961792,0.19339628517627716,0.2696334421634674,0.0716930702328682,0.0014631907688453794,0.007464058697223663,,
1782072157.0628436,train,24,900,0.0001520960030400597,0.1781338006258011,0.06948187947273254,0.2787097990512848,0.07757330685853958,0.0018783614505082369,0.008039258420467377,,
1782072171.0834727,train,24,950,0.00015208745065452064,0.2654178738594055,0.17448025941848755,0.23111726343631744,0.0661025121808052,0.0010703670559450984,0.00571483327075839,,
1782072184.6984727,train,24,1000,0.00015207889774611425,0.1702231466770172,0.09005257487297058,0.18797360360622406,0.06609946489334106,0.0012744059786200523,0.008616133593022823,,
1782072197.5096045,train,24,1050,0.00015207034431492642,0.1575927883386612,0.08437230437994003,0.1546100378036499,0.06887023150920868,0.0013286571484059095,0.007466866169124842,,
1782072210.2517443,train,24,1100,0.00015206179036104288,0.19197167456150055,0.0959702655673027,0.24690404534339905,0.06828688085079193,0.001319539500400424,0.007848184555768967,,
1782072222.0457642,train,24,1150,0.0001520532358845496,0.2937259376049042,0.17981868982315063,0.32294124364852905,0.06608710438013077,0.0012836650712415576,0.0061144898645579815,,
1782072234.7779129,train,24,1200,0.00015204468088553241,0.2187119424343109,0.11948632448911667,0.26693007349967957,0.06475149095058441,0.0011736813466995955,0.0063138725236058235,,
1782072246.7343554,train,24,1250,0.0001520361253640772,0.25230249762535095,0.142565056681633,0.2739173173904419,0.08210437744855881,0.0020593327935785055,0.008310363627970219,,
1782072258.718927,train,24,1300,0.00015202756932026983,0.38497018814086914,0.25273391604423523,0.37547460198402405,0.07647604495286942,0.0012961036991328,0.006148564629256725,,
1782072270.0547786,train,24,1350,0.0001520190127541962,0.31655049324035645,0.1988591104745865,0.3296073377132416,0.07030932605266571,0.0013488108525052667,0.0056725600734353065,,
1782072281.476818,train,24,1400,0.00015201045566594213,0.31069090962409973,0.20482346415519714,0.2836705446243286,0.06969839334487915,0.0010059915948659182,0.006748623680323362,,
1782072292.6448991,train,24,1450,0.00015200189805559367,0.33539023995399475,0.22617897391319275,0.2918664813041687,0.07226451486349106,0.001124078407883644,0.00593692809343338,,
1782072303.6671143,train,24,1500,0.00015199333992323675,0.2013007551431656,0.11168010532855988,0.21590405702590942,0.07109074294567108,0.0009925998747348785,0.00749426893889904,,
1782072314.2400825,train,24,1550,0.00015198478126895708,0.1901598572731018,0.10596222430467606,0.19607029855251312,0.07001609355211258,0.0017202497692778707,0.008220736868679523,,
1782072325.1594355,train,24,1600,0.00015197622209284063,0.4387674629688263,0.3146415054798126,0.35938605666160583,0.06824393570423126,0.0015746497083455324,0.008002674207091331,,
1782072335.5810223,train,24,1650,0.00015196766239497332,0.2542564868927002,0.15984803438186646,0.2470373511314392,0.06504663079977036,0.001257825642824173,0.006810382008552551,,
1782072346.5408533,train,24,1700,0.00015195910217544114,0.285737007856369,0.1878184676170349,0.24586918950080872,0.07255571335554123,0.0017338332254439592,0.006093085277825594,,
1782072357.2898824,train,24,1750,0.00015195054143433008,0.1873202919960022,0.11764317750930786,0.1512492299079895,0.06356510519981384,0.0008226094651035964,0.006767965387552977,,
1782072368.0660913,train,24,1800,0.0001519419801717259,0.27790576219558716,0.1870490461587906,0.23127883672714233,0.06571771949529648,0.0017814984312281013,0.009561196900904179,,
1782072378.8589272,train,24,1850,0.0001519334183877147,0.2136685848236084,0.12378507852554321,0.21875320374965668,0.07014526426792145,0.0012257695198059082,0.005929767154157162,,
1782072389.5941877,train,24,1900,0.00015192485608238226,0.2927210032939911,0.18374522030353546,0.29895034432411194,0.06827054172754288,0.0010290790814906359,0.006293646525591612,,
1782072400.5338292,train,24,1950,0.0001519162932558145,0.29291632771492004,0.19847223162651062,0.23706728219985962,0.07010088115930557,0.0012679503997787833,0.0071017141453921795,,
1782072410.9425836,train,24,2000,0.00015190772990809754,0.38199755549430847,0.27617594599723816,0.29850518703460693,0.062217842787504196,0.0008640988962724805,0.0061285654082894325,,
1782072421.9452908,train,24,2050,0.00015189916603931743,0.3598686456680298,0.23896893858909607,0.34883689880371094,0.06704334169626236,0.0016878695460036397,0.007098029833287001,,
1782072434.045589,train,24,2100,0.00015189060164955996,0.3706156611442566,0.2610708177089691,0.3033204674720764,0.06726130098104477,0.0008406820707023144,0.006182816345244646,,
1782072445.7503762,train,24,2150,0.0001518820367389111,0.24310477077960968,0.1504865288734436,0.23154310882091522,0.0691925585269928,0.0013618915108963847,0.006822790484875441,,
1782072457.2538826,train,24,2200,0.00015187347130745686,0.22530551254749298,0.1376120001077652,0.19550253450870514,0.07741085439920425,0.0011245216010138392,0.00746653787791729,,
1782072468.8860884,train,24,2250,0.00015186490535528335,0.3326660692691803,0.21679101884365082,0.3118542432785034,0.07546835392713547,0.001773173687979579,0.008148232474923134,,
1782072480.5933747,train,24,2300,0.0001518563388824764,0.23353147506713867,0.15755820274353027,0.17099930346012115,0.06619879603385925,0.0012405534507706761,0.009080628864467144,,
1782072492.1824486,train,24,2350,0.0001518477718891221,0.33677130937576294,0.2145887315273285,0.3479654788970947,0.07000633329153061,0.0018803796265274286,0.005980680696666241,,
1782072504.5090177,train,24,2400,0.00015183920437530633,0.2983381152153015,0.20322591066360474,0.24658316373825073,0.06666163355112076,0.001355823129415512,0.008441888727247715,,
1782072517.2954993,train,24,2450,0.0001518306363411152,0.38174405694007874,0.25109490752220154,0.3930090665817261,0.06451623141765594,0.0013876791344955564,0.0057386308908462524,,
1782072529.0414534,train,24,2500,0.00015182206778663467,0.26365384459495544,0.15525276958942413,0.28818485140800476,0.07245209068059921,0.0012883222661912441,0.007004036568105221,,
1782072540.9367852,train,24,2550,0.00015181349871195082,0.18228499591350555,0.0889921560883522,0.22704942524433136,0.07272365689277649,0.0016865276265889406,0.009508083574473858,,
1782072551.9960482,train,24,2600,0.00015180492911714966,0.20656618475914001,0.11037403345108032,0.25178539752960205,0.06616806983947754,0.0016177431680262089,0.005299401935189962,,
1782072563.683756,train,24,2650,0.00015179635900231707,0.13006500899791718,0.060449499636888504,0.14765053987503052,0.06511536985635757,0.0014520175755023956,0.008330097422003746,,
1782072575.1015322,train,24,2700,0.00015178778836753913,0.29984718561172485,0.20053492486476898,0.26586976647377014,0.06544727087020874,0.001211858238093555,0.0037489235401153564,,
1782072586.2575483,train,24,2750,0.00015177921721290204,0.4133342206478119,0.29310333728790283,0.3489637076854706,0.065729521214962,0.0012520592426881194,0.0068018133752048016,,
1782072597.4496715,train,24,2800,0.00015177064553849147,0.22458630800247192,0.14202627539634705,0.20287539064884186,0.06343149393796921,0.0012543080374598503,0.007879626005887985,,
1782072608.9018717,train,24,2850,0.00015176207334439385,0.21787308156490326,0.13286615908145905,0.1823219656944275,0.07861431688070297,0.0011927018640562892,0.005476617719978094,,
1782072620.137134,train,24,2900,0.00015175350063069496,0.24970845878124237,0.1516803503036499,0.26252472400665283,0.0645798072218895,0.0010702504077926278,0.0053327796049416065,,
1782072630.8873544,train,24,2950,0.0001517449273974809,0.35033461451530457,0.25102582573890686,0.2694490849971771,0.06366386264562607,0.0011457704240456223,0.004559788852930069,,
1782072641.6568942,train,24,3000,0.0001517363536448379,0.16635172069072723,0.08741889148950577,0.19695651531219482,0.059220366179943085,0.0008351583383046091,0.00558217940852046,,
1782072652.110624,train,24,3050,0.00015172777937285206,0.18194319307804108,0.09150674939155579,0.20772001147270203,0.07674336433410645,0.001347461249679327,0.00797836109995842,,
1782072663.0631855,train,24,3100,0.0001517192045816092,0.2435077726840973,0.15643112361431122,0.20619414746761322,0.07076267153024673,0.0014677396975457668,0.006065038964152336,,
1782072673.3671033,train,24,3150,0.00015171062927119564,0.26887574791908264,0.15466813743114471,0.33636802434921265,0.05998549982905388,0.001228402485139668,0.007278871722519398,,
1782072684.2436562,train,24,3200,0.00015170205344169723,0.2809070348739624,0.19448420405387878,0.20466609299182892,0.07034265995025635,0.0008499581599608064,0.006760469637811184,,
1782072694.513908,train,24,3250,0.00015169347709320037,0.34061652421951294,0.21636061370372772,0.3544371426105499,0.07101728022098541,0.0013797052670270205,0.0074608284048736095,,
1782072708.352657,train,24,3300,0.00015168490022579077,0.25162625312805176,0.1515207141637802,0.26517361402511597,0.06731756776571274,0.0015337119111791253,0.006524914409965277,,
1782072719.0107377,train,24,3350,0.00015167632283955463,0.27034756541252136,0.16975128650665283,0.26400333642959595,0.06885413825511932,0.0016838379669934511,0.007998524233698845,,
1782072729.422156,train,24,3400,0.00015166774493457824,0.16477824747562408,0.07818475365638733,0.201316237449646,0.07219240069389343,0.0016824068734422326,0.007981326431035995,,
1782072739.8189058,train,24,3450,0.00015165916651094767,0.403359055519104,0.28266072273254395,0.341404527425766,0.07044465839862823,0.00124869414139539,0.007350469008088112,,
1782072750.3164096,train,24,3500,0.000151650587568749,0.2830803692340851,0.1965133249759674,0.21159018576145172,0.06711690127849579,0.0011104325531050563,0.0064774020574986935,,
1782072760.8632095,train,24,3550,0.00015164200810806826,0.4082146883010864,0.29224109649658203,0.32879239320755005,0.06723534315824509,0.0015784766292199492,0.008141595870256424,,
1782072770.7903228,train,24,3600,0.0001516334281289917,0.31514406204223633,0.2190575897693634,0.23449747264385223,0.07466398179531097,0.0013010690454393625,0.007162511348724365,,
1782072780.7487,train,24,3650,0.0001516248476316053,0.2999461591243744,0.19181761145591736,0.30015552043914795,0.06585335731506348,0.001629805308766663,0.006983916275203228,,
1782072790.6579807,train,24,3700,0.00015161626661599518,0.27082234621047974,0.17373456060886383,0.24897164106369019,0.06940243393182755,0.0014365544775500894,0.00798620842397213,,
1782072800.6441936,train,24,3750,0.00015160768508224766,0.2105119377374649,0.11874590814113617,0.22774766385555267,0.06941142678260803,0.0012339341919869184,0.00838098581880331,,
1782072810.9562187,train,24,3800,0.00015159910303044868,0.36691704392433167,0.2256547063589096,0.43219083547592163,0.06615833938121796,0.0013545856345444918,0.007363461889326572,,
1782072820.7652965,train,24,3850,0.00015159052046068462,0.26246389746665955,0.17744392156600952,0.2113652229309082,0.06414218246936798,0.0010757165728136897,0.009312523528933525,,
1782072830.5401497,train,24,3900,0.00015158193737304144,0.29092010855674744,0.18365803360939026,0.2966189384460449,0.06590858101844788,0.001530488021671772,0.007140025962144136,,
1782072840.2543068,train,24,3950,0.00015157335376760547,0.35904911160469055,0.23628336191177368,0.3486076295375824,0.07082117348909378,0.0020325621590018272,0.012209143489599228,,
1782072849.8679724,train,24,4000,0.00015156476964446272,0.27255430817604065,0.1808232218027115,0.23492811620235443,0.06567012518644333,0.0016399561427533627,0.00475971307605505,,
1782072859.4539998,train,24,4050,0.00015155618500369944,0.40613946318626404,0.2577521502971649,0.4489358365535736,0.07196778059005737,0.001694613485597074,0.0063142660073935986,,
1782072869.1212876,train,24,4100,0.00015154759984540165,0.4866751432418823,0.3576236367225647,0.372236967086792,0.07159281522035599,0.001958469394594431,0.0053536249324679375,,
1782072879.003214,train,24,4150,0.0001515390141696559,0.3633381426334381,0.2328881323337555,0.3764985501766205,0.07211194932460785,0.0026939406525343657,0.006706584244966507,,
1782072889.369253,train,24,4200,0.000151530427976548,0.2642824947834015,0.16838015615940094,0.2503049075603485,0.06630922853946686,0.0017152008367702365,0.009156865067780018,,
1782072900.1018772,train,24,4250,0.0001515218412661643,0.22849297523498535,0.14028839766979218,0.21790370345115662,0.06727069616317749,0.0009331376641057432,0.006582614500075579,,
1782072911.0738883,train,24,4300,0.00015151325403859096,0.211130291223526,0.11504129320383072,0.25255516171455383,0.06569826602935791,0.0010107773123309016,0.006850395351648331,,
1782072922.0634456,train,24,4350,0.00015150466629391398,0.1840599924325943,0.09138093143701553,0.2379622757434845,0.0660632848739624,0.0015684274258092046,0.0067402059212327,,
1782072933.3198192,train,24,4400,0.00015149607803221991,0.23022863268852234,0.12878122925758362,0.2627710700035095,0.07128237187862396,0.0011345820967108011,0.00796842947602272,,
1782072944.4052682,train,24,4450,0.000151487489253595,0.20445653796195984,0.12270631641149521,0.19634076952934265,0.06509789079427719,0.0011607323540374637,0.005577098112553358,,
1782072955.8105245,train,24,4500,0.0001514788999581252,0.2613905370235443,0.17120584845542908,0.22847720980644226,0.06590916216373444,0.001108071068301797,0.009838134981691837,,
1782072966.7702105,train,24,4550,0.00015147031014589677,0.12533755600452423,0.05161783844232559,0.16061514616012573,0.06690210849046707,0.0011487642768770456,0.007804347667843103,,
1782072977.5254977,train,24,4600,0.00015146171981699603,0.20265920460224152,0.10609238594770432,0.23751981556415558,0.07406631112098694,0.0015369869070127606,0.007993963547050953,,
1782072989.4601827,train,24,4650,0.0001514531289715091,0.2618946433067322,0.15699703991413116,0.27714893221855164,0.07092062383890152,0.0015005652094259858,0.006319508887827396,,
1782073000.0355885,train,24,4700,0.0001514445376095223,0.361602783203125,0.2394966185092926,0.3534429371356964,0.06719145178794861,0.0014971457421779633,0.00704179797321558,,
1782073010.7305994,train,24,4750,0.0001514359457311218,0.257994681596756,0.14325504004955292,0.3139788806438446,0.07212259620428085,0.001836373470723629,0.005792008712887764,,
1782073021.1618278,train,24,4800,0.00015142735333639415,0.208718940615654,0.13610787689685822,0.1624400019645691,0.06379219889640808,0.0010496745817363262,0.007160738110542297,,
1782073031.1617355,train,24,4850,0.0001514187604254253,0.19475047290325165,0.10999540984630585,0.20136040449142456,0.06864195317029953,0.0009398272377438843,0.006585372611880302,,
1782073041.6044798,train,24,4900,0.00015141016699830162,0.26340195536613464,0.1595495194196701,0.26848140358924866,0.07322041690349579,0.0012187385000288486,0.0064585548825562,,
1782073051.4218154,train,24,4950,0.00015140157305510915,0.224193274974823,0.12794020771980286,0.24549713730812073,0.06945515424013138,0.0015121549367904663,0.006706039886921644,,
1782073061.3569207,train,24,5000,0.00015139297859593435,0.3145240545272827,0.1894199550151825,0.34487438201904297,0.07730992883443832,0.0023055823985487223,0.007625804282724857,,
1782073071.686333,train,24,5050,0.00015138438362086344,0.24270252883434296,0.1573280692100525,0.19233159720897675,0.07432647794485092,0.001283064833842218,0.007723988965153694,,
1782073081.934349,train,24,5100,0.00015137578812998278,0.278732031583786,0.17058143019676208,0.2858061194419861,0.07303507626056671,0.001815291354432702,0.012381087988615036,,
1782073091.761884,train,24,5150,0.00015136719212337866,0.19159086048603058,0.09931277483701706,0.2288343906402588,0.06993773579597473,0.0010061257053166628,0.005920423660427332,,
1782073101.7006636,train,24,5200,0.00015135859560113738,0.2679821252822876,0.1621582955121994,0.27053695917129517,0.07605838030576706,0.0016039313049986959,0.007152766454964876,,
1782073111.4765203,train,24,5250,0.00015134999856334513,0.2393929362297058,0.14735746383666992,0.23897689580917358,0.0643618181347847,0.0011033904738724232,0.007606808096170425,,
1782073121.3566513,train,24,5300,0.00015134140101008819,0.3388115167617798,0.22387298941612244,0.3292548656463623,0.0649859830737114,0.0013182214461266994,0.00676124170422554,,
1782073131.3321621,train,24,5350,0.00015133280294145292,0.21257179975509644,0.13457170128822327,0.15746250748634338,0.07697926461696625,0.001448401715606451,0.007945390418171883,,
1782073141.04161,train,24,5400,0.00015132420435752566,0.16376028954982758,0.0897306352853775,0.16023187339305878,0.06772251427173615,0.0011043164413422346,0.00811751838773489,,
1782073150.7542262,train,24,5450,0.00015131560525839268,0.1915888637304306,0.10271871089935303,0.21455787122249603,0.07019683718681335,0.0013226064620539546,0.007328817620873451,,
1782073160.5567992,train,24,5500,0.0001513070056441403,0.3620656132698059,0.2459496259689331,0.3238085210323334,0.07008423656225204,0.0012173459399491549,0.0068541523069143295,,
1782073170.3905106,train,24,5550,0.0001512984055148549,0.37454748153686523,0.24643999338150024,0.3736952543258667,0.06897085905075073,0.0019824004266411066,0.007869161665439606,,
1782073180.4989774,train,24,5600,0.00015128980487062274,0.42119884490966797,0.2967706322669983,0.3497687876224518,0.07369031757116318,0.001408606767654419,0.00991562008857727,,
1782073190.2419767,train,24,5650,0.00015128120371153025,0.2639106810092926,0.15800674259662628,0.29101574420928955,0.06603385508060455,0.001330748782493174,0.009302652440965176,,
1782073199.9302697,train,24,5700,0.00015127260203766368,0.2399553656578064,0.14039762318134308,0.2603168189525604,0.0687229335308075,0.0011707375524565578,0.005064123310148716,,
1782073209.88358,train,24,5750,0.00015126399984910944,0.26621684432029724,0.1585908830165863,0.2857585549354553,0.07204025238752365,0.0016621695831418037,0.008456822484731674,,
1782073219.5545185,train,24,5800,0.00015125539714595372,0.32095012068748474,0.22525061666965485,0.25107327103614807,0.06557796895503998,0.0014218920841813087,0.0061466568149626255,,
1782073229.863387,train,24,5850,0.00015124679392828312,0.19259317219257355,0.113116554915905,0.17316503822803497,0.07216985523700714,0.0010042302310466766,0.005863599479198456,,
1782073239.6111698,train,24,5900,0.00015123819019618393,0.28045693039894104,0.1858384907245636,0.24747227132320404,0.06533768773078918,0.0008152248919941485,0.005674122367054224,,
1782073249.6667137,train,24,5950,0.00015122958594974246,0.26946794986724854,0.1792665719985962,0.22318501770496368,0.06864353269338608,0.0008334712474606931,0.006275319028645754,,
1782073259.4849002,train,24,6000,0.000151220981189045,0.17808173596858978,0.08377562463283539,0.24462541937828064,0.06602645665407181,0.0013654155191034079,0.005617726128548384,,
1782073269.6182265,train,24,6050,0.00015121237591417803,0.17846286296844482,0.09405745565891266,0.20958736538887024,0.06376329809427261,0.001269130501896143,0.006379235535860062,,
1782073279.5140715,train,24,6100,0.0001512037701252281,0.3319263756275177,0.21030601859092712,0.35537904500961304,0.06530134379863739,0.0012493587564677,0.006787137594074011,,
1782073289.3589563,train,24,6150,0.00015119516382228136,0.25026312470436096,0.151105597615242,0.2568895220756531,0.06965431571006775,0.001079832436516881,0.006901557557284832,,
1782073299.4352934,train,24,6200,0.00015118655700542408,0.17147843539714813,0.10342886298894882,0.1504281908273697,0.06067832559347153,0.0010335153201594949,0.007716840133070946,,
1782073309.7178447,train,24,6250,0.0001511779496747429,0.18975618481636047,0.1100199818611145,0.17834709584712982,0.06992074847221375,0.0018904967000707984,0.0057160984724760056,,
1782073320.3470633,train,24,6300,0.00015116934183032426,0.301119863986969,0.20637919008731842,0.24816113710403442,0.06514564901590347,0.0012754967901855707,0.006588692776858807,,
1782073330.3624518,train,24,6350,0.0001511607334722545,0.24246174097061157,0.14077723026275635,0.2754047214984894,0.06539838761091232,0.0013413388514891267,0.00593952089548111,,
1782073340.5143905,train,24,6400,0.00015115212460062,0.33340877294540405,0.22552119195461273,0.2825895845890045,0.07420188188552856,0.001392414327710867,0.009557110257446766,,
1782073350.6458364,train,24,6450,0.00015114351521550715,0.3499920666217804,0.23564264178276062,0.3160983622074127,0.07027625292539597,0.0018669834826141596,0.005127502605319023,,
1782073361.0591297,train,24,6500,0.00015113490531700233,0.14945906400680542,0.067059725522995,0.19239646196365356,0.06835683435201645,0.0012180011253803968,0.006931763142347336,,
1782073371.350821,train,24,6550,0.0001511262949051921,0.16537699103355408,0.07029268145561218,0.2528960406780243,0.06342042982578278,0.0015009103808552027,0.007445844355970621,,
1782073381.302031,train,24,6600,0.00015111768398016286,0.22846411168575287,0.13738200068473816,0.2161940485239029,0.073883555829525,0.0009181577479466796,0.005626138299703598,,
1782073391.4515042,train,24,6650,0.00015110907254200107,0.17640113830566406,0.08674398064613342,0.22602346539497375,0.06604556739330292,0.0012850735802203417,0.0060783373191952705,,
1782073401.0949593,train,24,6700,0.00015110046059079298,0.17139838635921478,0.07770706713199615,0.24245429039001465,0.0658416822552681,0.0015691444277763367,0.009451109915971756,,
1782073411.2067223,train,24,6750,0.00015109184812662525,0.18247050046920776,0.10023073107004166,0.1994602531194687,0.06454355269670486,0.0010294112144038081,0.005970005411654711,,
1782073420.9192367,train,24,6800,0.00015108323514958436,0.3196052610874176,0.2232511341571808,0.23007076978683472,0.077431820333004,0.0012056151172146201,0.010701972991228104,,
1782073430.8104012,train,24,6850,0.0001510746216597567,0.3250712752342224,0.22231286764144897,0.27948686480522156,0.06554111838340759,0.001161110121756792,0.005697239190340042,,
1782073440.4542387,train,24,6900,0.00015106600765722858,0.2262122482061386,0.13782735168933868,0.21971489489078522,0.0666956678032875,0.0010834169806912541,0.005334488116204739,,
1782073449.9742143,train,24,6950,0.0001510573931420866,0.31141117215156555,0.1946030706167221,0.3348354995250702,0.06600189208984375,0.0009827765170484781,0.005413157399743795,,
1782073459.5300157,train,24,7000,0.0001510487781144172,0.39008596539497375,0.2818554937839508,0.2970217764377594,0.06776714324951172,0.0009145750664174557,0.0071714180521667,,
1782073469.0868473,train,24,7050,0.00015104016257430698,0.2795881927013397,0.18404054641723633,0.253174364566803,0.06419651210308075,0.0015580531908199191,0.00649271160364151,,
1782073478.5934646,train,24,7100,0.00015103154652184228,0.20253236591815948,0.12625007331371307,0.1784997284412384,0.06308707594871521,0.0011380922514945269,0.00495578208938241,,
1782073488.2014835,train,24,7150,0.00015102292995710975,0.3488740026950836,0.23083710670471191,0.33434563875198364,0.06863077729940414,0.0013512935256585479,0.0047790659591555595,,
1782073497.721757,train,24,7200,0.0001510143128801957,0.2759808599948883,0.17696860432624817,0.2561480700969696,0.06978261470794678,0.0008392124436795712,0.005172687582671642,,
1782073507.202021,train,24,7250,0.00015100569529118678,0.3474394381046295,0.23760022222995758,0.28937599062919617,0.0746833011507988,0.0015356483636423945,0.005652804393321276,,
1782073516.6937194,train,24,7300,0.00015099707719016956,0.20099633932113647,0.11518920212984085,0.2098046988248825,0.06642793118953705,0.0014200618024915457,0.006969171576201916,,
1782073526.1730657,train,24,7350,0.00015098845857723026,0.3030942380428314,0.21554261445999146,0.22570593655109406,0.06202874332666397,0.0011074839858338237,0.006141794845461845,,
1782073535.7362547,train,24,7400,0.00015097983945245552,0.20173802971839905,0.11152832210063934,0.2156773805618286,0.07229482382535934,0.001429529394954443,0.005382434464991093,,
1782073545.1937377,train,24,7450,0.00015097121981593202,0.45184192061424255,0.3205568790435791,0.3780798316001892,0.07327056676149368,0.001297916634939611,0.008968159556388855,,
1782073554.8151,train,24,7500,0.00015096259966774616,0.33042407035827637,0.2381555587053299,0.2381635308265686,0.0652880147099495,0.0008362046210095286,0.0053098020143806934,,
1782073564.3229408,train,24,7550,0.0001509539790079845,0.28966546058654785,0.19216707348823547,0.2638283371925354,0.06277577579021454,0.001533782691694796,0.0056984927505254745,,
1782073573.8732994,train,24,7600,0.00015094535783673346,0.24568530917167664,0.1479087471961975,0.25046011805534363,0.07010621577501297,0.0010842026676982641,0.006510401610285044,,
1782073583.3728979,train,24,7650,0.00015093673615407968,0.35155248641967773,0.2369806170463562,0.3189796805381775,0.06947331875562668,0.0009028472704812884,0.005724663380533457,,
1782073592.9574385,train,24,7700,0.00015092811396010976,0.2046108841896057,0.12695765495300293,0.17158591747283936,0.06928489357233047,0.00114310416392982,0.0074550616554915905,,
1782073602.5310602,train,24,7750,0.00015091949125491016,0.431563138961792,0.2896798253059387,0.4215606451034546,0.07264766097068787,0.001693315920419991,0.009131626226007938,,
1782073612.0944726,train,24,7800,0.0001509108680385676,0.40895578265190125,0.3008621037006378,0.29423418641090393,0.06885712593793869,0.0010656386148184538,0.007393569685518742,,
1782073621.7878385,train,24,7850,0.0001509022443111685,0.25161442160606384,0.16370688378810883,0.21646526455879211,0.06738258898258209,0.000999384792521596,0.006462764460593462,,
1782073631.2488725,train,24,7900,0.0001508936200727994,0.21328602731227875,0.1263025552034378,0.21550911664962769,0.06587864458560944,0.0016688450705260038,0.006713054608553648,,
1782073641.026741,train,24,7950,0.00015088499532354684,0.3830468952655792,0.25219622254371643,0.3884904980659485,0.06721935421228409,0.0011833449825644493,0.0057025328278541565,,
1782073651.0072742,train,24,8000,0.00015087637006349743,0.417659729719162,0.29157954454421997,0.38412123918533325,0.059830401092767715,0.0013468960532918572,0.008556541055440903,,
1782073660.6958551,train,24,8050,0.00015086774429273801,0.41248419880867004,0.2944781184196472,0.3372029960155487,0.06716471165418625,0.0012297623325139284,0.007959975861012936,,
1782073670.4308906,train,24,8100,0.00015085911801135477,0.3396928906440735,0.21354025602340698,0.3576166033744812,0.07325491309165955,0.0012098463485017419,0.007489717099815607,,
1782073679.9293869,train,24,8150,0.00015085049121943458,0.28098076581954956,0.17115963995456696,0.30406102538108826,0.0673351064324379,0.0013831155374646187,0.009041267447173595,,
1782073689.6006258,train,24,8200,0.00015084186391706397,0.32531896233558655,0.20476125180721283,0.340156614780426,0.07077072560787201,0.0013318841811269522,0.005225033033639193,,
1782073699.3697562,train,24,8250,0.00015083323610432948,0.19207444787025452,0.11036363244056702,0.17408333718776703,0.07601302862167358,0.0018346946453675628,0.00764514971524477,,
1782073709.246776,train,24,8300,0.00015082460778131787,0.3054569661617279,0.1809038370847702,0.3342461585998535,0.08168219029903412,0.0015046588378027081,0.007946128025650978,,
1782073719.1757457,train,24,8350,0.00015081597894811568,0.3456345498561859,0.25208184123039246,0.249298095703125,0.06225612014532089,0.0010014927247539163,0.0065171802416443825,,
1782073728.8829117,train,24,8400,0.0001508073496048093,0.1459501087665558,0.07101665437221527,0.1555529534816742,0.07184022665023804,0.0012511159293353558,0.007797758560627699,,
1782073738.797107,train,24,8450,0.00015079871975148552,0.3407162129878998,0.24074691534042358,0.276407390832901,0.061526499688625336,0.0010422407649457455,0.006798464339226484,,
1782073748.5458992,train,24,8500,0.00015079008938823093,0.16398337483406067,0.08374927937984467,0.18306854367256165,0.06872386485338211,0.0010502611985430121,0.006410140078514814,,
1782073758.4167573,train,24,8550,0.0001507814585151323,0.24292375147342682,0.1544540375471115,0.21715722978115082,0.068010613322258,0.001751095405779779,0.006542496848851442,,
1782073768.043588,train,24,8600,0.00015077282713227614,0.1711626648902893,0.085324726998806,0.19622130692005157,0.07336627691984177,0.000994612229987979,0.006189943291246891,,
1782073777.5935688,train,24,8650,0.00015076419523974915,0.27927786111831665,0.16795656085014343,0.3091258108615875,0.06786778569221497,0.0010596612701192498,0.006184590980410576,,
1782073787.2367284,train,24,8700,0.00015075556283763813,0.2339359074831009,0.12644322216510773,0.2824569642543793,0.0734681487083435,0.0014437375357374549,0.009297564625740051,,
1782073796.8672757,train,24,8750,0.00015074692992602962,0.28200092911720276,0.17525209486484528,0.2952386736869812,0.06552498042583466,0.0017667432548478246,0.00529699819162488,,
1782073806.7821083,train,24,8800,0.00015073829650501008,0.3655022382736206,0.24662061035633087,0.3459595739841461,0.06449504941701889,0.0014420871157199144,0.007393031846731901,,
1782073816.4269998,train,24,8850,0.00015072966257466644,0.30212661623954773,0.19066648185253143,0.30645591020584106,0.06930236518383026,0.001949585392139852,0.008658843114972115,,
1782073825.9581165,train,24,8900,0.00015072102813508525,0.28880929946899414,0.18181726336479187,0.29497241973876953,0.06618484854698181,0.001565357088111341,0.0074651711620390415,,
1782073835.6435714,train,24,8950,0.00015071239318635335,0.2894986569881439,0.1946527063846588,0.2464214563369751,0.0662102922797203,0.0013546006521210074,0.006357078440487385,,
1782073845.38381,train,24,9000,0.00015070375772855706,0.327886700630188,0.21815460920333862,0.29677245020866394,0.07086522877216339,0.001063660834915936,0.008797830902040005,,
1782073854.8996756,train,24,9050,0.00015069512176178333,0.25847169756889343,0.16421978175640106,0.2418983429670334,0.06736265122890472,0.0009598696487955749,0.004577902611345053,,
1782073864.447622,train,24,9100,0.00015068648528611885,0.3862781822681427,0.2640383243560791,0.35348308086395264,0.06749612838029861,0.0012103861663490534,0.0061667007394135,,
1782073873.9597096,train,24,9150,0.00015067784830165022,0.3079397678375244,0.1910027116537094,0.32600879669189453,0.07061556726694107,0.0012705031549558043,0.006507200188934803,,
1782073883.4061923,train,24,9200,0.00015066921080846392,0.24303917586803436,0.15266133844852448,0.20911258459091187,0.07592059671878815,0.0013940654462203383,0.007476967293769121,,
1782073892.8069363,train,24,9250,0.0001506605728066471,0.2598726451396942,0.15174823999404907,0.2945098876953125,0.06867436319589615,0.0015975360292941332,0.0076103899627923965,,
1782073902.3079116,train,24,9300,0.00015065193429628627,0.20834004878997803,0.09875775873661041,0.2990574538707733,0.06925516575574875,0.001903474680148065,0.007802561391144991,,
1782073911.891958,train,24,9350,0.0001506432952774683,0.3946376442909241,0.2814958095550537,0.32450783252716064,0.06383201479911804,0.0009887870401144028,0.0056438930332660675,,
1782073921.3744578,train,24,9400,0.00015063465575027973,0.29351192712783813,0.2006988525390625,0.2367963045835495,0.06703741103410721,0.0009531726827844977,0.005428857635706663,,
1782073930.8405552,train,24,9450,0.00015062601571480728,0.2795262634754181,0.18665538728237152,0.23562991619110107,0.06771084666252136,0.0010796368587762117,0.0071412622928619385,,
1782073940.3617465,train,24,9500,0.00015061737517113778,0.23696590960025787,0.13553795218467712,0.26818448305130005,0.06843192130327225,0.0016588352154940367,0.007831919938325882,,
1782073949.88663,train,24,9550,0.00015060873411935801,0.16714787483215332,0.09012456238269806,0.16542364656925201,0.07107216864824295,0.0013132329331710935,0.005435389466583729,,
1782073959.4574096,train,24,9600,0.0001506000925595545,0.2245628982782364,0.12105020135641098,0.28601589798927307,0.06375070661306381,0.0013336559059098363,0.00687046255916357,,
1782073969.0429955,train,24,9650,0.00015059145049181412,0.24853338301181793,0.12918831408023834,0.3417932987213135,0.06753070652484894,0.0013138310750946403,0.008046504110097885,,
1782073978.5566149,train,24,9700,0.0001505828079162237,0.25140681862831116,0.16474908590316772,0.21349741518497467,0.06639263778924942,0.0008704671054147184,0.005161163862794638,,
1782073988.2146027,train,24,9750,0.0001505741648328699,0.3159162402153015,0.21177196502685547,0.2711177468299866,0.0724169984459877,0.0015635393792763352,0.009547199122607708,,
1782073997.8716326,train,24,9800,0.00015056552124183945,0.33962494134902954,0.23023977875709534,0.30461418628692627,0.06616900861263275,0.0014710009563714266,0.006524363067001104,,
1782074007.6506393,train,24,9850,0.00015055687714321916,0.27779051661491394,0.1679656207561493,0.29548513889312744,0.07173698395490646,0.0008511071209795773,0.0046964120119810104,,
1782074017.6366317,train,24,9900,0.0001505482325370957,0.31192976236343384,0.1954842358827591,0.3197934925556183,0.07263223081827164,0.0018101473106071353,0.00893468875437975,,
1782074027.5857387,train,24,9950,0.00015053958742355602,0.21211987733840942,0.12771199643611908,0.21378523111343384,0.06169155612587929,0.0011579443234950304,0.006090750452131033,,
1782074037.41135,train,24,10000,0.00015053094180268668,0.38484033942222595,0.26595455408096313,0.34022796154022217,0.06743814051151276,0.0010973640019074082,0.005895635113120079,,
1782074047.1660347,train,24,10050,0.00015052229567457474,0.43953314423561096,0.32055187225341797,0.32642045617103577,0.07440126687288284,0.0017554943915456533,0.005742553621530533,,
1782074056.7389123,train,24,10100,0.0001505136490393068,0.22309447824954987,0.13600262999534607,0.2025577872991562,0.07259008288383484,0.0015736061614006758,0.005641556810587645,,
1782074066.5208125,train,24,10150,0.00015050500189696986,0.186946839094162,0.09312836825847626,0.24750937521457672,0.06365002691745758,0.0011610818328335881,0.006064310669898987,,
1782074076.1794841,train,24,10200,0.00015049635424765052,0.13226176798343658,0.05609887093305588,0.15505647659301758,0.07455882430076599,0.0011937846429646015,0.005753246136009693,,
1782074086.0505872,train,24,10250,0.00015048770609143555,0.1939658522605896,0.1195509135723114,0.1761387288570404,0.060523323714733124,0.001185853616334498,0.008266541175544262,,
1782074095.5915375,train,24,10300,0.00015047905742841193,0.23238921165466309,0.11815870553255081,0.29364532232284546,0.08124169707298279,0.0019832346588373184,0.009916038252413273,,
1782074105.0136216,train,24,10350,0.0001504704082586665,0.1814509481191635,0.09882151335477829,0.20389065146446228,0.06309736520051956,0.0010809560772031546,0.007038252893835306,,
1782074114.521523,train,24,10400,0.00015046175858228592,0.30453553795814514,0.1953434944152832,0.29901668429374695,0.06867723912000656,0.000992393121123314,0.006224415730684996,,
1782074124.0076792,train,24,10450,0.00015045310839935708,0.27074435353279114,0.1810423582792282,0.21911486983299255,0.0696198046207428,0.001134076970629394,0.0070169768296182156,,
1782074133.5634284,train,24,10500,0.00015044445770996692,0.18164873123168945,0.10024280101060867,0.19516411423683167,0.06505981087684631,0.0008499943069182336,0.0058499653823673725,,
1782074143.0458038,train,24,10550,0.00015043580651420227,0.26060354709625244,0.16049182415008545,0.2558949291706085,0.0720391646027565,0.0011839300859719515,0.007309430278837681,,
1782074152.4628322,train,24,10600,0.00015042715481214982,0.2351023107767105,0.13801775872707367,0.2479834258556366,0.06994972378015518,0.0011383852688595653,0.007164445705711842,,
1782074161.899999,train,24,10650,0.00015041850260389653,0.24324919283390045,0.15468019247055054,0.22001828253269196,0.06691158562898636,0.0010863812640309334,0.00449080765247345,,
1782074171.380381,train,24,10700,0.00015040984988952906,0.23594482243061066,0.11995571106672287,0.3138362169265747,0.07468978315591812,0.0018516406416893005,0.007654999382793903,,
1782074180.8107183,train,24,10750,0.0001504011966691344,0.38556236028671265,0.25145232677459717,0.3931449055671692,0.07128642499446869,0.0018058933783322573,0.006255478598177433,,
1782074190.4442978,train,24,10800,0.00015039254294279945,0.34100142121315,0.2213381677865982,0.3550580143928528,0.0614476315677166,0.0017495197243988514,0.0072746542282402515,,
1782074199.887045,train,24,10850,0.00015038388871061118,0.18686380982398987,0.09954504668712616,0.21052804589271545,0.06914225965738297,0.0011561744613572955,0.005820704624056816,,
1782074209.329196,train,24,10900,0.00015037523397265636,0.2639922797679901,0.16909506916999817,0.23884646594524384,0.07012871652841568,0.0012123953783884645,0.008290658704936504,,
1782074218.789676,train,24,10950,0.00015036657872902185,0.30845052003860474,0.2047918438911438,0.27909359335899353,0.06743774563074112,0.0016638266388326883,0.005714526399970055,,
1782074228.2705836,train,24,11000,0.0001503579229797946,0.2861594259738922,0.18548119068145752,0.2628670632839203,0.06967953592538834,0.0012166970409452915,0.00725908437743783,,
1782074237.6794608,train,24,11050,0.00015034926672506126,0.21813078224658966,0.14181771874427795,0.18321388959884644,0.06076612323522568,0.0012653107987716794,0.005315395537763834,,
1782074247.1827545,train,24,11100,0.00015034060996490882,0.3268621861934662,0.22666457295417786,0.2673492133617401,0.06644361466169357,0.0013848396483808756,0.005921782925724983,,
1782074256.6740527,train,24,11150,0.00015033195269942434,0.3855283558368683,0.2680247128009796,0.3415162265300751,0.06400660425424576,0.0012126581277698278,0.006747770123183727,,
1782074266.1917138,train,24,11200,0.00015032329492869467,0.3040136396884918,0.20336343348026276,0.24612624943256378,0.0778689756989479,0.001841575838625431,0.00791720300912857,,
1782074275.7117417,train,24,11250,0.00015031463665280678,0.26811715960502625,0.1691114455461502,0.2645490765571594,0.06553582847118378,0.001005086931400001,0.006404244806617498,,
1782074285.2059312,train,24,11300,0.00015030597787184745,0.1794518679380417,0.09483570605516434,0.2008039653301239,0.06863989681005478,0.0009522400214336812,0.005283923353999853,,
1782074294.7304912,train,24,11350,0.0001502973185859035,0.28087562322616577,0.17552503943443298,0.27594175934791565,0.07249439507722855,0.0011795014142990112,0.005083438474684954,,
1782074304.3554387,train,24,11400,0.0001502886587950622,0.375540167093277,0.27510640025138855,0.27224528789520264,0.06450673937797546,0.0011906425934284925,0.008357614278793335,,
1782074314.0139363,train,24,11450,0.00015027999849941023,0.22654493153095245,0.1377710998058319,0.2148284763097763,0.06988602131605148,0.0012368944007903337,0.007834957912564278,,
1782074323.5562356,train,24,11500,0.00015027133769903453,0.3243487477302551,0.2312229573726654,0.22368685901165009,0.07413609325885773,0.0013603592524304986,0.007044040597975254,,
1782074333.1749833,train,24,11550,0.00015026267639402203,0.1745607554912567,0.0978228971362114,0.17211474478244781,0.06720323860645294,0.0010755114490166306,0.007247201167047024,,
1782074342.5375972,train,24,11600,0.00015025401458445973,0.2789846658706665,0.17706084251403809,0.25638991594314575,0.07544267177581787,0.0010501275537535548,0.007397911511361599,,
1782074352.0106285,train,24,11650,0.0001502453522704346,0.22614766657352448,0.14043758809566498,0.20923778414726257,0.06657955050468445,0.0011085816659033298,0.005940569099038839,,
1782074361.4904492,train,24,11700,0.0001502366894520336,0.30615249276161194,0.199788436293602,0.27706030011177063,0.07400397956371307,0.0009699136717244983,0.005596984177827835,,
1782074371.0574274,train,24,11750,0.00015022802612934356,0.2908565402030945,0.18098649382591248,0.3022795617580414,0.06837879866361618,0.0011073143687099218,0.006131661590188742,,
1782074380.5943153,train,24,11800,0.00015021936230245168,0.22553300857543945,0.14030393958091736,0.21822138130664825,0.06116605922579765,0.0009069739608094096,0.005412707105278969,,
1782074390.1724026,train,24,11850,0.00015021069797144457,0.22717052698135376,0.1450163722038269,0.1942518949508667,0.06697065383195877,0.001058646128512919,0.005398618523031473,,
1782074400.0480857,train,24,11900,0.00015020203313640968,0.23772360384464264,0.12825562059879303,0.307754784822464,0.06474965810775757,0.0015444390010088682,0.0069792321883141994,,
1782074409.6020648,train,24,11950,0.0001501933677974336,0.2640160024166107,0.1704428642988205,0.23574723303318024,0.06907942146062851,0.0009661598596721888,0.005507988855242729,,
1782074419.2043548,train,24,12000,0.00015018470195460353,0.3210493326187134,0.20424900949001312,0.34179234504699707,0.062282830476760864,0.0021083252504467964,0.008016170002520084,,
1782074428.7066107,train,24,12050,0.00015017603560800626,0.2197597771883011,0.13138362765312195,0.20932310819625854,0.07187160104513168,0.0010956916958093643,0.0066842795349657536,,
1782074438.4269369,train,24,12100,0.00015016736875772896,0.22089475393295288,0.11068291962146759,0.2966695725917816,0.07179748266935349,0.0014570829225704074,0.00530490605160594,,
1782074447.9430397,train,24,12150,0.0001501587014038586,0.1933586597442627,0.10623306035995483,0.21801038086414337,0.06502077728509903,0.0011262759799137712,0.005594997201114893,,
1782074457.5261598,train,24,12200,0.00015015003354648212,0.20674927532672882,0.12609535455703735,0.1935867816209793,0.06428387761116028,0.0011528357863426208,0.0071014477871358395,,
1782074467.1821563,train,24,12250,0.00015014136518568663,0.35442203283309937,0.24798311293125153,0.2932596206665039,0.06594258546829224,0.0015274682082235813,0.007648202124983072,,
1782074476.8108385,train,24,12300,0.00015013269632155912,0.29230383038520813,0.17762084305286407,0.32288867235183716,0.06771799176931381,0.001018290058709681,0.004936778452247381,,
1782074486.2753959,train,24,12350,0.0001501240269541865,0.20550179481506348,0.10638292878866196,0.2699834108352661,0.06289619207382202,0.001749127870425582,0.009706981480121613,,
1782074495.7790174,train,24,12400,0.0001501153570836559,0.32353463768959045,0.22372780740261078,0.2878204882144928,0.05551699548959732,0.0009320547105744481,0.006997967138886452,,
1782074505.3279614,train,24,12450,0.00015010668671005433,0.2266092151403427,0.13585256040096283,0.22946253418922424,0.066517673432827,0.001321685966104269,0.007783746812492609,,
1782074514.8665726,train,24,12500,0.00015009801583346872,0.22835086286067963,0.13395439088344574,0.24509872496128082,0.0660286396741867,0.0010747486958280206,0.005516711622476578,,
1782074524.4656897,train,24,12550,0.00015008934445398628,0.30639922618865967,0.2041333019733429,0.2532214820384979,0.07758519053459167,0.0016795999836176634,0.007610666565597057,,
1782074534.0348103,train,24,12600,0.00015008067257169403,0.2982479929924011,0.20437873899936676,0.2416827231645584,0.06668190658092499,0.0010761613957583904,0.006803983822464943,,
1782074543.411379,train,24,12650,0.00015007200018667894,0.31918251514434814,0.20414812862873077,0.3194866180419922,0.07001461088657379,0.0015544359339401126,0.00865238718688488,,
1782074552.8992758,train,24,12700,0.00015006332729902816,0.24724368751049042,0.14690683782100677,0.2712445557117462,0.06483596563339233,0.0010772080859169364,0.006134748458862305,,
1782074562.4279654,train,24,12750,0.00015005465390882864,0.4359627664089203,0.3170611560344696,0.33344846963882446,0.07080873847007751,0.0013507999246940017,0.005337193608283997,,
1782074572.009365,train,24,12800,0.0001500459800161674,0.3928825557231903,0.27155324816703796,0.343503475189209,0.07064666599035263,0.0013012600829824805,0.008961387909948826,,
1782074581.77886,train,24,12850,0.0001500373056211317,0.24895621836185455,0.16178391873836517,0.21950763463974,0.06438204646110535,0.0010436399606987834,0.006868363823741674,,
1782074591.4257188,train,24,12900,0.00015002863072380843,0.197477787733078,0.09689638763666153,0.2552582919597626,0.07327552884817123,0.0012905494077131152,0.0069417706690728664,,
1782074600.9870842,train,24,12950,0.00015001995532428476,0.32089900970458984,0.21127213537693024,0.288796067237854,0.07458309084177017,0.0013628199230879545,0.0070333280600607395,,
1782074610.7225797,train,24,13000,0.00015001127942264794,0.2509394884109497,0.13087508082389832,0.32114148139953613,0.07918557524681091,0.0018627673853188753,0.009860347956418991,,
1782074620.3346756,train,24,13050,0.00015000260301898475,0.3074047267436981,0.2092469036579132,0.25747230648994446,0.06735997647047043,0.0010976378107443452,0.0060749840922653675,,
1782074746.9422767,val,24,,,0.30225342444718495,0.1876021340080873,0.3109665152225439,0.07351762105135885,0.0015085147241635692,0.007046324662862853,,
1782074770.2334425,train,25,50,0.0001499913229438366,0.3433551490306854,0.22602173686027527,0.3234653174877167,0.07251576334238052,0.0020919113885611296,0.006290947087109089,,
1782074789.499278,train,25,100,0.0001499826453858437,0.25021910667419434,0.13505156338214874,0.3309949040412903,0.06442516297101974,0.0020623235031962395,0.008261039853096008,,
1782074808.812867,train,25,150,0.000149973967326112,0.23361024260520935,0.1403723657131195,0.24921970069408417,0.06172262132167816,0.0007164228591136634,0.005239525809884071,,
1782074828.0076177,train,25,200,0.00014996528876472869,0.15310326218605042,0.07416918128728867,0.1681450456380844,0.07346861809492111,0.0016351646045222878,0.007939481176435947,,
1782074847.1442974,train,25,250,0.0001499566097017808,0.1838359534740448,0.10405460745096207,0.18662786483764648,0.06607576459646225,0.0008649384253658354,0.005325650796294212,,
1782074863.2905736,train,25,300,0.00014994793013735545,0.24800127744674683,0.15701597929000854,0.22590115666389465,0.0687597393989563,0.0013015271397307515,0.008960068225860596,,
1782074878.0124252,train,25,350,0.00014993925007153984,0.31276407837867737,0.1894693225622177,0.357992947101593,0.06737872213125229,0.0010716012911871076,0.007094815839082003,,
1782074891.5142968,train,25,400,0.00014993056950442118,0.20643770694732666,0.12700429558753967,0.17819440364837646,0.06949223577976227,0.0013869740068912506,0.008150971494615078,,
1782074904.1226237,train,25,450,0.00014992188843608635,0.2828041613101959,0.16662000119686127,0.32547035813331604,0.06936992704868317,0.0013160810340195894,0.0065332683734595776,,
1782074916.2957199,train,25,500,0.00014991320686662274,0.3034317195415497,0.19888907670974731,0.2839677333831787,0.06686452776193619,0.0011842919047921896,0.007512599695473909,,
1782074928.1328526,train,25,550,0.0001499045247961173,0.3491020202636719,0.2249719649553299,0.35162726044654846,0.07216839492321014,0.0013902576174587011,0.0050164940766990185,,
1782074939.089966,train,25,600,0.0001498958422246573,0.26217231154441833,0.17027869820594788,0.24113225936889648,0.06290874630212784,0.0015617696335539222,0.007017825730144978,,
1782074949.9064486,train,25,650,0.00014988715915232993,0.34211763739585876,0.23293493688106537,0.323611319065094,0.05636538937687874,0.0009719102527014911,0.004991362802684307,,
1782074960.4816694,train,25,700,0.00014987847557922232,0.2743467390537262,0.17043370008468628,0.27749380469322205,0.06877182424068451,0.0015365269500762224,0.007354692555963993,,
1782074970.7807682,train,25,750,0.00014986979150542146,0.32943665981292725,0.2190202921628952,0.31046539545059204,0.06537634134292603,0.0011185139883309603,0.005523890722543001,,
1782074981.0411317,train,25,800,0.00014986110693101474,0.3955114483833313,0.2669820487499237,0.38386857509613037,0.06484424322843552,0.0014014227781444788,0.005443217232823372,,
1782074991.1570463,train,25,850,0.00014985242185608925,0.23935991525650024,0.13309749960899353,0.3039579391479492,0.06030163913965225,0.001221083221025765,0.005247374065220356,,
1782075000.854381,train,25,900,0.0001498437362807322,0.24117279052734375,0.13743054866790771,0.27517759799957275,0.06960782408714294,0.001439305953681469,0.006401149556040764,,
1782075010.7813675,train,25,950,0.00014983505020503088,0.3123972713947296,0.20024238526821136,0.3142673671245575,0.06691489368677139,0.0013058860786259174,0.007123119663447142,,
1782075020.8377528,train,25,1000,0.00014982636362907234,0.253293514251709,0.16057121753692627,0.21791517734527588,0.07629892975091934,0.000940390455070883,0.004557957872748375,,
1782075030.5429556,train,25,1050,0.00014981767655294367,0.37925031781196594,0.24316200613975525,0.39807793498039246,0.07288242876529694,0.0012761512771248817,0.006626148242503405,,
1782075040.3052053,train,25,1100,0.00014980898897673219,0.24577821791172028,0.16092409193515778,0.1953088790178299,0.07182773947715759,0.0011303384089842439,0.0074024079367518425,,
1782075049.866328,train,25,1150,0.00014980030090052532,0.17401012778282166,0.07697560638189316,0.2464616745710373,0.07055186480283737,0.0014317689929157495,0.009484698995947838,,
1782075059.2937305,train,25,1200,0.00014979161232441,0.322113573551178,0.20343303680419922,0.3234349489212036,0.07525540143251419,0.0019411679822951555,0.007348073646426201,,
1782075068.8317177,train,25,1250,0.00014978292324847355,0.21889027953147888,0.11559091508388519,0.28610530495643616,0.06324399262666702,0.0015103856567293406,0.006743600592017174,,
1782075078.4183235,train,25,1300,0.00014977423367280315,0.28748124837875366,0.17274285852909088,0.33104461431503296,0.06373672932386398,0.0010886951349675655,0.0067275711335241795,,
1782075087.9830163,train,25,1350,0.00014976554359748606,0.23025377094745636,0.14012101292610168,0.2101244479417801,0.07490994036197662,0.0014667360810562968,0.00887237023562193,,
1782075097.5521407,train,25,1400,0.00014975685302260955,0.2133297473192215,0.12376515567302704,0.224890798330307,0.06650573760271072,0.0008902795962058008,0.0076444405131042,,
1782075107.0660827,train,25,1450,0.00014974816194826088,0.4179539084434509,0.3015618324279785,0.3355989456176758,0.0647389218211174,0.001228635199368,0.005978246685117483,,
1782075116.4843094,train,25,1500,0.00014973947037452714,0.2667619287967682,0.17626267671585083,0.22669775784015656,0.06745649129152298,0.000965501181781292,0.005571328569203615,,
1782075126.0011318,train,25,1550,0.00014973077830149575,0.37675198912620544,0.24149395525455475,0.39758428931236267,0.07143519073724747,0.0014437144855037332,0.005692004691809416,,
1782075135.474227,train,25,1600,0.0001497220857292538,0.324698805809021,0.2033061385154724,0.35192739963531494,0.06647909432649612,0.0017127391183748841,0.006902127526700497,,
1782075145.050363,train,25,1650,0.00014971339265788862,0.24711638689041138,0.14080367982387543,0.2865522503852844,0.06910469383001328,0.0012229239800944924,0.005133656319230795,,
1782075154.4624,train,25,1700,0.0001497046990874876,0.21832875907421112,0.1250523030757904,0.21629618108272552,0.07812566310167313,0.0013958658091723919,0.0074617150239646435,,
1782075163.9298894,train,25,1750,0.0001496960050181377,0.19472944736480713,0.12085679173469543,0.15651391446590424,0.0692719891667366,0.0010818755254149437,0.007732846774160862,,
1782075173.3386486,train,25,1800,0.00014968731044992645,0.3697814345359802,0.25910744071006775,0.3196464478969574,0.06132939085364342,0.0009768070885911584,0.006993997376412153,,
1782075182.7704837,train,25,1850,0.00014967861538294118,0.2718857526779175,0.17196603119373322,0.2669997811317444,0.06613042205572128,0.0010456956224516034,0.004564192611724138,,
1782075192.1551294,train,25,1900,0.00014966991981726896,0.23160411417484283,0.14437249302864075,0.21342512965202332,0.06747747957706451,0.0013659567339345813,0.006945829838514328,,
1782075201.6020184,train,25,1950,0.00014966122375299716,0.213518887758255,0.11964423209428787,0.24515114724636078,0.0648573562502861,0.0015819239197298884,0.0071970135904848576,,
1782075211.1275105,train,25,2000,0.0001496525271902132,0.2936490476131439,0.18762712180614471,0.27992191910743713,0.07170186191797256,0.001905005075968802,0.007173796650022268,,
1782075220.638053,train,25,2050,0.0001496438301290042,0.3616211712360382,0.2707754969596863,0.23712478578090668,0.0628698468208313,0.0012955457204952836,0.006346298847347498,,
1782075230.1381788,train,25,2100,0.0001496351325694576,0.4169498682022095,0.31635376811027527,0.2850622534751892,0.058449238538742065,0.001059273025020957,0.005961871240288019,,
1782075239.5764048,train,25,2150,0.0001496264345116606,0.2986927330493927,0.18976496160030365,0.2838292419910431,0.07570742815732956,0.0011674853740260005,0.006421542726457119,,
1782075249.1179504,train,25,2200,0.00014961773595570052,0.16892698407173157,0.07840380817651749,0.2074563354253769,0.07692768424749374,0.001952469116076827,0.007283075712621212,,
1782075258.6116972,train,25,2250,0.0001496090369016649,0.20166468620300293,0.10830405354499817,0.235805481672287,0.06858286261558533,0.0011782017536461353,0.006902334280312061,,
1782075268.1206937,train,25,2300,0.00014960033734964077,0.24807710945606232,0.16307425498962402,0.2022705078125,0.06850448250770569,0.0018299311632290483,0.008100992068648338,,
1782075277.4865365,train,25,2350,0.00014959163729971547,0.2242014855146408,0.12371708452701569,0.26171934604644775,0.06979264318943024,0.0015823115827515721,0.007599988486617804,,
1782075287.142685,train,25,2400,0.00014958293675197646,0.29488062858581543,0.18415027856826782,0.29912877082824707,0.0716196745634079,0.0013830731622874737,0.0067000966519117355,,
1782075296.5658617,train,25,2450,0.00014957423570651114,0.24238181114196777,0.13192234933376312,0.29668205976486206,0.07233841717243195,0.0011974627850577235,0.005913308821618557,,
1782075306.095538,train,25,2500,0.00014956553416340678,0.22060759365558624,0.12954750657081604,0.235894575715065,0.06391406804323196,0.0012942152097821236,0.00650083227083087,,
1782075315.5251818,train,25,2550,0.0001495568321227507,0.2305813729763031,0.13879458606243134,0.24078945815563202,0.06293093413114548,0.0012394734658300877,0.0059101819060742855,,
1782075325.1230493,train,25,2600,0.00014954812958463016,0.21955545246601105,0.12427232414484024,0.2519141137599945,0.06439102441072464,0.001090965699404478,0.005839141551405191,,
1782075334.70716,train,25,2650,0.00014953942654913268,0.3484085202217102,0.23580552637577057,0.3192727863788605,0.06529635936021805,0.001366076641716063,0.00716271810233593,,
1782075344.258205,train,25,2700,0.0001495307230163455,0.2744264602661133,0.17687207460403442,0.24339942634105682,0.0731360912322998,0.0013650556793436408,0.01153008732944727,,
1782075353.755206,train,25,2750,0.00014952201898635602,0.33083242177963257,0.23823587596416473,0.24114450812339783,0.06437967717647552,0.001205836539156735,0.004403302911669016,,
1782075363.2268965,train,25,2800,0.00014951331445925173,0.25842398405075073,0.16587302088737488,0.24499785900115967,0.062341589480638504,0.001307083060964942,0.0073758261278271675,,
1782075372.7269075,train,25,2850,0.00014950460943511973,0.2644863724708557,0.14247643947601318,0.34728971123695374,0.07011480629444122,0.00130102236289531,0.006318092346191406,,
1782075382.2192264,train,25,2900,0.00014949590391404773,0.1746172457933426,0.10079574584960938,0.17313823103904724,0.06089997664093971,0.0008694957359693944,0.006477472838014364,,
1782075391.7348914,train,25,2950,0.00014948719789612292,0.21625462174415588,0.1115412786602974,0.2790581285953522,0.06963193416595459,0.0013284090673550963,0.007066916674375534,,
1782075401.1822104,train,25,3000,0.0001494784913814329,0.26049745082855225,0.14621900022029877,0.32539525628089905,0.06550724059343338,0.0017600429710000753,0.00613438943400979,,
1782075410.7061512,train,25,3050,0.0001494697843700649,0.24193419516086578,0.13386933505535126,0.26655325293540955,0.08256698399782181,0.0014306498924270272,0.008805535733699799,,
1782075420.138477,train,25,3100,0.00014946107686210632,0.34643808007240295,0.23912745714187622,0.3032594919204712,0.06277907639741898,0.0010621926048770547,0.007085105404257774,,
1782075429.5963373,train,25,3150,0.00014945236885764468,0.16914381086826324,0.0846557766199112,0.20029975473880768,0.06839669495820999,0.002147580264136195,0.006745004560798407,,
1782075439.1130416,train,25,3200,0.0001494436603567671,0.3169938921928406,0.21967218816280365,0.2573378384113312,0.06568427383899689,0.001451160409487784,0.007330798078328371,,
1782075448.5620348,train,25,3250,0.00014943495135956125,0.41618695855140686,0.2955101728439331,0.353986531496048,0.06414816528558731,0.0010606528958305717,0.007021147292107344,,
1782075457.974088,train,25,3300,0.00014942624186611454,0.2395283579826355,0.149452805519104,0.22466504573822021,0.06761226058006287,0.001031664083711803,0.0074836635030806065,,
1782075467.3839316,train,25,3350,0.00014941753187651434,0.23926220834255219,0.1456577032804489,0.23621517419815063,0.06881072372198105,0.0014534791698679328,0.0060516782104969025,,
1782075476.7623258,train,25,3400,0.00014940882139084823,0.3127455711364746,0.2068156898021698,0.27515771985054016,0.07383367419242859,0.002236294327303767,0.006581309251487255,,
1782075486.1711807,train,25,3450,0.0001494001104092035,0.38064682483673096,0.27612921595573425,0.273430734872818,0.07206645607948303,0.0012671134900301695,0.007972542196512222,,
1782075495.4895504,train,25,3500,0.00014939139893166764,0.23047307133674622,0.1397664099931717,0.22585725784301758,0.0682106465101242,0.0013703772565349936,0.006177227944135666,,
1782075504.878299,train,25,3550,0.00014938268695832815,0.1685771644115448,0.09211937338113785,0.17067547142505646,0.06727670878171921,0.0015056499978527427,0.008537807501852512,,
1782075514.3625157,train,25,3600,0.00014937397448927224,0.2382001131772995,0.14564073085784912,0.22425265610218048,0.07269664108753204,0.0014789375709369779,0.005971764214336872,,
1782075523.7847042,train,25,3650,0.00014936526152458765,0.20081692934036255,0.11672582477331161,0.20263932645320892,0.06665581464767456,0.0010337510611861944,0.005168778356164694,,
1782075533.1705813,train,25,3700,0.0001493565480643618,0.31953155994415283,0.18699276447296143,0.37986359000205994,0.07486509531736374,0.0014033140614628792,0.006818360649049282,,
1782075542.5900202,train,25,3750,0.00014934783410868195,0.2007177621126175,0.1191096305847168,0.1943434178829193,0.06584664434194565,0.0009893702808767557,0.006270480342209339,,
1782075551.995258,train,25,3800,0.0001493391196576357,0.3165993094444275,0.205518439412117,0.30311864614486694,0.07030309736728668,0.0014965897426009178,0.008093721233308315,,
1782075561.421142,train,25,3850,0.00014933040471131072,0.2513478398323059,0.15474610030651093,0.256758451461792,0.06462273001670837,0.0010076172184199095,0.006208714097738266,,
1782075570.86202,train,25,3900,0.00014932168926979435,0.3678506910800934,0.2510097324848175,0.32722169160842896,0.06978363543748856,0.0014370462158694863,0.007961091585457325,,
1782075580.290022,train,25,3950,0.00014931297333317385,0.2695404291152954,0.16969674825668335,0.26666054129600525,0.06605158746242523,0.0015273985918611288,0.007591774687170982,,
1782075589.8422055,train,25,4000,0.00014930425690153705,0.24663279950618744,0.15163706243038177,0.23488746583461761,0.07227806001901627,0.0013483836082741618,0.006089767906814814,,
1782075599.5176406,train,25,4050,0.00014929553997497128,0.2502414286136627,0.1417814940214157,0.2886325418949127,0.07234814763069153,0.001277163508348167,0.009083540178835392,,
1782075608.959408,train,25,4100,0.00014928682255356402,0.27465081214904785,0.1812121421098709,0.23786310851573944,0.0676998570561409,0.0012295383494347334,0.00570149440318346,,
1782075618.3580573,train,25,4150,0.0001492781046374029,0.21892397105693817,0.12465566396713257,0.23578768968582153,0.07043810188770294,0.001023201970383525,0.006716953590512276,,
1782075627.7383244,train,25,4200,0.0001492693862265753,0.2721326947212219,0.18673929572105408,0.2161192148923874,0.06253740936517715,0.0009488807991147041,0.007169036660343409,,
1782075637.1841078,train,25,4250,0.0001492606673211688,0.32168611884117126,0.20730561017990112,0.31890296936035156,0.0690365731716156,0.0013647798914462328,0.008598043583333492,,
1782075646.613845,train,25,4300,0.00014925194792127087,0.3906461000442505,0.27037665247917175,0.33916547894477844,0.07071901857852936,0.0011858881916850805,0.006022419314831495,,
1782075656.1307707,train,25,4350,0.00014924322802696918,0.20350287854671478,0.10991814732551575,0.2339523732662201,0.06990616768598557,0.0014353544684126973,0.006823996547609568,,
1782075665.542371,train,25,4400,0.00014923450763835118,0.1905798614025116,0.1038280799984932,0.21644167602062225,0.06499699503183365,0.0014287321828305721,0.007353455759584904,,
1782075674.9725945,train,25,4450,0.00014922578675550437,0.2706555128097534,0.18494851887226105,0.22058437764644623,0.06088225543498993,0.0011979029513895512,0.008081205189228058,,
1782075684.338858,train,25,4500,0.0001492170653785165,0.16940099000930786,0.09438119828701019,0.16382750868797302,0.06793362647294998,0.0009610874112695456,0.004946090281009674,,
1782075693.758848,train,25,4550,0.00014920834350747478,0.27592968940734863,0.174879252910614,0.25559207797050476,0.07400575280189514,0.001495628384873271,0.005726687144488096,,
1782075703.2464206,train,25,4600,0.0001491996211424669,0.24574193358421326,0.14925944805145264,0.2290017455816269,0.0782279372215271,0.0011807127157226205,0.007006730418652296,,
1782075712.7102928,train,25,4650,0.0001491908982835805,0.33354127407073975,0.2505582571029663,0.19375450909137726,0.06889768689870834,0.0009555086144246161,0.0072623081505298615,,
1782075722.7495198,train,25,4700,0.00014918217493090305,0.2226792275905609,0.13293486833572388,0.21096207201480865,0.07369013130664825,0.0015879120910540223,0.007264918647706509,,
1782075733.7325976,train,25,4750,0.00014917345108452214,0.27375710010528564,0.16512253880500793,0.3040129840373993,0.06504153460264206,0.0011052495101466775,0.007696748711168766,,
1782075745.7405982,train,25,4800,0.0001491647267445254,0.1900835782289505,0.10288048535585403,0.22177599370479584,0.06334855407476425,0.0008481557015329599,0.006524443160742521,,
1782075758.8352287,train,25,4850,0.0001491560019110003,0.26896145939826965,0.17555800080299377,0.2488860934972763,0.062173087149858475,0.0009539045277051628,0.006521199364215136,,
1782075772.2145452,train,25,4900,0.0001491472765840344,0.2627551555633545,0.1550719290971756,0.2800421714782715,0.07496606558561325,0.0018967445939779282,0.006723687518388033,,
1782075786.2617388,train,25,4950,0.00014913855076371547,0.3105028569698334,0.18890976905822754,0.34832245111465454,0.0686546340584755,0.0018517420394346118,0.005324256140738726,,
1782075802.8553576,train,25,5000,0.0001491298244501309,0.2739821970462799,0.18388362228870392,0.2366728037595749,0.06160162389278412,0.001295628142543137,0.008288390003144741,,
1782075818.67711,train,25,5050,0.00014912109764336843,0.31506988406181335,0.23271037638187408,0.19255997240543365,0.06819411367177963,0.001224643550813198,0.00691409595310688,,
1782075836.9871218,train,25,5100,0.0001491123703435156,0.2941245138645172,0.1910533607006073,0.2880161702632904,0.06188533827662468,0.0012443902669474483,0.006441336125135422,,
1782075857.810162,train,25,5150,0.00014910364255066004,0.18028199672698975,0.10230414569377899,0.16470131278038025,0.0733981803059578,0.0010344749316573143,0.006236422341316938,,
1782075880.3457782,train,25,5200,0.00014909491426488941,0.2995975911617279,0.20824798941612244,0.24211643636226654,0.061458487063646317,0.0009124753414653242,0.005812089424580336,,
1782075898.9002192,train,25,5250,0.00014908618548629133,0.41746237874031067,0.3048447072505951,0.31755679845809937,0.0662156268954277,0.0012065665796399117,0.005476715974509716,,
1782075918.7077901,train,25,5300,0.0001490774562149532,0.2812996506690979,0.18983235955238342,0.23172244429588318,0.06685052067041397,0.001113944686949253,0.006376386154443026,,
1782075938.8036103,train,25,5350,0.0001490687264509629,0.30952394008636475,0.17917020618915558,0.39127087593078613,0.06480592489242554,0.0013308095512911677,0.006525990553200245,,
1782075957.3638828,train,25,5400,0.000149059996194408,0.25855639576911926,0.16095824539661407,0.2652028501033783,0.06235455349087715,0.0012016143882647157,0.006617971230298281,,
1782075976.1524825,train,25,5450,0.000149051265445376,0.1969052404165268,0.1103842481970787,0.2159162312746048,0.06484144926071167,0.0012119889724999666,0.009463579393923283,,
1782075996.6349802,train,25,5500,0.00014904253420395473,0.1909005343914032,0.11171729117631912,0.17663174867630005,0.06976541876792908,0.0014259209856390953,0.01008664257824421,,
1782076015.6029105,train,25,5550,0.0001490338024702317,0.21030467748641968,0.12464675307273865,0.20103417336940765,0.07052529603242874,0.0013672889908775687,0.007771196775138378,,
1782076037.7244468,train,25,5600,0.0001490250702442946,0.28017109632492065,0.1704782396554947,0.30571261048316956,0.06630616635084152,0.0011162366718053818,0.005328110884875059,,
1782076059.3569887,train,25,5650,0.00014901633752623135,0.20625939965248108,0.107693612575531,0.2515220642089844,0.0710541307926178,0.001581984106451273,0.005585613194853067,,
1782076080.5427065,train,25,5700,0.00014900760431612925,0.19915224611759186,0.09969820082187653,0.2598724961280823,0.06871960312128067,0.0012612498831003904,0.006065061315894127,,
1782076103.7749922,train,25,5750,0.00014899887061407612,0.3888374865055084,0.2643063962459564,0.3555716276168823,0.07099953293800354,0.0013842628104612231,0.007018925156444311,,
1782076126.6905594,train,25,5800,0.0001489901364201596,0.3246234059333801,0.21331925690174103,0.3140896260738373,0.0653625950217247,0.0010047837859019637,0.0064623081125319,,
1782076155.0703685,train,25,5850,0.00014898140173446738,0.368255078792572,0.2514656186103821,0.3241865336894989,0.0711766853928566,0.0015447877813130617,0.005740117281675339,,
1782076183.106814,train,25,5900,0.00014897266655708701,0.46808627247810364,0.34606310725212097,0.36038434505462646,0.063618965446949,0.001176136895082891,0.005892801098525524,,
1782076209.3127968,train,25,5950,0.00014896393088810627,0.17706899344921112,0.08903048932552338,0.22344544529914856,0.06411828845739365,0.0011799153871834278,0.005932939238846302,,
1782076237.1477304,train,25,6000,0.00014895519472761282,0.3304007947444916,0.21178236603736877,0.3430159091949463,0.06551200896501541,0.0010845226934179664,0.004878069274127483,,
1782076265.5432014,train,25,6050,0.00014894645807569452,0.3301066756248474,0.22505997121334076,0.28595423698425293,0.06683971732854843,0.00138278235681355,0.006101182661950588,,
1782076293.0523906,train,25,6100,0.00014893772093243888,0.442032128572464,0.30894380807876587,0.3816732168197632,0.07503309100866318,0.0015348040033131838,0.007528216578066349,,
1782076320.5710864,train,25,6150,0.00014892898329793369,0.310059130191803,0.1967712938785553,0.31674668192863464,0.0679410770535469,0.0013061662903055549,0.005953425075858831,,
1782076348.350489,train,25,6200,0.00014892024517226672,0.33691906929016113,0.24811692535877228,0.21875448524951935,0.06797683238983154,0.0012512454995885491,0.008604703471064568,,
1782076375.7026947,train,25,6250,0.00014891150655552566,0.26381006836891174,0.1841818392276764,0.1895800530910492,0.06425763666629791,0.0010441088816151023,0.00789378210902214,,
1782076404.5258,train,25,6300,0.00014890276744779823,0.2466752529144287,0.149880051612854,0.25831112265586853,0.06414535641670227,0.0014473407063633204,0.006591830402612686,,
1782076430.6318512,train,25,6350,0.00014889402784917194,0.1988876312971115,0.10272663086652756,0.24919235706329346,0.06744472682476044,0.0014052899787202477,0.009357885457575321,,
1782076458.6846502,train,25,6400,0.00014888528775973476,0.23072870075702667,0.13999710977077484,0.23301690816879272,0.06473055481910706,0.0011208801297470927,0.006680279038846493,,
1782076482.8564546,train,25,6450,0.00014887654717957445,0.3088808059692383,0.19450643658638,0.3188275396823883,0.06905873864889145,0.0013813931727781892,0.005747717805206776,,
1782076509.733179,train,25,6500,0.00014886780610877861,0.20991434156894684,0.11134957522153854,0.26445189118385315,0.06464973837137222,0.00126933166757226,0.0066914488561451435,,
1782076537.0327573,train,25,6550,0.00014885906454743504,0.4156287610530853,0.27610743045806885,0.39882656931877136,0.07930467277765274,0.001623204443603754,0.008730544708669186,,
1782076562.5706058,train,25,6600,0.00014885032249563142,0.2205890268087387,0.12714923918247223,0.2442401945590973,0.06454893946647644,0.0010525983525440097,0.008649570867419243,,
1782076593.869656,train,25,6650,0.0001488415799534556,0.3208053410053253,0.2091546356678009,0.31833457946777344,0.06389572471380234,0.0011922107078135014,0.007591441739350557,,
1782076623.5448735,train,25,6700,0.00014883283692099523,0.2206086367368698,0.13688969612121582,0.20067162811756134,0.06690303236246109,0.0009952123509719968,0.00633113132789731,,
1782076655.3090286,train,25,6750,0.0001488240933983382,0.3993920683860779,0.261285662651062,0.42040225863456726,0.06567585468292236,0.0016790211666375399,0.009828747250139713,,
1782076684.046904,train,25,6800,0.00014881534938557226,0.24148006737232208,0.15136279165744781,0.2248658835887909,0.06755612790584564,0.0012273966567590833,0.007367014419287443,,
1782076713.000514,train,25,6850,0.0001488066048827851,0.27050167322158813,0.17190693318843842,0.24845565855503082,0.07264795154333115,0.001568460720591247,0.008141870610415936,,
1782076740.4380748,train,25,6900,0.00014879785989006445,0.16792653501033783,0.07872095704078674,0.22112971544265747,0.06759608536958694,0.0012511629611253738,0.006616323720663786,,
1782076770.936975,train,25,6950,0.00014878911440749831,0.21526773273944855,0.12399546056985855,0.23739932477474213,0.06364721804857254,0.00098837458062917,0.006780751049518585,,
1782076800.0417116,train,25,7000,0.00014878036843517448,0.28040334582328796,0.19212749600410461,0.21947389841079712,0.06650228798389435,0.0015622808132320642,0.006776281166821718,,
1782076829.190144,train,25,7050,0.0001487716219731806,0.2958972752094269,0.19490885734558105,0.2575531601905823,0.07300924509763718,0.0009552640840411186,0.005946132820099592,,
1782076857.307501,train,25,7100,0.00014876287502160442,0.2969502806663513,0.19946251809597015,0.2569199800491333,0.06630502641201019,0.0010526715777814388,0.006711900234222412,,
1782076886.2252533,train,25,7150,0.0001487541275805338,0.3996669054031372,0.29733067750930786,0.27167028188705444,0.06863237172365189,0.0010246385354548693,0.005623122211545706,,
1782076916.318665,train,25,7200,0.00014874537965005658,0.34483638405799866,0.25542643666267395,0.21716390550136566,0.06982879340648651,0.0020455806516110897,0.0064090280793607235,,
1782076944.0503225,train,25,7250,0.00014873663123026064,0.2191552072763443,0.12518517673015594,0.23265370726585388,0.07136137038469315,0.0012592566199600697,0.006587428506463766,,
1782076973.302228,train,25,7300,0.00014872788232123374,0.1967068910598755,0.1029113382101059,0.24618351459503174,0.06427056342363358,0.0011439278023317456,0.007375876884907484,,
1782077000.1895785,train,25,7350,0.00014871913292306365,0.33690258860588074,0.22729232907295227,0.3069678246974945,0.0654623806476593,0.0013713161461055279,0.007338272407650948,,
1782077029.853009,train,25,7400,0.00014871038303583827,0.281081885099411,0.1615433245897293,0.34679892659187317,0.06539648771286011,0.0014056476065889,0.00692435959354043,,
1782077057.776885,train,25,7450,0.00014870163265964545,0.17736351490020752,0.10036049783229828,0.18391002714633942,0.06183675304055214,0.001071430742740631,0.00761067308485508,,
1782077084.3397162,train,25,7500,0.000148692881794573,0.2802150547504425,0.17181800305843353,0.30186769366264343,0.06562775373458862,0.0011625272454693913,0.005575674120336771,,
1782077109.6213899,train,25,7550,0.00014868413044070856,0.30968987941741943,0.19263486564159393,0.323113352060318,0.0722905620932579,0.001314052613452077,0.009141501970589161,,
1782077136.7385893,train,25,7600,0.00014867537859814033,0.29538601636886597,0.19480638206005096,0.2770506739616394,0.06240355595946312,0.0011517115635797381,0.006627669557929039,,
1782077161.881963,train,25,7650,0.00014866662626695604,0.2361026257276535,0.1364542841911316,0.2543255388736725,0.07186321169137955,0.0013536663027480245,0.009072143584489822,,
1782077189.2193084,train,25,7700,0.00014865787344724352,0.36065447330474854,0.2526077926158905,0.30612242221832275,0.06285753101110458,0.0008731851121410728,0.005675505846738815,,
1782077214.9156055,train,25,7750,0.0001486491201390905,0.2646509110927582,0.17947432398796082,0.20927132666110992,0.06555324792861938,0.0008213891414925456,0.006032356061041355,,
1782077244.0898693,train,25,7800,0.00014864036634258497,0.19140124320983887,0.10113202035427094,0.21650417149066925,0.07205352187156677,0.001164230052381754,0.008362415246665478,,
1782077270.866723,train,25,7850,0.00014863161205781497,0.2386404126882553,0.14237980544567108,0.25403398275375366,0.06532275676727295,0.0009073287947103381,0.0062085785903036594,,
1782077298.470942,train,25,7900,0.00014862285728486804,0.3450537919998169,0.23456816375255585,0.3005150258541107,0.07046182453632355,0.0012596991145983338,0.007185576483607292,,
1782077325.126131,train,25,7950,0.00014861410202383232,0.2929011583328247,0.17737242579460144,0.3192708194255829,0.07120074331760406,0.0011066948063671589,0.008689353242516518,,
1782077349.4938173,train,25,8000,0.00014860534627479557,0.32942187786102295,0.22145365178585052,0.3056234121322632,0.0629577785730362,0.0008351599681191146,0.0058485097251832485,,
1782077374.5036786,train,25,8050,0.00014859659003784576,0.27099359035491943,0.16897855699062347,0.2627338767051697,0.07238198071718216,0.0014057945227250457,0.0047501143999397755,,
1782077398.202692,train,25,8100,0.00014858783331307083,0.27064037322998047,0.17192009091377258,0.25996339321136475,0.06719646602869034,0.0013119849609211087,0.00890782754868269,,
1782077420.2325153,train,25,8150,0.0001485790761005584,0.16217145323753357,0.08711307495832443,0.18307624757289886,0.05835657939314842,0.001110293553210795,0.00711152795702219,,
1782077443.391303,train,25,8200,0.00014857031840039676,0.3172697126865387,0.2106500267982483,0.2873068153858185,0.06939224898815155,0.0009685307159088552,0.00563278840854764,,
1782077469.6068442,train,25,8250,0.00014856156021267363,0.2593814730644226,0.14987698197364807,0.30768144130706787,0.0649634599685669,0.001024001045152545,0.005452308338135481,,
1782077497.0344217,train,25,8300,0.00014855280153747686,0.25199657678604126,0.16611577570438385,0.20819686353206635,0.06739767640829086,0.0013273697113618255,0.007117799948900938,,
1782077529.5064483,train,25,8350,0.00014854404237489444,0.17567269504070282,0.09150702506303787,0.19899597764015198,0.06856770068407059,0.001328274141997099,0.0065298606641590595,,
1782077561.7901683,train,25,8400,0.00014853528272501423,0.1950271874666214,0.11360814422369003,0.18410508334636688,0.07058417797088623,0.0010068673873320222,0.00631985068321228,,
1782077593.7228951,train,25,8450,0.00014852652258792438,0.2336941957473755,0.12912404537200928,0.26507431268692017,0.07617578655481339,0.0021368686575442553,0.009340070188045502,,
1782077625.2061446,train,25,8500,0.00014851776196371267,0.3360597491264343,0.24577340483665466,0.23358625173568726,0.06348812580108643,0.001457354985177517,0.006756240501999855,,
1782077658.5389268,train,25,8550,0.00014850900085246714,0.34090736508369446,0.24045397341251373,0.2531207799911499,0.07400402426719666,0.0017114917282015085,0.006447790656238794,,
1782077688.5782332,train,25,8600,0.0001485002392542754,0.2136472910642624,0.13085320591926575,0.19161739945411682,0.06952527165412903,0.0012710537994280457,0.007036280818283558,,
1782077716.0511222,train,25,8650,0.00014849147716922595,0.26375240087509155,0.1627001166343689,0.2724559009075165,0.06552315503358841,0.001767302630469203,0.008658883161842823,,
1782077747.1501029,train,25,8700,0.00014848271459740633,0.2712253928184509,0.18923111259937286,0.19284670054912567,0.06736486405134201,0.0010016764281317592,0.005950244143605232,,
1782077776.6396987,train,25,8750,0.00014847395153890454,0.19644390046596527,0.11575005948543549,0.17098687589168549,0.07562649250030518,0.0013387225335463881,0.0052310628816485405,,
1782077806.9408588,train,25,8800,0.0001484651879938087,0.22114141285419464,0.1164114698767662,0.28357937932014465,0.06731223315000534,0.0017897672951221466,0.006522567011415958,,
1782077835.6598604,train,25,8850,0.0001484564239622067,0.30403077602386475,0.21947839856147766,0.20647671818733215,0.06570886075496674,0.0007877020980231464,0.004867768846452236,,
1782077863.3071506,train,25,8900,0.00014844765944418658,0.3003244400024414,0.2010277360677719,0.25562143325805664,0.07054721564054489,0.0011773054720833898,0.008121348917484283,,
1782077891.9579566,train,25,8950,0.00014843889443983614,0.28638938069343567,0.1939350664615631,0.2446397840976715,0.06235922500491142,0.00114758952986449,0.007627534680068493,,
1782077920.8632193,train,25,9000,0.00014843012894924363,0.1662367284297943,0.08827291429042816,0.18128111958503723,0.06508919596672058,0.0009892836678773165,0.006556582637131214,,
1782077948.4755094,train,25,9050,0.00014842136297249693,0.21154655516147614,0.10853946954011917,0.2817794680595398,0.06477109342813492,0.0017667292850092053,0.007395531050860882,,
1782077973.7282798,train,25,9100,0.00014841259650968396,0.2976802587509155,0.1951005607843399,0.2853737473487854,0.06219986826181412,0.001363120973110199,0.009198548272252083,,
1782077999.8301408,train,25,9150,0.00014840382956089263,0.306395024061203,0.2137039750814438,0.24317334592342377,0.06341633945703506,0.0018954246770590544,0.005399398505687714,,
1782078022.0245585,train,25,9200,0.00014839506212621116,0.42460310459136963,0.2980435788631439,0.3862423300743103,0.059741850942373276,0.0012803556164726615,0.0049367183819413185,,
1782078044.105972,train,25,9250,0.00014838629420572738,0.2362101823091507,0.1222226470708847,0.31893089413642883,0.06810396909713745,0.002028134185820818,0.008405102416872978,,
1782078064.410909,train,25,9300,0.00014837752579952948,0.3492308259010315,0.22436083853244781,0.3706832528114319,0.06417956203222275,0.0010940413922071457,0.0067682405933737755,,
1782078084.500062,train,25,9350,0.00014836875690770547,0.2498168647289276,0.15920981764793396,0.2218654602766037,0.07006701081991196,0.0010716199176385999,0.008083263412117958,,
1782078103.394141,train,25,9400,0.0001483599875303432,0.3152397572994232,0.21163301169872284,0.28614532947540283,0.0638776421546936,0.001316205831244588,0.007487835828214884,,
1782078120.5308409,train,25,9450,0.00014835121766753085,0.22674906253814697,0.1266489326953888,0.260809987783432,0.06945671141147614,0.0016927922843024135,0.00582486717030406,,
1782078136.0667348,train,25,9500,0.0001483424473193564,0.30719417333602905,0.20692646503448486,0.2759392261505127,0.062237173318862915,0.0016434406861662865,0.009628500789403915,,
1782078151.2313433,train,25,9550,0.00014833367648590799,0.22509783506393433,0.13713039457798004,0.2140355259180069,0.06861012428998947,0.001534904818981886,0.006684024352580309,,
1782078168.2096531,train,25,9600,0.00014832490516727376,0.1799386441707611,0.0970425233244896,0.18883246183395386,0.07114262878894806,0.0011670517269521952,0.006903117522597313,,
1782078183.387506,train,25,9650,0.00014831613336354136,0.2658703923225403,0.15811355412006378,0.29421794414520264,0.06818834692239761,0.0010817325673997402,0.006064536981284618,,
1782078197.9425755,train,25,9700,0.00014830736107479918,0.27327314019203186,0.17187267541885376,0.25511634349823,0.07491860538721085,0.0016205915017053485,0.009081771597266197,,
1782078212.190928,train,25,9750,0.00014829858830113504,0.24635134637355804,0.13812397420406342,0.2820563018321991,0.0750984326004982,0.001640867325477302,0.010076263919472694,,
1782078225.888909,train,25,9800,0.00014828981504263708,0.272910475730896,0.17101968824863434,0.27139565348625183,0.06786327809095383,0.001102458336390555,0.006388046313077211,,
1782078239.590113,train,25,9850,0.00014828104129939348,0.22066524624824524,0.1155216172337532,0.2598456144332886,0.07996658980846405,0.00198925007134676,0.008752354420721531,,
1782078252.190995,train,25,9900,0.0001482722670714922,0.2992050051689148,0.190559983253479,0.30943748354911804,0.06236563250422478,0.001028217957355082,0.007344168610870838,,
1782078264.5201893,train,25,9950,0.00014826349235902138,0.17535017430782318,0.09589479863643646,0.18532836437225342,0.06604877859354019,0.0009889735374599695,0.006100451108068228,,
1782078276.7576227,train,25,10000,0.0001482547171620691,0.29192811250686646,0.19591833651065826,0.24641995131969452,0.06860048323869705,0.0010455705923959613,0.0053648753091692924,,
1782078288.9174926,train,25,10050,0.00014824594148072357,0.1886526644229889,0.10804291069507599,0.1885216385126114,0.06672782450914383,0.0011544045992195606,0.007436713203787804,,
1782078300.7520885,train,25,10100,0.00014823716531507257,0.3525121808052063,0.24646234512329102,0.2798334062099457,0.07190610468387604,0.001384364441037178,0.010858611203730106,,
1782078312.0510783,train,25,10150,0.00014822838866520444,0.22620715200901031,0.1233135312795639,0.2757895290851593,0.0676405057311058,0.0012598183238878846,0.005941024050116539,,
1782078322.7171464,train,25,10200,0.0001482196115312072,0.19612057507038116,0.11438939720392227,0.19396281242370605,0.06626532226800919,0.00107832089997828,0.00602033082395792,,
1782078333.2508733,train,25,10250,0.00014821083391316898,0.16926202178001404,0.08709355443716049,0.1937667578458786,0.06724938750267029,0.0010208770399913192,0.0069897230714559555,,
1782078343.7861211,train,25,10300,0.00014820205581117773,0.22432681918144226,0.11942047625780106,0.2888012230396271,0.06517083197832108,0.0012062281602993608,0.006030560005456209,,
1782078354.756717,train,25,10350,0.00014819327722532174,0.21180406212806702,0.1311236321926117,0.1940268725156784,0.06411372125148773,0.0011685712961480021,0.00518246041610837,,
1782078365.1151774,train,25,10400,0.00014818449815568924,0.2922131419181824,0.1921233981847763,0.2707946002483368,0.06454551964998245,0.0011835837503895164,0.004879388492554426,,
1782078374.9074624,train,25,10450,0.00014817571860236813,0.27077704668045044,0.1728631556034088,0.2425292581319809,0.07424818724393845,0.0015748682199046016,0.006170606706291437,,
1782078385.4968,train,25,10500,0.00014816693856544667,0.23278699815273285,0.13709625601768494,0.25318825244903564,0.06457792222499847,0.0010470951674506068,0.006678192410618067,,
1782078395.6337576,train,25,10550,0.00014815815804501294,0.25271207094192505,0.16493073105812073,0.22963933646678925,0.060531821101903915,0.0010558319045230746,0.004520725458860397,,
1782078406.0109866,train,25,10600,0.00014814937704115511,0.26759201288223267,0.18657554686069489,0.19361278414726257,0.06505489349365234,0.0008582582231611013,0.005033406894654036,,
1782078415.9168718,train,25,10650,0.00014814059555396154,0.15148156881332397,0.07799471914768219,0.16631855070590973,0.06364911049604416,0.0008265776559710503,0.00715302862226963,,
1782078426.1000264,train,25,10700,0.00014813181358351994,0.23184247314929962,0.1449693739414215,0.2142307311296463,0.06642027199268341,0.0010527108097448945,0.00597350113093853,,
1782078435.935781,train,25,10750,0.00014812303112991877,0.25519731640815735,0.15682339668273926,0.25381335616111755,0.06951431185007095,0.0016340966103598475,0.006808842066675425,,
1782078445.683768,train,25,10800,0.00014811424819324606,0.29207077622413635,0.2082030475139618,0.19328655302524567,0.07089728862047195,0.0009743887349031866,0.007020903285592794,,
1782078455.6225789,train,25,10850,0.00014810546477359002,0.3282729685306549,0.21212515234947205,0.3171631991863251,0.07336584478616714,0.0017408947460353374,0.00633736327290535,,
1782078465.562439,train,25,10900,0.00014809668087103887,0.2813187539577484,0.1736728847026825,0.29007071256637573,0.06996700167655945,0.0014469403540715575,0.00730546610429883,,
1782078475.4045427,train,25,10950,0.00014808789648568075,0.25304803252220154,0.1694478988647461,0.208529531955719,0.06271088868379593,0.001122920075431466,0.007040069904178381,,
1782078484.9585416,train,25,11000,0.00014807911161760377,0.25547799468040466,0.1638883501291275,0.23105913400650024,0.06737348437309265,0.0013811966637149453,0.00814768299460411,,
1782078494.6323617,train,25,11050,0.0001480703262668962,0.29940080642700195,0.20266497135162354,0.25946587324142456,0.06355943530797958,0.0008963068248704076,0.0049954913556575775,,
1782078504.2122495,train,25,11100,0.00014806154043364616,0.2368433028459549,0.13795088231563568,0.25435730814933777,0.0703262910246849,0.0013994795735925436,0.007434186525642872,,
1782078513.8856459,train,25,11150,0.0001480527541179419,0.24647319316864014,0.1514759063720703,0.24705913662910461,0.06620077043771744,0.0013213225174695253,0.006269960664212704,,
1782078523.36809,train,25,11200,0.00014804396731987147,0.16636502742767334,0.07093460857868195,0.23680242896080017,0.07200770825147629,0.002259675646200776,0.008142136037349701,,
1782078532.7423234,train,25,11250,0.00014803518003952336,0.3066244125366211,0.2025969922542572,0.2684565484523773,0.073606938123703,0.0010980156948789954,0.0071221631951630116,,
1782078542.3108284,train,25,11300,0.00014802639227698568,0.19760923087596893,0.09838277846574783,0.26446378231048584,0.06590032577514648,0.001603517564944923,0.007671401370316744,,
1782078551.739269,train,25,11350,0.00014801760403234664,0.2550009489059448,0.1540074348449707,0.2701098620891571,0.06674071401357651,0.000956866831984371,0.0073934318497776985,,
1782078561.2226827,train,25,11400,0.0001480088153056943,0.2676455080509186,0.14741429686546326,0.33824294805526733,0.07111712545156479,0.0011190233053639531,0.0055486951023340225,,
1782078570.6813905,train,25,11450,0.00014800002609711705,0.3250958025455475,0.2171815037727356,0.3010239601135254,0.06504729390144348,0.0013468804536387324,0.006032087374478579,,
1782078580.089184,train,25,11500,0.00014799123640670312,0.3183087408542633,0.22017143666744232,0.26143550872802734,0.06522655487060547,0.0016513431910425425,0.007130379788577557,,
1782078589.5917542,train,25,11550,0.00014798244623454065,0.20715416967868805,0.11724662780761719,0.21526320278644562,0.07174669206142426,0.002184053184464574,0.0060007753781974316,,
1782078599.0654838,train,25,11600,0.00014797365558071794,0.47469455003738403,0.3476581871509552,0.3670308589935303,0.07017137110233307,0.0019298344850540161,0.005538711324334145,,
1782078608.520874,train,25,11650,0.00014796486444532315,0.3977852463722229,0.2737675607204437,0.3600773513317108,0.06769724190235138,0.0014971402706578374,0.007236011791974306,,
1782078618.0082004,train,25,11700,0.00014795607282844448,0.4962833821773529,0.35647153854370117,0.435628741979599,0.0615045502781868,0.0015236531617119908,0.00824641715735197,,
1782078627.3298233,train,25,11750,0.0001479472807301703,0.4023188650608063,0.27651581168174744,0.36545008420944214,0.06859277933835983,0.0014415314653888345,0.00924730021506548,,
1782078636.7841525,train,25,11800,0.0001479384881505889,0.24369119107723236,0.1643407791852951,0.17245076596736908,0.07223595678806305,0.0011973204091191292,0.00786582101136446,,
1782078646.1661892,train,25,11850,0.00014792969508978847,0.1550595462322235,0.07916515320539474,0.16467727720737457,0.06917379051446915,0.0013818498700857162,0.009018676355481148,,
1782078655.673373,train,25,11900,0.00014792090154785734,0.3422001898288727,0.23298974335193634,0.303206205368042,0.06658360362052917,0.0011709125246852636,0.006838543806225061,,
1782078665.1298583,train,25,11950,0.00014791210752488382,0.32010015845298767,0.23161834478378296,0.232423335313797,0.060574889183044434,0.0008855587220750749,0.006748794112354517,,
1782078674.6480103,train,25,12000,0.00014790331302095598,0.30751973390579224,0.21382425725460052,0.25045567750930786,0.0619245208799839,0.001193134463392198,0.007439238950610161,,
1782078684.0983307,train,25,12050,0.00014789451803616242,0.28843453526496887,0.1878397911787033,0.2650052607059479,0.0684029832482338,0.0014192431699484587,0.009871350601315498,,
1782078693.5639074,train,25,12100,0.00014788572257059128,0.3403490483760834,0.22535744309425354,0.30726858973503113,0.07602952420711517,0.0015968501102179289,0.006873806938529015,,
1782078703.703202,train,25,12150,0.00014787692662433075,0.23598745465278625,0.14403875172138214,0.24296241998672485,0.0622171051800251,0.0009953392436727881,0.005837409757077694,,
1782078713.2258534,train,25,12200,0.00014786813019746907,0.28556305170059204,0.19126063585281372,0.24480001628398895,0.06597324460744858,0.0011581656290218234,0.009944683872163296,,
1782078722.9430869,train,25,12250,0.00014785933329009474,0.1435302197933197,0.06579853594303131,0.18605650961399078,0.06218389794230461,0.0012562070041894913,0.008372199721634388,,
1782078732.4937255,train,25,12300,0.00014785053590229594,0.2052152156829834,0.10275022685527802,0.2753326892852783,0.06696393340826035,0.0014985271263867617,0.004866006318479776,,
1782078742.2011924,train,25,12350,0.0001478417380341611,0.31745246052742004,0.21331894397735596,0.27060818672180176,0.07277122884988785,0.0009583378559909761,0.006894734222441912,,
1782078751.626981,train,25,12400,0.0001478329396857785,0.2232905626296997,0.12657523155212402,0.24210406839847565,0.07216788083314896,0.0010538686765357852,0.00583915738388896,,
1782078761.056537,train,25,12450,0.00014782414085723632,0.35070544481277466,0.2479477971792221,0.26786839962005615,0.07132916152477264,0.0012597462628036737,0.007429578807204962,,
1782078770.4788518,train,25,12500,0.00014781534154862291,0.30354851484298706,0.1791396290063858,0.3554399609565735,0.07082417607307434,0.0013680161209776998,0.005308083258569241,,
1782078779.8708172,train,25,12550,0.00014780654176002673,0.3079967200756073,0.19924958050251007,0.29001733660697937,0.0722055584192276,0.0014003781834617257,0.006994129158556461,,
1782078789.5498183,train,25,12600,0.00014779774149153616,0.22888781130313873,0.1322968751192093,0.23096296191215515,0.07741013914346695,0.0014513896312564611,0.007996299304068089,,
1782078798.9886224,train,25,12650,0.0001477889407432395,0.3068303167819977,0.20161396265029907,0.2685386836528778,0.07576709240674973,0.0019813738763332367,0.009626987390220165,,
1782078808.7828333,train,25,12700,0.00014778013951522484,0.23552599549293518,0.14539232850074768,0.24363066256046295,0.05817444249987602,0.0013878617901355028,0.006778755225241184,,
1782078818.3554296,train,25,12750,0.00014777133780758084,0.3894006907939911,0.2611837387084961,0.37198442220687866,0.07016607373952866,0.0013779210858047009,0.006050519645214081,,
1782078827.9466262,train,25,12800,0.00014776253562039565,0.2863589823246002,0.17921565473079681,0.2735711336135864,0.07721517980098724,0.0014295991277322173,0.005518392194062471,,
1782078837.4126968,train,25,12850,0.0001477537329537577,0.2352917343378067,0.1379629224538803,0.2473875880241394,0.07064689695835114,0.0015846847090870142,0.0048201424069702625,,
1782078846.9581592,train,25,12900,0.00014774492980775545,0.20227831602096558,0.09967228025197983,0.2691708207130432,0.07032576203346252,0.0015045134350657463,0.010686187073588371,,
1782078856.4696615,train,25,12950,0.00014773612618247713,0.19039641320705414,0.10099690407514572,0.22965699434280396,0.06371860951185226,0.0012596037704497576,0.006414910312741995,,
1782078865.9099147,train,25,13000,0.00014772732207801118,0.2163984626531601,0.12789592146873474,0.22323453426361084,0.06511694192886353,0.0013544299872592092,0.008526178076863289,,
1782078875.4946153,train,25,13050,0.000147718517494446,0.3024553060531616,0.1838701069355011,0.3403373956680298,0.06668493151664734,0.0015836029779165983,0.00605496671050787,,
1782079008.5300817,val,25,,,0.3091107213615232,0.1940564530835671,0.3162507466855332,0.0716938496041544,0.0014465689778071019,0.006947367723221573,4.620243787765503,0.31733641028404236
1782079026.534414,train,26,50,0.00014770707081970317,0.311172753572464,0.19336624443531036,0.3418497145175934,0.06439656764268875,0.0014580158749595284,0.008968710899353027,,
1782079040.9869041,train,26,100,0.00014769826513454516,0.21236661076545715,0.0946890190243721,0.3329223394393921,0.0685805082321167,0.00156758155208081,0.007459899410605431,,
1782079056.2924743,train,26,150,0.00014768945897057948,0.21890859305858612,0.13344085216522217,0.2123553454875946,0.064495749771595,0.0013102323282510042,0.008713694289326668,,
1782079070.3342583,train,26,200,0.00014768065232789474,0.21346275508403778,0.12740986049175262,0.20504800975322723,0.06927304714918137,0.0015436118701472878,0.006812284234911203,,
1782079083.9465866,train,26,250,0.00014767184520657914,0.22548808157444,0.1280386745929718,0.2539125680923462,0.06777122616767883,0.0008565799798816442,0.004981512203812599,,
1782079098.2602632,train,26,300,0.00014766303760672115,0.16589348018169403,0.08744224905967712,0.174568772315979,0.06939863413572311,0.0010971196461468935,0.006322737317532301,,
1782079110.5175655,train,26,350,0.00014765422952840935,0.400905042886734,0.28454524278640747,0.34392255544662476,0.06056404858827591,0.0009711928432807326,0.006653741002082825,,
1782079122.6744084,train,26,400,0.00014764542097173188,0.3318418264389038,0.2279340773820877,0.29112789034843445,0.06207657605409622,0.0008749578846618533,0.005916568450629711,,
1782079133.9429033,train,26,450,0.00014763661193677738,0.29349926114082336,0.2062309980392456,0.21397167444229126,0.06727706640958786,0.0013682361459359527,0.006770868320018053,,
1782079144.608141,train,26,500,0.00014762780242363405,0.32312604784965515,0.22162781655788422,0.2766689360141754,0.06443831324577332,0.001118395826779306,0.006376922130584717,,
1782079154.8263721,train,26,550,0.00014761899243239052,0.2606550455093384,0.16099634766578674,0.26094692945480347,0.0684957206249237,0.0017410230357199907,0.006429506931453943,,
1782079164.8632965,train,26,600,0.0001476101819631352,0.1914123147726059,0.0937114804983139,0.26142817735671997,0.06448058038949966,0.0010350242955610156,0.0038346878718584776,,
1782079175.1590917,train,26,650,0.00014760137101595656,0.15021264553070068,0.06186707690358162,0.2112867683172226,0.07084040343761444,0.0010368074290454388,0.005936820991337299,,
1782079185.0852711,train,26,700,0.00014759255959094297,0.2831277847290039,0.17748548090457916,0.2947961091995239,0.06361185014247894,0.0013734258245676756,0.007205046247690916,,
1782079194.8256078,train,26,750,0.0001475837476881829,0.3058483302593231,0.19992172718048096,0.2864706218242645,0.06836020946502686,0.0012882055016234517,0.007290424779057503,,
1782079204.514225,train,26,800,0.00014757493530776476,0.25340524315834045,0.1567089855670929,0.2513899505138397,0.0674661323428154,0.0011569784255698323,0.006159602664411068,,
1782079214.104255,train,26,850,0.000147566122449777,0.22176559269428253,0.12570200860500336,0.25764036178588867,0.06292319297790527,0.0019190367311239243,0.006648720242083073,,
1782079223.827915,train,26,900,0.0001475573091143083,0.21321257948875427,0.13567931950092316,0.17285524308681488,0.06844175606966019,0.0009856412652879953,0.006405999418348074,,
1782079233.242515,train,26,950,0.00014754849530144697,0.5052658319473267,0.35967350006103516,0.44187748432159424,0.07002925127744675,0.0010834375862032175,0.006125441752374172,,
1782079242.926792,train,26,1000,0.00014753968101128144,0.2161925584077835,0.11323957145214081,0.26521629095077515,0.07302111387252808,0.001383529044687748,0.008768901228904724,,
1782079252.6575851,train,26,1050,0.0001475308662439002,0.19564852118492126,0.1117115467786789,0.1959686428308487,0.06964494287967682,0.0012233864981681108,0.006967375986278057,,
1782079262.1457725,train,26,1100,0.00014752205099939175,0.23706696927547455,0.13711602985858917,0.2635419964790344,0.06784892827272415,0.0014098052633926272,0.0059052868746221066,,
1782079271.7586987,train,26,1150,0.00014751323527784462,0.22912423312664032,0.13746277987957,0.22937442362308502,0.0683748871088028,0.0013039903715252876,0.00661949859932065,,
1782079281.4085984,train,26,1200,0.00014750441907934728,0.4126126766204834,0.296260267496109,0.3373834788799286,0.06360579282045364,0.002036518417298794,0.00979255698621273,,
1782079295.1560466,train,26,1250,0.0001474956024039882,0.22600878775119781,0.1457342505455017,0.2002030313014984,0.0602470226585865,0.0010025830706581473,0.005942416377365589,,
1782079304.7181401,train,26,1300,0.00014748678525185592,0.22744129598140717,0.14282013475894928,0.2085684984922409,0.06473002582788467,0.001140295178629458,0.005243705585598946,,
1782079314.124788,train,26,1350,0.00014747796762303904,0.15034765005111694,0.07924942672252655,0.15288914740085602,0.06551039963960648,0.0012073973193764687,0.006950308568775654,,
1782079323.7577062,train,26,1400,0.00014746914951762596,0.23714028298854828,0.14387796819210052,0.24620848894119263,0.06325403600931168,0.0008317537722177804,0.005189590621739626,,
1782079333.4647508,train,26,1450,0.00014746033093570522,0.36424002051353455,0.2346341460943222,0.37933802604675293,0.0693027526140213,0.001199829508550465,0.0054469327442348,,
1782079343.049882,train,26,1500,0.00014745151187736517,0.5160092115402222,0.38384300470352173,0.3951873481273651,0.06644545495510101,0.0014665524940937757,0.006880379281938076,,
1782079352.4369495,train,26,1550,0.00014744269234269472,0.23597794771194458,0.14016509056091309,0.24583213031291962,0.06840651482343674,0.0015156602021306753,0.005752180237323046,,
1782079361.8429859,train,26,1600,0.00014743387233178226,0.3171837329864502,0.19722221791744232,0.343079149723053,0.06814216077327728,0.00120636448264122,0.006154144648462534,,
1782079371.2683325,train,26,1650,0.00014742505184471599,0.21220993995666504,0.13725703954696655,0.17149235308170319,0.06390704959630966,0.0012628532713279128,0.008511032909154892,,
1782079380.7081466,train,26,1700,0.00014741623088158483,0.19368088245391846,0.11561524122953415,0.1818513423204422,0.06495796144008636,0.0012383006978780031,0.006667193025350571,,
1782079390.166384,train,26,1750,0.00014740740944247727,0.277091920375824,0.1744237244129181,0.2766357660293579,0.06675929576158524,0.0012960659805685282,0.006442113779485226,,
1782079399.6054945,train,26,1800,0.00014739858752748177,0.3948298692703247,0.27129608392715454,0.34673842787742615,0.07332077622413635,0.001887721591629088,0.007661351002752781,,
1782079409.021762,train,26,1850,0.00014738976513668702,0.19362296164035797,0.10578101128339767,0.20179511606693268,0.07450435310602188,0.0014100044500082731,0.0064132194966077805,,
1782079418.4495828,train,26,1900,0.0001473809422701815,0.21613015234470367,0.1363629549741745,0.19040124118328094,0.06399299949407578,0.0017038151854649186,0.0066826120018959045,,
1782079427.907249,train,26,1950,0.0001473721189280537,0.30079084634780884,0.19677674770355225,0.2783697545528412,0.06862504780292511,0.001091495854780078,0.007350142579525709,,
1782079437.356932,train,26,2000,0.00014736329511039225,0.32721415162086487,0.21957647800445557,0.29280945658683777,0.06860815733671188,0.0013122446835041046,0.006212364882230759,,
1782079446.7589211,train,26,2050,0.00014735447081728583,0.23831063508987427,0.14870747923851013,0.22933335602283478,0.06429997086524963,0.001198277692310512,0.005354023072868586,,
1782079456.206527,train,26,2100,0.0001473456460488228,0.283147931098938,0.1806648224592209,0.27195650339126587,0.06869614869356155,0.0014590753708034754,0.006441000383347273,,
1782079465.6137416,train,26,2150,0.00014733682080509197,0.19770202040672302,0.09366346895694733,0.28871414065361023,0.06348434090614319,0.0011784689268097281,0.004939406644552946,,
1782079475.0275345,train,26,2200,0.00014732799508618193,0.17975999414920807,0.10676346719264984,0.16353832185268402,0.06403504312038422,0.0009442675509490073,0.006370821967720985,,
1782079484.4786382,train,26,2250,0.00014731916889218111,0.23967775702476501,0.14374390244483948,0.2592845857143402,0.061949241906404495,0.0013806773349642754,0.0060105700977146626,,
1782079493.9352891,train,26,2300,0.00014731034222317812,0.16875579953193665,0.09275363385677338,0.16368699073791504,0.0698651447892189,0.0014785639941692352,0.006254993379116058,,
1782079503.398413,train,26,2350,0.00014730151507926165,0.19187849760055542,0.10409164428710938,0.22787132859230042,0.061440225690603256,0.0009891691152006388,0.009045707061886787,,
1782079512.8541467,train,26,2400,0.00014729268746052022,0.29187867045402527,0.18157261610031128,0.29795151948928833,0.07131122797727585,0.0016258611576631665,0.003991442732512951,,
1782079522.363702,train,26,2450,0.00014728385936704254,0.22275255620479584,0.13254311680793762,0.24003717303276062,0.06022333726286888,0.0008846106939017773,0.006380049046128988,,
1782079531.662706,train,26,2500,0.00014727503079891712,0.2738285958766937,0.1686982959508896,0.28274351358413696,0.06857125461101532,0.0015879691345617175,0.007139889523386955,,
1782079541.0323627,train,26,2550,0.00014726620175623277,0.25678545236587524,0.14754173159599304,0.29212862253189087,0.0720687061548233,0.0017720357282087207,0.01092556957155466,,
1782079550.491162,train,26,2600,0.000147257372239078,0.2633822560310364,0.15318559110164642,0.29365843534469604,0.07332950085401535,0.0011729700490832329,0.00498855160549283,,
1782079559.8241966,train,26,2650,0.00014724854224754124,0.4928376078605652,0.354024738073349,0.4050484299659729,0.07478267699480057,0.0015941017773002386,0.005871774163097143,,
1782079569.2265315,train,26,2700,0.00014723971178171142,0.16323234140872955,0.08515816181898117,0.1791967749595642,0.06631535291671753,0.0011731763370335102,0.008076994679868221,,
1782079578.579787,train,26,2750,0.00014723088084167717,0.4357047379016876,0.3325626850128174,0.2908550202846527,0.06064284220337868,0.0010688055772334337,0.006815304979681969,,
1782079588.0117655,train,26,2800,0.00014722204942752712,0.29655489325523376,0.19445933401584625,0.2744560241699219,0.06669088453054428,0.0013612714828923345,0.007006539031863213,,
1782079597.3397136,train,26,2850,0.00014721321753934986,0.18811996281147003,0.10181848704814911,0.21644479036331177,0.06420303136110306,0.0008877048385329545,0.005062018521130085,,
1782079606.7161756,train,26,2900,0.000147204385177234,0.27824366092681885,0.1812807023525238,0.24233493208885193,0.07244979590177536,0.0015432254876941442,0.006434235256165266,,
1782079616.1187413,train,26,2950,0.00014719555234126832,0.2404714673757553,0.13769273459911346,0.28337562084198,0.06355070322751999,0.001594651723280549,0.007430059835314751,,
1782079625.6706996,train,26,3000,0.00014718671903154134,0.20166805386543274,0.10503815859556198,0.2591838240623474,0.06343038380146027,0.0011875976342707872,0.004629367496818304,,
1782079635.0187485,train,26,3050,0.00014717788524814182,0.2859875559806824,0.15521706640720367,0.3728906214237213,0.07477949559688568,0.0015806069131940603,0.006132286041975021,,
1782079644.371055,train,26,3100,0.00014716905099115856,0.2597354054450989,0.17099693417549133,0.22156810760498047,0.06649325788021088,0.000998014584183693,0.00667036697268486,,
1782079653.7615037,train,26,3150,0.00014716021626068007,0.617013156414032,0.4651946723461151,0.4704534113407135,0.06819633394479752,0.001069688587449491,0.005571397021412849,,
1782079663.1872003,train,26,3200,0.00014715138105679494,0.2467152178287506,0.16005006432533264,0.1791234016418457,0.08351851254701614,0.0012504338519647717,0.007760659325867891,,
1782079672.5834036,train,26,3250,0.00014714254537959214,0.32824069261550903,0.21421656012535095,0.3072265386581421,0.07418517023324966,0.0012488864595070481,0.006201223004609346,,
1782079681.9498615,train,26,3300,0.00014713370922916013,0.3141675293445587,0.20344030857086182,0.30412161350250244,0.06904499232769012,0.0017431614687666297,0.007925242185592651,,
1782079691.408742,train,26,3350,0.00014712487260558772,0.33737197518348694,0.21765919029712677,0.3339722156524658,0.07214676588773727,0.0014635130064561963,0.010167687200009823,,
1782079700.8589573,train,26,3400,0.00014711603550896356,0.23702992498874664,0.13969212770462036,0.2628806233406067,0.06296122074127197,0.0013703785371035337,0.006662577856332064,,
1782079710.2320528,train,26,3450,0.00014710719793937645,0.11960664391517639,0.043358214199543,0.16892553865909576,0.06786415725946426,0.0008496700902469456,0.005859284661710262,,
1782079719.646712,train,26,3500,0.0001470983598969151,0.19981302320957184,0.11350761353969574,0.20747236907482147,0.06865175068378448,0.00111441093031317,0.005319460295140743,,
1782079729.062366,train,26,3550,0.00014708952138166805,0.18367521464824677,0.09725716710090637,0.20822808146476746,0.06845788657665253,0.0013206669827923179,0.0070847319439053535,,
1782079738.4068084,train,26,3600,0.0001470806823937243,0.2675778269767761,0.17301928997039795,0.24660715460777283,0.06541261821985245,0.0020041270181536674,0.008704776875674725,,
1782079747.8857644,train,26,3650,0.00014707184293317243,0.32214415073394775,0.2186894714832306,0.2815689742565155,0.06582972407341003,0.001475684461183846,0.00826980173587799,,
1782079757.2633452,train,26,3700,0.00014706300300010105,0.17512714862823486,0.08339223265647888,0.2278771847486496,0.06930772960186005,0.0011176482075825334,0.0074393306858837605,,
1782079766.670173,train,26,3750,0.0001470541625945989,0.15045537054538727,0.06363870948553085,0.20338311791419983,0.07164032757282257,0.0015072576934471726,0.007768544834107161,,
1782079776.0715697,train,26,3800,0.00014704532171675504,0.18471397459506989,0.09643971174955368,0.22490303218364716,0.06388475745916367,0.0010612201876938343,0.007398432586342096,,
1782079785.4496028,train,26,3850,0.000147036480366658,0.20697304606437683,0.12314432859420776,0.20855513215065002,0.06316030025482178,0.001097865286283195,0.007869481109082699,,
1782079794.8224201,train,26,3900,0.00014702763854439644,0.18293076753616333,0.09351339936256409,0.2207164764404297,0.06813609600067139,0.0017020206432789564,0.008025585673749447,,
1782079804.2727032,train,26,3950,0.00014701879625005928,0.263979971408844,0.15719683468341827,0.29802021384239197,0.06426624953746796,0.0014495474752038717,0.00658806785941124,,
1782079813.6910613,train,26,4000,0.00014700995348373525,0.24371933937072754,0.15868699550628662,0.19241966307163239,0.07361260801553726,0.0012112580006942153,0.005278991535305977,,
1782079823.0675125,train,26,4050,0.000147001110245513,0.22462250292301178,0.14094875752925873,0.19839628040790558,0.06782910972833633,0.0016012727282941341,0.00796707347035408,,
1782079832.4864058,train,26,4100,0.00014699226653548135,0.29001834988594055,0.18411044776439667,0.2812710404396057,0.07092202454805374,0.0012912200763821602,0.006293680518865585,,
1782079841.8566477,train,26,4150,0.00014698342235372922,0.20455679297447205,0.10346636176109314,0.27172377705574036,0.06602129340171814,0.0014884963165968657,0.005818454083055258,,
1782079851.2342517,train,26,4200,0.00014697457770034532,0.29124465584754944,0.2013489454984665,0.24124518036842346,0.05902256444096565,0.0007313296082429588,0.005171476863324642,,
1782079860.6992671,train,26,4250,0.0001469657325754184,0.1787860244512558,0.09228704124689102,0.20681066811084747,0.06933768838644028,0.0012746292632073164,0.007108679972589016,,
1782079870.0754244,train,26,4300,0.0001469568869790372,0.16132128238677979,0.07246220856904984,0.2118668109178543,0.07146979868412018,0.0015747720608487725,0.007236926816403866,,
1782079879.4263399,train,26,4350,0.00014694804091129054,0.23967745900154114,0.13570019602775574,0.2644306421279907,0.07538110762834549,0.0017904588021337986,0.008182321675121784,,
1782079888.7661586,train,26,4400,0.00014693919437226726,0.18501541018486023,0.08346585929393768,0.27453702688217163,0.06553462147712708,0.0014797623734921217,0.005760121159255505,,
1782079898.1640744,train,26,4450,0.00014693034736205628,0.3190964460372925,0.22751285135746002,0.2397836297750473,0.06305093318223953,0.0011223828187212348,0.008371486328542233,,
1782079907.587816,train,26,4500,0.00014692149988074622,0.19385389983654022,0.12061838805675507,0.16762207448482513,0.06249847635626793,0.0008074612123891711,0.0058560143224895,,
1782079916.9689503,train,26,4550,0.00014691265192842587,0.23791980743408203,0.13743147253990173,0.26258593797683716,0.06936504691839218,0.001593305030837655,0.0073814550414681435,,
1782079926.333055,train,26,4600,0.00014690380350518425,0.32463598251342773,0.23458005487918854,0.23672541975975037,0.061557114124298096,0.0009601970668882132,0.005656922236084938,,
1782079935.6776044,train,26,4650,0.0001468949546111101,0.20113816857337952,0.11686283349990845,0.20626410841941833,0.06513338536024094,0.0014260573079809546,0.006328626070171595,,
1782079945.152589,train,26,4700,0.00014688610524629198,0.3414956033229828,0.22168491780757904,0.3300139307975769,0.07430893182754517,0.0015275136101990938,0.006532059051096439,,
1782079954.5332203,train,26,4750,0.00014687725541081902,0.17602825164794922,0.10254047065973282,0.17222458124160767,0.060635801404714584,0.001137235201895237,0.007885291241109371,,
1782079963.976253,train,26,4800,0.00014686840510478013,0.24494291841983795,0.1505768895149231,0.2574302554130554,0.059798821806907654,0.0010906513780355453,0.004808740224689245,,
1782079973.353526,train,26,4850,0.00014685955432826382,0.21625196933746338,0.11913744360208511,0.25249528884887695,0.06774869561195374,0.0011636546114459634,0.008641217835247517,,
1782079982.8301804,train,26,4900,0.0001468507030813593,0.3735581040382385,0.24017927050590515,0.37829047441482544,0.07722388207912445,0.0019425576319918036,0.006446574814617634,,
1782079992.1976066,train,26,4950,0.00014684185136415508,0.1821674406528473,0.1036815419793129,0.18121786415576935,0.0661274641752243,0.0011768850963562727,0.005465263966470957,,
1782080001.5498025,train,26,5000,0.00014683299917674046,0.18355707824230194,0.0794636458158493,0.27813512086868286,0.06888731569051743,0.0011599387507885695,0.007140802685171366,,
1782080010.9102716,train,26,5050,0.0001468241465192038,0.16679255664348602,0.10238159447908401,0.12826451659202576,0.06448448449373245,0.0010259125847369432,0.007421150337904692,,
1782080020.2413123,train,26,5100,0.00014681529339163424,0.28995901346206665,0.19447754323482513,0.2420068383216858,0.0697525292634964,0.0010349174262955785,0.007307781837880611,,
1782080029.6828983,train,26,5150,0.0001468064397941206,0.25188788771629333,0.16038620471954346,0.22898848354816437,0.06830238550901413,0.001033817301504314,0.0072372001595795155,,
1782080039.0381367,train,26,5200,0.00014679758572675168,0.26693201065063477,0.1787160485982895,0.22954131662845612,0.061448853462934494,0.0010622944682836533,0.007237948477268219,,
1782080048.4327466,train,26,5250,0.00014678873118961647,0.18542686104774475,0.10473977774381638,0.19523125886917114,0.0635492354631424,0.0010466000530868769,0.007080188952386379,,
1782080057.826138,train,26,5300,0.0001467798761828039,0.19051846861839294,0.10100685060024261,0.22574129700660706,0.06585544347763062,0.0014857137575745583,0.011622129008173943,,
1782080067.2266345,train,26,5350,0.00014677102070640281,0.30041107535362244,0.19297318160533905,0.29326003789901733,0.06795981526374817,0.0014295666478574276,0.007212257012724876,,
1782080076.7606347,train,26,5400,0.00014676216476050192,0.3666481375694275,0.24981313943862915,0.33212006092071533,0.0672873854637146,0.0016130080912262201,0.005929778330028057,,
1782080086.1564393,train,26,5450,0.00014675330834519045,0.27896636724472046,0.19058170914649963,0.22494149208068848,0.06410127878189087,0.0009864259045571089,0.005077611189335585,,
1782080095.6458018,train,26,5500,0.00014674445146055696,0.3204843997955322,0.2163366675376892,0.29702726006507874,0.05953371897339821,0.0012407980393618345,0.007177179679274559,,
1782080105.0086584,train,26,5550,0.00014673559410669052,0.1622823029756546,0.07634685933589935,0.21610137820243835,0.06359992176294327,0.0011014296906068921,0.00612911581993103,,
1782080114.4703796,train,26,5600,0.00014672673628368007,0.37274983525276184,0.2552235424518585,0.31301411986351013,0.07824141532182693,0.0015205462696030736,0.00709948455914855,,
1782080123.8186183,train,26,5650,0.00014671787799161456,0.31149983406066895,0.2077648639678955,0.2843787968158722,0.06498445570468903,0.0014806668041273952,0.006020829081535339,,
1782080133.2455542,train,26,5700,0.00014670901923058278,0.25764429569244385,0.1603614240884781,0.2478799819946289,0.07032672315835953,0.0014951082412153482,0.008479678072035313,,
1782080142.6722295,train,26,5750,0.0001467001600006738,0.37033510208129883,0.23955175280570984,0.3768385052680969,0.07279132306575775,0.0017803634982556105,0.0072736963629722595,,
1782080151.9981358,train,26,5800,0.0001466913003019764,0.3187486231327057,0.21551895141601562,0.2709066569805145,0.07077383995056152,0.0011608126806095243,0.00735497334972024,,
1782080161.4283848,train,26,5850,0.00014668244013457964,0.3301157057285309,0.21834053099155426,0.3087156414985657,0.06888970732688904,0.001514143543317914,0.007168556563556194,,
1782080170.80626,train,26,5900,0.0001466735794985724,0.3142491281032562,0.20793740451335907,0.28721219301223755,0.06870055198669434,0.0015839721309021115,0.007713009603321552,,
1782080180.1467376,train,26,5950,0.00014666471839404362,0.3634253740310669,0.2531399726867676,0.3068937063217163,0.0668475404381752,0.0013819470768794417,0.007707756478339434,,
1782080189.4806793,train,26,6000,0.00014665585682108225,0.22723709046840668,0.11838220804929733,0.29431667923927307,0.07024959474802017,0.0015092168468981981,0.004932129755616188,,
1782080198.8933077,train,26,6050,0.00014664699477977738,0.30719542503356934,0.2166738361120224,0.22199931740760803,0.06979982554912567,0.0012184367515146732,0.007477068807929754,,
1782080208.2987711,train,26,6100,0.0001466381322702177,0.36355262994766235,0.26015105843544006,0.27029749751091003,0.07143338024616241,0.0011050470639020205,0.006541384384036064,,
1782080217.723316,train,26,6150,0.00014662926929249234,0.36567938327789307,0.22788932919502258,0.4219038784503937,0.06424293667078018,0.0019260966219007969,0.006657825317233801,,
1782080227.1218987,train,26,6200,0.0001466204058466903,0.2637971043586731,0.15198789536952972,0.29502201080322266,0.07577041536569595,0.001684953342191875,0.005847487598657608,,
1782080236.4828985,train,26,6250,0.00014661154193290062,0.2701845169067383,0.16020332276821136,0.28663355112075806,0.07643511891365051,0.001052587991580367,0.005601889453828335,,
1782080245.9096475,train,26,6300,0.00014660267755121228,0.24095207452774048,0.14978982508182526,0.2193039506673813,0.07242841273546219,0.001220551785081625,0.00850586500018835,,
1782080255.3228805,train,26,6350,0.00014659381270171396,0.2523515820503235,0.1709241271018982,0.19823460280895233,0.0635564848780632,0.0009057074203155935,0.006496654823422432,,
1782080264.7631142,train,26,6400,0.00014658494738449486,0.29907333850860596,0.2018381506204605,0.25849565863609314,0.06489785015583038,0.001623717020265758,0.0078052799217402935,,
1782080274.17995,train,26,6450,0.0001465760815996438,0.2298693060874939,0.11401411890983582,0.3229966461658478,0.06991004943847656,0.0015101083554327488,0.006191248074173927,,
1782080283.550826,train,26,6500,0.0001465672153472501,0.410797655582428,0.2940978407859802,0.33096200227737427,0.06768329441547394,0.0011767545947805047,0.005818760488182306,,
1782080292.9383128,train,26,6550,0.0001465583486274025,0.3163522779941559,0.20200218260288239,0.32507291436195374,0.06597661972045898,0.0009355279617011547,0.006352343130856752,,
1782080302.3545606,train,26,6600,0.00014654948144019017,0.2980714440345764,0.19841831922531128,0.2680759131908417,0.06509384512901306,0.0008719552424736321,0.0069168503396213055,,
1782080311.753613,train,26,6650,0.00014654061378570194,0.34930405020713806,0.23697662353515625,0.3083331286907196,0.07011300325393677,0.0018764237174764276,0.00503659900277853,,
1782080321.209465,train,26,6700,0.00014653174566402712,0.2371295690536499,0.13749630749225616,0.2506240904331207,0.07359805703163147,0.001781994360499084,0.0067296200431883335,,
1782080330.5619097,train,26,6750,0.00014652287707525442,0.4001948833465576,0.2796214818954468,0.34248560667037964,0.06956946104764938,0.0016723615117371082,0.00784167181700468,,
1782080339.9895115,train,26,6800,0.00014651400801947298,0.3004588186740875,0.2067258208990097,0.23494386672973633,0.06978946179151535,0.00102281104773283,0.007879054173827171,,
1782080349.3321693,train,26,6850,0.0001465051384967719,0.3373335897922516,0.23636381328105927,0.27197980880737305,0.06569647789001465,0.0012655963655561209,0.007814624346792698,,
1782080358.8183193,train,26,6900,0.00014649626850724007,0.29192230105400085,0.18918590247631073,0.26694256067276,0.07170703262090683,0.0014726306544616818,0.007741694338619709,,
1782080368.210226,train,26,6950,0.0001464873980509665,0.2379312664270401,0.1445968747138977,0.2457459717988968,0.06350851058959961,0.0014364061644300818,0.005877438932657242,,
1782080377.6186285,train,26,7000,0.00014647852712804056,0.3035115599632263,0.1818215698003769,0.3296368718147278,0.07828415185213089,0.0013868652749806643,0.008377083577215672,,
1782080387.0751247,train,26,7050,0.0001464696557385511,0.14318887889385223,0.062464505434036255,0.17767442762851715,0.07240805774927139,0.0010174117051064968,0.0050146374851465225,,
1782080396.4064503,train,26,7100,0.00014646078388258715,0.3616819977760315,0.23912730813026428,0.3497525751590729,0.06992233544588089,0.0015537651488557458,0.007338202092796564,,
1782080405.7390296,train,26,7150,0.00014645191156023777,0.17029611766338348,0.08487094193696976,0.2090914100408554,0.06598000228404999,0.0016232074704021215,0.007128903642296791,,
1782080415.1345382,train,26,7200,0.00014644303877159198,0.3641359210014343,0.26244229078292847,0.25744199752807617,0.07437877357006073,0.0014375143218785524,0.00597965344786644,,
1782080424.5553904,train,26,7250,0.000146434165516739,0.2184530645608902,0.13894546031951904,0.18192316591739655,0.06787089258432388,0.0009136908338405192,0.004810898564755917,,
1782080433.9821332,train,26,7300,0.00014642529179576788,0.3625897765159607,0.2378292977809906,0.3659341335296631,0.06619246304035187,0.001807228079997003,0.005514395423233509,,
1782080443.4427578,train,26,7350,0.00014641641760876735,0.25867152214050293,0.14530083537101746,0.31235650181770325,0.07025431841611862,0.0015439327107742429,0.005772434640675783,,
1782080452.8186653,train,26,7400,0.00014640754295582685,0.4271766245365143,0.28539326786994934,0.42896541953086853,0.06880677491426468,0.0013861474581062794,0.006076631136238575,,
1782080462.130515,train,26,7450,0.00014639866783703543,0.26218998432159424,0.16991020739078522,0.2440294623374939,0.06223876401782036,0.0015304049011319876,0.005951150320470333,,
1782080471.645808,train,26,7500,0.0001463897922524822,0.29541629552841187,0.19968023896217346,0.26015549898147583,0.0611674040555954,0.0011347165564075112,0.008426230400800705,,
1782080481.0505807,train,26,7550,0.00014638091620225606,0.3172628581523895,0.20136232674121857,0.329672634601593,0.0666336864233017,0.0016551195876672864,0.004287033807486296,,
1782080490.4829578,train,26,7600,0.00014637203968644616,0.24514789879322052,0.13955466449260712,0.27542734146118164,0.07312455773353577,0.0017412479501217604,0.00832340121269226,,
1782080499.8934093,train,26,7650,0.0001463631627051419,0.2975647747516632,0.18266724050045013,0.311499685049057,0.07379528135061264,0.0012499296572059393,0.007636216934770346,,
1782080509.3453636,train,26,7700,0.00014635428525843188,0.18968354165554047,0.10591967403888702,0.19478845596313477,0.0699336975812912,0.0009991046972572803,0.005955930333584547,,
1782080518.8071873,train,26,7750,0.00014634540734640567,0.3456701338291168,0.225481778383255,0.3580397665500641,0.06109745055437088,0.0012969414237886667,0.006567720323801041,,
1782080528.2699854,train,26,7800,0.00014633652896915215,0.38136523962020874,0.2592717409133911,0.33305099606513977,0.0772843286395073,0.0018859050469473004,0.0073100486770272255,,
1782080537.6384778,train,26,7850,0.00014632765012676053,0.2884431481361389,0.18511998653411865,0.2750967741012573,0.06877261400222778,0.0016264773439615965,0.008146691136062145,,
1782080547.0111728,train,26,7900,0.00014631877081931998,0.3398064076900482,0.2346927374601364,0.2687093913555145,0.07557383924722672,0.0014938685344532132,0.01152286771684885,,
1782080556.423234,train,26,7950,0.00014630989104691958,0.2464742213487625,0.1477048099040985,0.2577177882194519,0.06845826655626297,0.0011082824785262346,0.006318417843431234,,
1782080565.9630077,train,26,8000,0.00014630101080964853,0.23500731587409973,0.1508970856666565,0.22025901079177856,0.05790542811155319,0.0009275303455069661,0.004675149451941252,,
1782080575.519247,train,26,8050,0.00014629213010759585,0.2909291982650757,0.18651464581489563,0.27588123083114624,0.0706503689289093,0.0011908347951248288,0.006550000514835119,,
1782080585.0065956,train,26,8100,0.00014628324894085085,0.3943674564361572,0.2754276692867279,0.33734452724456787,0.06896565854549408,0.001208151807077229,0.007212370168417692,,
1782080594.398768,train,26,8150,0.00014627436730950248,0.3658798635005951,0.24278326332569122,0.3461449146270752,0.07282107323408127,0.0014986012829467654,0.004908538423478603,,
1782080603.7800608,train,26,8200,0.00014626548521363988,0.2498064935207367,0.1518784463405609,0.26006460189819336,0.06548818945884705,0.0016780459554865956,0.005773839540779591,,
1782080613.292357,train,26,8250,0.0001462566026533524,0.21301551163196564,0.12198490649461746,0.2084973156452179,0.07750469446182251,0.0015392762143164873,0.007734853774309158,,
1782080622.775767,train,26,8300,0.00014624771962872907,0.3326837420463562,0.20451784133911133,0.3578741252422333,0.0770702213048935,0.001622547977603972,0.0059445141814649105,,
1782080632.2587502,train,26,8350,0.00014623883613985915,0.46093329787254333,0.3260393738746643,0.3854875862598419,0.07659459859132767,0.0022472501732409,0.005702270660549402,,
1782080641.786999,train,26,8400,0.0001462299521868318,0.16658566892147064,0.09815918654203415,0.15038911998271942,0.06140674278140068,0.001258344855159521,0.00833052210509777,,
1782080651.2894576,train,26,8450,0.0001462210677697361,0.21426081657409668,0.13204000890254974,0.20214231312274933,0.06313441693782806,0.0011802425142377615,0.007003739010542631,,
1782080660.7271614,train,26,8500,0.00014621218288866128,0.33165648579597473,0.22678324580192566,0.2778165638446808,0.07062488049268723,0.001066583557985723,0.006527143996208906,,
1782080670.1106136,train,26,8550,0.00014620329754369657,0.4113304316997528,0.27191537618637085,0.4288650155067444,0.0641552284359932,0.0012121093459427357,0.0054102386347949505,,
1782080679.5310822,train,26,8600,0.00014619441173493127,0.2245503067970276,0.1415439248085022,0.1917925626039505,0.06993421167135239,0.0009113451815210283,0.005673634819686413,,
1782080688.8808217,train,26,8650,0.0001461855254624544,0.2034565657377243,0.1212533488869667,0.2002069056034088,0.06412866711616516,0.0008715323638170958,0.005920839495956898,,
1782080698.3220572,train,26,8700,0.0001461766387263552,0.19706831872463226,0.10925403237342834,0.2264123409986496,0.062240950763225555,0.0009071894455701113,0.005095244850963354,,
1782080707.6987755,train,26,8750,0.00014616775152672285,0.18871718645095825,0.10612834990024567,0.19134919345378876,0.06925942003726959,0.001218255958519876,0.005521542392671108,,
1782080717.0902262,train,26,8800,0.00014615886386364652,0.28522777557373047,0.18209809064865112,0.2639971077442169,0.07391513884067535,0.0017284313216805458,0.007303647231310606,,
1782080726.5309696,train,26,8850,0.00014614997573721573,0.3722394108772278,0.2647344470024109,0.2923256456851959,0.0686037614941597,0.001216765260323882,0.006579199340194464,,
1782080736.0106237,train,26,8900,0.0001461410871475195,0.1888243407011032,0.1060606986284256,0.192904531955719,0.06871914863586426,0.001779290963895619,0.008661213330924511,,
1782080745.4243221,train,26,8950,0.00014613219809464704,0.18695904314517975,0.08223739266395569,0.28397026658058167,0.06709836423397064,0.001799039077013731,0.0064011504873633385,,
1782080754.8829901,train,26,9000,0.00014612330857868762,0.2245759218931198,0.1313907653093338,0.23332466185092926,0.06947153806686401,0.0011822950327768922,0.00830070674419403,,
1782080764.458283,train,26,9050,0.0001461144185997304,0.22608141601085663,0.14168594777584076,0.18563145399093628,0.0757049024105072,0.0013515258906409144,0.006962229032069445,,
1782080773.902996,train,26,9100,0.0001461055281578647,0.29919004440307617,0.19943316280841827,0.2509913742542267,0.0736529603600502,0.0018254334572702646,0.007011127658188343,,
1782080783.415397,train,26,9150,0.0001460966372531796,0.2623515725135803,0.17428553104400635,0.22805118560791016,0.06190522015094757,0.0010064428206533194,0.0063719977624714375,,
1782080792.9315984,train,26,9200,0.00014608774588576468,0.25210726261138916,0.15554168820381165,0.2624424397945404,0.061603665351867676,0.0015311524039134383,0.006224764510989189,,
1782080802.3704193,train,26,9250,0.0001460788540557088,0.32747459411621094,0.23049132525920868,0.257161945104599,0.06515935063362122,0.0011312703136354685,0.005854273214936256,,
1782080811.7954493,train,26,9300,0.00014606996176310137,0.2684100568294525,0.1728828251361847,0.2633088529109955,0.0591515488922596,0.001242527854628861,0.006405218504369259,,
1782080821.2390633,train,26,9350,0.00014606106900803188,0.2551116347312927,0.1563757061958313,0.2774530351161957,0.058560002595186234,0.0009266758570447564,0.006062796339392662,,
1782080830.6575723,train,26,9400,0.00014605217579058934,0.380740225315094,0.25697705149650574,0.3538256883621216,0.0702972561120987,0.0015812901547178626,0.005836796946823597,,
1782080840.099896,train,26,9450,0.00014604328211086312,0.4941527545452118,0.38371169567108154,0.31335026025772095,0.0639733150601387,0.0011684536002576351,0.008093946613371372,,
1782080849.6148293,train,26,9500,0.0001460343879689424,0.19921068847179413,0.1179690733551979,0.18119801580905914,0.07167883962392807,0.0010267728939652443,0.0066518536768853664,,
1782080859.0942764,train,26,9550,0.0001460254933649165,0.4077501595020294,0.268228143453598,0.41215237975120544,0.07269708067178726,0.0013535369653254747,0.007468593772500753,,
1782080868.4664106,train,26,9600,0.00014601659829887472,0.2003500908613205,0.11930406093597412,0.19585959613323212,0.06388618052005768,0.0013803360052406788,0.007840276695787907,,
1782080878.030151,train,26,9650,0.00014600770277090636,0.23730863630771637,0.1443299800157547,0.2296152412891388,0.07093572616577148,0.0010697436518967152,0.006833341438323259,,
1782080887.5389872,train,26,9700,0.00014599880678110071,0.334954172372818,0.2475563883781433,0.21483884751796722,0.0670025646686554,0.0018675789469853044,0.007090651895850897,,
1782080897.054634,train,26,9750,0.00014598991032954722,0.3794211149215698,0.24251560866832733,0.405860960483551,0.07055389136075974,0.0016332684317603707,0.008516804315149784,,
1782080906.5197837,train,26,9800,0.00014598101341633502,0.2492452710866928,0.1149616464972496,0.4074447453022003,0.06448714435100555,0.001788580440916121,0.0065734414383769035,,
1782080916.0697513,train,26,9850,0.00014597211604155347,0.25074952840805054,0.1636478155851364,0.21818183362483978,0.06488771736621857,0.0011237368453294039,0.006646664813160896,,
1782080925.572721,train,26,9900,0.0001459632182052917,0.29649534821510315,0.2039456069469452,0.24682310223579407,0.06145516782999039,0.0011636503040790558,0.0061010029166936874,,
1782080935.1747396,train,26,9950,0.00014595431990763926,0.27495017647743225,0.17191918194293976,0.2790733277797699,0.06619967520236969,0.0016283715376630425,0.00860633235424757,,
1782080944.6015604,train,26,10000,0.00014594542114868542,0.1958763748407364,0.10447295010089874,0.21688619256019592,0.07415495067834854,0.0010440227342769504,0.008450533263385296,,
1782080954.0337534,train,26,10050,0.00014593652192851963,0.20752981305122375,0.1311369091272354,0.16812539100646973,0.06843705475330353,0.0014302675845101476,0.008254638873040676,,
1782080963.486923,train,26,10100,0.00014592762224723105,0.2581982910633087,0.17396126687526703,0.2029704451560974,0.06676232814788818,0.0011325787054374814,0.00790767278522253,,
1782080972.9146967,train,26,10150,0.00014591872210490921,0.20686711370944977,0.11732079088687897,0.22563272714614868,0.06601011753082275,0.0013307523913681507,0.009356592781841755,,
1782080982.4023647,train,26,10200,0.00014590982150164322,0.23915670812129974,0.13487482070922852,0.25658169388771057,0.07999750971794128,0.0013772225938737392,0.006717737298458815,,
1782080994.0455787,train,26,10250,0.0001459009204375225,0.23848198354244232,0.15247398614883423,0.2126915007829666,0.06548753380775452,0.0009135215077549219,0.0070006027817726135,,
1782081003.4749522,train,26,10300,0.00014589201891263638,0.27328285574913025,0.16203120350837708,0.30173611640930176,0.07127686589956284,0.001792027847841382,0.011667806655168533,,
1782081012.9147239,train,26,10350,0.00014588311692707425,0.27593547105789185,0.1933385580778122,0.19494052231311798,0.06747268885374069,0.0012542485492303967,0.007609761320054531,,
1782081022.3884676,train,26,10400,0.00014587421448092553,0.2598055303096771,0.15917028486728668,0.26644641160964966,0.06777150928974152,0.001378919929265976,0.00703936954960227,,
1782081031.9588869,train,26,10450,0.0001458653115742795,0.2817836403846741,0.19596971571445465,0.21822577714920044,0.062310609966516495,0.0010215957881882787,0.004401157610118389,,
1782081041.3978405,train,26,10500,0.00014585640820722557,0.1663941890001297,0.07152598351240158,0.22429484128952026,0.07720093429088593,0.0019402853213250637,0.005758896470069885,,
1782081050.8627794,train,26,10550,0.0001458475043798531,0.20488625764846802,0.11460240930318832,0.21390487253665924,0.07341897487640381,0.0009813291253522038,0.006096892058849335,,
1782081060.2860641,train,26,10600,0.00014583860009225155,0.3036029636859894,0.19945941865444183,0.2842937111854553,0.06589233875274658,0.0012393732322379947,0.005724767688661814,,
1782081069.735207,train,26,10650,0.00014582969534451015,0.19538450241088867,0.11721906810998917,0.18450161814689636,0.06373308598995209,0.0017348008695989847,0.007199885323643684,,
1782081079.2351525,train,26,10700,0.0001458207901367182,0.37220054864883423,0.23304961621761322,0.4158913791179657,0.06998556852340698,0.0018530284287407994,0.006098652258515358,,
1782081088.6412895,train,26,10750,0.00014581188446896546,0.2564266324043274,0.14956724643707275,0.28153327107429504,0.0726601630449295,0.0014598849229514599,0.006244793999940157,,
1782081098.1178987,train,26,10800,0.00014580297834134102,0.2309332937002182,0.13150519132614136,0.2484731376171112,0.07428088784217834,0.0016937145264819264,0.00940805021673441,,
1782081107.5228302,train,26,10850,0.00014579407175393445,0.3131186366081238,0.2062557339668274,0.2913510203361511,0.06784603744745255,0.0010210261680185795,0.00825861468911171,,
1782081116.9165435,train,26,10900,0.00014578516470683506,0.3420388698577881,0.23127129673957825,0.3110208511352539,0.06578578054904938,0.001194827607832849,0.0052489046938717365,,
1782081126.3041992,train,26,10950,0.0001457762572001324,0.22635577619075775,0.14644840359687805,0.18894150853157043,0.06510870903730392,0.0011764403898268938,0.006997508928179741,,
1782081135.6177692,train,26,11000,0.00014576734923391565,0.2939685583114624,0.19460316002368927,0.26724565029144287,0.0648864284157753,0.0011073935311287642,0.006675032898783684,,
1782081145.0102124,train,26,11050,0.00014575844080827428,0.33133572340011597,0.20505249500274658,0.3525918126106262,0.07598087936639786,0.0014484942657873034,0.005346618592739105,,
1782081154.499506,train,26,11100,0.0001457495319232978,0.2741629481315613,0.18376348912715912,0.21722981333732605,0.07198728621006012,0.0009836386889219284,0.006609990261495113,,
1782081163.928156,train,26,11150,0.00014574062257907567,0.23826546967029572,0.14703069627285004,0.2355835884809494,0.06450039893388748,0.000886794994585216,0.00572486687451601,,
1782081173.314856,train,26,11200,0.00014573171277569734,0.20925447344779968,0.1294005960226059,0.18561972677707672,0.06664447486400604,0.0012672278098762035,0.006621007341891527,,
1782081182.7441065,train,26,11250,0.0001457228025132521,0.30159232020378113,0.19469375908374786,0.2943616211414337,0.06640820950269699,0.0010402987245470285,0.004523049108684063,,
1782081192.077551,train,26,11300,0.00014571389179182952,0.2779352068901062,0.1811850219964981,0.26057782769203186,0.06288427114486694,0.0016358785796910524,0.007140227593481541,,
1782081201.3998685,train,26,11350,0.00014570498061151896,0.44886982440948486,0.3087007701396942,0.42118039727211,0.06942005455493927,0.0016393910627812147,0.006913030985742807,,
1782081210.8265471,train,26,11400,0.00014569606897240993,0.26438140869140625,0.16549241542816162,0.26229047775268555,0.06644757091999054,0.0009260789374820888,0.0059202201664447784,,
1782081220.2769237,train,26,11450,0.00014568715687459193,0.19407853484153748,0.11055197566747665,0.19020433723926544,0.07173053175210953,0.0011021087411791086,0.005461329128593206,,
1782081229.738671,train,26,11500,0.00014567824431815438,0.20330466330051422,0.12843544781208038,0.16866743564605713,0.06518607586622238,0.0010931293945759535,0.008262034505605698,,
1782081239.1224883,train,26,11550,0.0001456693313031867,0.2489279806613922,0.13549579679965973,0.31057295203208923,0.07126753777265549,0.0015518476720899343,0.006672442890703678,,
1782081248.5985332,train,26,11600,0.00014566041782977838,0.2394486665725708,0.14747336506843567,0.2141721099615097,0.07658126205205917,0.0014163755113258958,0.0053191762417554855,,
1782081258.0075965,train,26,11650,0.0001456515038980189,0.255432665348053,0.168953076004982,0.21399496495723724,0.06570353358983994,0.0012906056363135576,0.009197733364999294,,
1782081267.4645653,train,26,11700,0.00014564258950799773,0.3469202518463135,0.23440112173557281,0.3279252350330353,0.060826752334833145,0.0012441821163520217,0.0057089971378445625,,
1782081276.805401,train,26,11750,0.0001456336746598045,0.3498002290725708,0.21882982552051544,0.3713470697402954,0.07584477216005325,0.0021125369239598513,0.0067040203139185905,,
1782081286.1526947,train,26,11800,0.00014562475935352864,0.3257196545600891,0.21167699992656708,0.30866336822509766,0.07341543585062027,0.0016906831879168749,0.008131084963679314,,
1782081295.5908148,train,26,11850,0.0001456158435892596,0.34054312109947205,0.23403555154800415,0.29074668884277344,0.06733374297618866,0.0015403202269226313,0.006068638525903225,,
1782081305.017859,train,26,11900,0.00014560692736708677,0.1677817404270172,0.0993778184056282,0.13904975354671478,0.06709907203912735,0.0009195745806209743,0.007617377210408449,,
1782081314.4357853,train,26,11950,0.0001455980106870997,0.33476728200912476,0.22559094429016113,0.31279781460762024,0.061745405197143555,0.001041752053424716,0.007526017259806395,,
1782081323.955116,train,26,12000,0.00014558909354938802,0.20680922269821167,0.10454801470041275,0.2789935767650604,0.06475582718849182,0.0013490532292053103,0.005907552316784859,,
1782081333.389765,train,26,12050,0.0001455801759540412,0.3584384024143219,0.23044350743293762,0.3780647814273834,0.06672520190477371,0.0011611825320869684,0.006847969256341457,,
1782081342.839148,train,26,12100,0.00014557125790114867,0.28444212675094604,0.1739128679037094,0.3149811327457428,0.06310419738292694,0.002318635815754533,0.0076267533004283905,,
1782081352.2336931,train,26,12150,0.0001455623393908,0.33472031354904175,0.24150225520133972,0.24504080414772034,0.06369496136903763,0.0011037405347451568,0.005948574747890234,,
1782081361.5814867,train,26,12200,0.00014555342042308467,0.21379274129867554,0.12883052229881287,0.2032468020915985,0.06813720613718033,0.0008191295783035457,0.0049482532776892185,,
1782081370.998381,train,26,12250,0.00014554450099809232,0.3625038266181946,0.2435656040906906,0.3449266850948334,0.06517916917800903,0.0011697261361405253,0.006103666499257088,,
1782081380.415139,train,26,12300,0.0001455355811159124,0.19164252281188965,0.10743841528892517,0.20560669898986816,0.06529649347066879,0.0015418495750054717,0.008294675499200821,,
1782081389.7849915,train,26,12350,0.00014552666077663454,0.1537654846906662,0.0823826789855957,0.15232090651988983,0.06640472263097763,0.001002111122943461,0.005835237912833691,,
1782081399.2910674,train,26,12400,0.0001455177399803482,0.3054196238517761,0.20025761425495148,0.2762252986431122,0.07195666432380676,0.001273782690986991,0.0073333438485860825,,
1782081408.7907236,train,26,12450,0.00014550881872714297,0.3025253415107727,0.2037866860628128,0.2657754719257355,0.06437937170267105,0.0010509423445910215,0.008140940219163895,,
1782081418.195507,train,26,12500,0.0001454998970171085,0.30427083373069763,0.18481364846229553,0.3496466875076294,0.06375353783369064,0.0016875313594937325,0.005225209053605795,,
1782081427.660223,train,26,12550,0.00014549097485033426,0.3082500696182251,0.2193036675453186,0.2213788479566574,0.06700998544692993,0.0009669937426224351,0.006385506130754948,,
1782081437.1799676,train,26,12600,0.00014548205222690967,0.2398843914270401,0.14196453988552094,0.24418053030967712,0.07339690625667572,0.0017626093467697501,0.006224337965250015,,
1782081446.6860309,train,26,12650,0.00014547312914692449,0.20264102518558502,0.10156282782554626,0.26746708154678345,0.06813127547502518,0.0014579853741452098,0.007291234564036131,,
1782081456.0937662,train,26,12700,0.0001454642056104682,0.27925658226013184,0.15968014299869537,0.3310239911079407,0.07324408739805222,0.001983913127332926,0.009156251326203346,,
1782081465.5870485,train,26,12750,0.00014545528161763048,0.3960464298725128,0.28844964504241943,0.30300262570381165,0.0634671226143837,0.0011255760909989476,0.0066229174844920635,,
1782081474.9771717,train,26,12800,0.00014544635716850083,0.23312270641326904,0.12527330219745636,0.30391862988471985,0.06335556507110596,0.0019195802742615342,0.01565055549144745,,
1782081484.4625015,train,26,12850,0.00014543743226316875,0.3269684612751007,0.2323332577943802,0.24269120395183563,0.06772799789905548,0.0009841496357694268,0.00502567645162344,,
1782081493.9599333,train,26,12900,0.00014542850690172393,0.23292149603366852,0.1374538540840149,0.2499549835920334,0.06579149514436722,0.0008314394508488476,0.0062200031243264675,,
1782081503.4784513,train,26,12950,0.000145419581084256,0.24401523172855377,0.1463353931903839,0.2658744156360626,0.06219121068716049,0.0011563303414732218,0.00771489879116416,,
1782081512.9760544,train,26,13000,0.00014541065481085442,0.21777667105197906,0.12372890114784241,0.23867572844028473,0.06857001781463623,0.0009382900898344815,0.004473720211535692,,
1782081522.4725568,train,26,13050,0.00014540172808160895,0.2544231712818146,0.16054870188236237,0.22848859429359436,0.07326338440179825,0.0012061591260135174,0.009188306517899036,,
1782081650.1711106,val,26,,,0.302803913644155,0.1884405787288502,0.31340582467924333,0.07173821032702668,0.0014277356661319476,0.0070170889119601475,,
1782081660.8938034,train,27,50,0.00014539012265225054,0.3617999255657196,0.25666001439094543,0.2869645357131958,0.06661128997802734,0.000931345100980252,0.006044685374945402,,
1782081670.3528097,train,27,100,0.00014538119487490407,0.28631627559661865,0.18532884120941162,0.27780774235725403,0.06286664307117462,0.0010220555122941732,0.006097415927797556,,
1782081679.8258202,train,27,150,0.0001453722666420093,0.28818437457084656,0.18867070972919464,0.27151086926460266,0.06299015134572983,0.0014086232986301184,0.006157842464745045,,
1782081689.3355966,train,27,200,0.00014536333795365592,0.29947221279144287,0.19895900785923004,0.2569163143634796,0.07235167920589447,0.0010827288497239351,0.007047586143016815,,
1782081698.85901,train,27,250,0.00014535440880993365,0.26843953132629395,0.1858426183462143,0.20210255682468414,0.06394684314727783,0.00097867741715163,0.006770456675440073,,
1782081708.3785086,train,27,300,0.000145345479210932,0.21160189807415009,0.1163749024271965,0.255348265171051,0.06251872330904007,0.0013057510368525982,0.006323884706944227,,
1782081717.8613963,train,27,350,0.00014533654915674065,0.2893688678741455,0.19711482524871826,0.250433087348938,0.05903108790516853,0.001302454387769103,0.007111743092536926,,
1782081727.3654938,train,27,400,0.00014532761864744919,0.31588026881217957,0.20718061923980713,0.31248971819877625,0.060935527086257935,0.0010945512913167477,0.006360500585287809,,
1782081736.819574,train,27,450,0.00014531868768314745,0.28383728861808777,0.1893714815378189,0.24987711012363434,0.06371786445379257,0.0013760464498773217,0.007667690049856901,,
1782081746.3194501,train,27,500,0.0001453097562639249,0.27660611271858215,0.18107157945632935,0.2409186214208603,0.07043639570474625,0.0008667290094308555,0.005660302005708218,,
1782081755.821859,train,27,550,0.00014530082438987115,0.25493454933166504,0.15487153828144073,0.2579973340034485,0.07091376185417175,0.0010680804261937737,0.006951973307877779,,
1782081765.3627326,train,27,600,0.00014529189206107602,0.1705346703529358,0.100532665848732,0.1420946568250656,0.06875936686992645,0.0009865028550848365,0.004879969637840986,,
1782081774.8746414,train,27,650,0.00014528295927762914,0.29720795154571533,0.18282458186149597,0.31644031405448914,0.07024098187685013,0.001528044929727912,0.005648569203913212,,
1782081784.3717713,train,27,700,0.00014527402603962004,0.3096717894077301,0.2057437151670456,0.2865411937236786,0.0643385574221611,0.0012349950848147273,0.0062897396273911,,
1782081793.7722306,train,27,750,0.00014526509234713862,0.3175530731678009,0.19971369206905365,0.32288992404937744,0.07398798316717148,0.0012294334592297673,0.00665289955213666,,
1782081803.2070165,train,27,800,0.00014525615820027438,0.41025689244270325,0.2973420321941376,0.3230207562446594,0.06401392072439194,0.0015269415453076363,0.0063565997406840324,,
1782081812.6577513,train,27,850,0.00014524722359911726,0.2779901325702667,0.16947974264621735,0.3041404187679291,0.06477606296539307,0.000872733595315367,0.006370525807142258,,
1782081822.131478,train,27,900,0.0001452382885437566,0.29376059770584106,0.20781059563159943,0.20286114513874054,0.07020464539527893,0.0013237452367320657,0.007715707644820213,,
1782081831.7170637,train,27,950,0.00014522935303428218,0.192198246717453,0.09959984570741653,0.22500057518482208,0.07244095951318741,0.0012777892407029867,0.008981608785688877,,
1782081841.1992164,train,27,1000,0.00014522041707078386,0.38477352261543274,0.26360785961151123,0.3592624366283417,0.06252744793891907,0.0008633857360109687,0.006326019298285246,,
1782081850.6953416,train,27,1050,0.00014521148065335112,0.23859833180904388,0.14868392050266266,0.2108144313097,0.07421191781759262,0.0010484756203368306,0.00686713308095932,,
1782081860.1467779,train,27,1100,0.00014520254378207388,0.24108479917049408,0.1574179232120514,0.20599620044231415,0.06414633244276047,0.00094649160746485,0.006341755390167236,,
1782081869.6111562,train,27,1150,0.0001451936064570418,0.31201544404029846,0.19137261807918549,0.32663625478744507,0.07757147401571274,0.0019802774768322706,0.006109440699219704,,
1782081879.075102,train,27,1200,0.00014518466867834452,0.25518766045570374,0.1633196622133255,0.2384641468524933,0.06426433473825455,0.0011978836264461279,0.004287307616323233,,
1782081888.4854312,train,27,1250,0.0001451757304460718,0.3097319006919861,0.2210356444120407,0.220956951379776,0.06662978231906891,0.001421322813257575,0.007420630194246769,,
1782081897.8074183,train,27,1300,0.00014516679176031333,0.15681512653827667,0.07857018709182739,0.1722627729177475,0.07002318650484085,0.001676602871157229,0.007530106231570244,,
1782081907.4697928,train,27,1350,0.00014515785262115882,0.27431029081344604,0.172726109623909,0.2770046591758728,0.06446699053049088,0.000995216192677617,0.0065283156000077724,,
1782081916.9427621,train,27,1400,0.00014514891302869808,0.3256179392337799,0.22571930289268494,0.2753058075904846,0.06191149726510048,0.0011642047902569175,0.004520240239799023,,
1782081926.3999264,train,27,1450,0.0001451399729830208,0.2569626271724701,0.15710332989692688,0.2668808102607727,0.0660400316119194,0.001190872280858457,0.005727650597691536,,
1782081935.7912436,train,27,1500,0.00014513103248421674,0.3659083843231201,0.249141126871109,0.3284948468208313,0.068903848528862,0.0019161142408847809,0.009181435219943523,,
1782081945.2271402,train,27,1550,0.00014512209153237578,0.3208622932434082,0.19899888336658478,0.34391698241233826,0.07151711732149124,0.0012561801122501493,0.006136007606983185,,
1782081954.6545937,train,27,1600,0.00014511315012758746,0.41428425908088684,0.30065393447875977,0.31928369402885437,0.06736502796411514,0.0012686605332419276,0.006280608009546995,,
1782081964.156025,train,27,1650,0.00014510420826994167,0.27152135968208313,0.1693979948759079,0.2586855888366699,0.07466311007738113,0.0012039090506732464,0.0061144703067839146,,
1782081973.6316428,train,27,1700,0.0001450952659595281,0.23600853979587555,0.1376684308052063,0.2503919303417206,0.07124139368534088,0.0012143164640292525,0.005024034529924393,,
1782081983.1055808,train,27,1750,0.00014508632319643655,0.31524473428726196,0.20279905200004578,0.31930723786354065,0.06501549482345581,0.0011114213848486543,0.006111382972449064,,
1782081992.5945704,train,27,1800,0.00014507737998075681,0.20488221943378448,0.12231472879648209,0.19621579349040985,0.06677638739347458,0.0012535032583400607,0.007819588296115398,,
1782082002.062197,train,27,1850,0.0001450684363125786,0.2130691409111023,0.13498170673847198,0.18383944034576416,0.06404050439596176,0.0010731089860200882,0.006303215399384499,,
1782082011.5565882,train,27,1900,0.00014505949219199165,0.2705477476119995,0.1693204939365387,0.261054128408432,0.07147372514009476,0.0022685229778289795,0.007268765475600958,,
1782082020.9868898,train,27,1950,0.00014505054761908566,0.1162869930267334,0.04314606636762619,0.17763300240039825,0.05729787051677704,0.0008373680175282061,0.0060388739220798016,,
1782082030.3424084,train,27,2000,0.00014504160259395067,0.26805147528648376,0.17166265845298767,0.26401403546333313,0.06052842736244202,0.0012110063107684255,0.008885911665856838,,
1782082039.7018852,train,27,2050,0.0001450326571166764,0.21783025562763214,0.12550267577171326,0.23079124093055725,0.06896638125181198,0.001465794863179326,0.007811631076037884,,
1782082049.0257514,train,27,2100,0.00014502371118735254,0.22116133570671082,0.12706924974918365,0.24985677003860474,0.06301436573266983,0.001207131426781416,0.0047888378612697124,,
1782082058.4652448,train,27,2150,0.00014501476480606912,0.2792375385761261,0.17688235640525818,0.2732524275779724,0.06775374710559845,0.001651938771829009,0.008645898662507534,,
1782082067.8549447,train,27,2200,0.00014500581797291574,0.23734766244888306,0.1392029970884323,0.25398680567741394,0.06908337026834488,0.0010628304444253445,0.0073302132077515125,,
1782082077.351376,train,27,2250,0.00014499687068798224,0.2560671269893646,0.16511417925357819,0.25293317437171936,0.055260710418224335,0.0008927657618187368,0.007252682000398636,,
1782082086.882639,train,27,2300,0.00014498792295135845,0.24099379777908325,0.1383720189332962,0.27245938777923584,0.06867188960313797,0.0017099499236792326,0.009499924257397652,,
1782082096.2746162,train,27,2350,0.0001449789747631342,0.31246212124824524,0.2055250108242035,0.29861319065093994,0.06431110948324203,0.0012828325852751732,0.00486819539219141,,
1782082105.6874034,train,27,2400,0.0001449700261233993,0.30209892988204956,0.18481184542179108,0.3235751986503601,0.07250367105007172,0.0014144117012619972,0.007800202816724777,,
1782082115.0888038,train,27,2450,0.00014496107703224358,0.1810612976551056,0.09575817734003067,0.20719343423843384,0.06680197268724442,0.0010377850849181414,0.004826945252716541,,
1782082124.539957,train,27,2500,0.00014495212748975704,0.36060646176338196,0.25953683257102966,0.27043452858924866,0.06670587509870529,0.0010806262725964189,0.0071115195751190186,,
1782082133.9461434,train,27,2550,0.00014494317749602932,0.17866995930671692,0.09183156490325928,0.21511608362197876,0.06583372503519058,0.0014250774402171373,0.010511185973882675,,
1782082143.4115038,train,27,2600,0.0001449342270511503,0.28871291875839233,0.19059538841247559,0.25859078764915466,0.06664574146270752,0.0014696510042995214,0.005918307229876518,,
1782082152.8598292,train,27,2650,0.00014492527615520977,0.1355927288532257,0.054505594074726105,0.18294137716293335,0.07043629139661789,0.0013364579062908888,0.007721895817667246,,
1782082162.3731902,train,27,2700,0.0001449163248082976,0.19815057516098022,0.12032254785299301,0.18509134650230408,0.06293964385986328,0.0008537549874745309,0.005886876955628395,,
1782082171.7647805,train,27,2750,0.00014490737301050375,0.20533783733844757,0.11761932075023651,0.22784124314785004,0.06122845038771629,0.0014397508930414915,0.005412285216152668,,
1782082181.144928,train,27,2800,0.000144898420761918,0.2810628116130829,0.1616346687078476,0.32922524213790894,0.07402383536100388,0.001099125249311328,0.004585965536534786,,
1782082190.6028302,train,27,2850,0.00014488946806263028,0.17376819252967834,0.09225527197122574,0.19397683441638947,0.06582106649875641,0.0010818032315000892,0.005277784541249275,,
1782082200.0509236,train,27,2900,0.00014488051491273044,0.19858938455581665,0.11085599660873413,0.22359338402748108,0.06337226927280426,0.0014892516192048788,0.007456670515239239,,
1782082209.480229,train,27,2950,0.00014487156131230821,0.15556983649730682,0.08329074084758759,0.1480967253446579,0.07025834172964096,0.0012573583517223597,0.005905305966734886,,
1782082218.9229786,train,27,3000,0.00014486260726145363,0.2668702304363251,0.1743261218070984,0.23130574822425842,0.06921523809432983,0.0011005033738911152,0.011376536451280117,,
1782082228.3829913,train,27,3050,0.00014485365276025662,0.1488097459077835,0.06958930194377899,0.18399354815483093,0.06622464209794998,0.0010972886811941862,0.006030682474374771,,
1782082237.7986062,train,27,3100,0.0001448446978088068,0.3031685948371887,0.18062348663806915,0.3443851172924042,0.07262324541807175,0.0013720018323510885,0.005797278136014938,,
1782082247.2263997,train,27,3150,0.0001448357424071945,0.3558894693851471,0.2314206212759018,0.3668098747730255,0.06533963978290558,0.0009654919849708676,0.00725637748837471,,
1782082256.6196318,train,27,3200,0.00014482678655550917,0.24643129110336304,0.1395542174577713,0.2817409038543701,0.07259976863861084,0.0014196365373209119,0.0047820801846683025,,
1782082266.0262547,train,27,3250,0.00014481783025384096,0.34805479645729065,0.2184675931930542,0.38037413358688354,0.06857121735811234,0.0020805858075618744,0.005445507820695639,,
1782082275.3726184,train,27,3300,0.00014480887350227983,0.21651916205883026,0.1248810887336731,0.24643582105636597,0.059832990169525146,0.0011262542102485895,0.007266871631145477,,
1782082284.7423127,train,27,3350,0.0001447999163009155,0.37857377529144287,0.2764575779438019,0.2672676742076874,0.07034128159284592,0.0012863767333328724,0.007536832243204117,,
1782082294.1240077,train,27,3400,0.00014479095864983784,0.24179889261722565,0.14404527842998505,0.261827677488327,0.06433501839637756,0.0012919919099658728,0.006165219005197287,,
1782082303.535373,train,27,3450,0.000144782000549137,0.3208608031272888,0.20729143917560577,0.319162517786026,0.06732314079999924,0.00117152847815305,0.00488736666738987,,
1782082313.0339854,train,27,3500,0.00014477304199890281,0.3414679765701294,0.24873274564743042,0.22523611783981323,0.07264747470617294,0.0010246430756524205,0.007641131523996592,,
1782082322.5339756,train,27,3550,0.00014476408299922522,0.19772522151470184,0.10457567870616913,0.22534805536270142,0.07332520186901093,0.0014992249198257923,0.006546488031744957,,
1782082331.9600627,train,27,3600,0.00014475512355019416,0.2720377445220947,0.17493875324726105,0.260323166847229,0.06381408870220184,0.0011115007800981402,0.007428450044244528,,
1782082341.3998387,train,27,3650,0.00014474616365189942,0.35793107748031616,0.25547289848327637,0.2801099717617035,0.06464844197034836,0.0010645817965269089,0.007951033301651478,,
1782082350.8859444,train,27,3700,0.00014473720330443116,0.2475929856300354,0.13993820548057556,0.2980245351791382,0.066060870885849,0.0011821613879874349,0.0073890830390155315,,
1782082360.3185995,train,27,3750,0.0001447282425078791,0.33952152729034424,0.20425894856452942,0.40579020977020264,0.06740793585777283,0.001110293436795473,0.006319825537502766,,
1782082369.7070901,train,27,3800,0.0001447192812623334,0.4661980867385864,0.327909916639328,0.42087602615356445,0.0658407136797905,0.0014881306560710073,0.007192737888544798,,
1782082379.1738377,train,27,3850,0.00014471031956788397,0.1803058534860611,0.08141480386257172,0.25720372796058655,0.06892745196819305,0.0012637939071282744,0.006912661250680685,,
1782082388.5967638,train,27,3900,0.0001447013574246207,0.1938474178314209,0.11198853701353073,0.1951630413532257,0.06584442406892776,0.0014591885264962912,0.005104025360196829,,
1782082398.049542,train,27,3950,0.00014469239483263369,0.3920987546443939,0.24876786768436432,0.43158963322639465,0.07060699909925461,0.0012996792793273926,0.005655284039676189,,
1782082407.4247615,train,27,4000,0.00014468343179201273,0.2959800958633423,0.20802560448646545,0.22555653750896454,0.06291789561510086,0.0010643837740644813,0.005747789982706308,,
1782082416.843883,train,27,4050,0.0001446744683028479,0.2876497209072113,0.20012350380420685,0.2135581523180008,0.0680789202451706,0.0009720940142869949,0.006510469131171703,,
1782082426.2826378,train,27,4100,0.00014466550436522914,0.2629742920398712,0.15975071489810944,0.281166136264801,0.06553539633750916,0.0016436321893706918,0.005707870237529278,,
1782082435.6790137,train,27,4150,0.00014465653997924644,0.3682781755924225,0.23123374581336975,0.41399115324020386,0.066746786236763,0.0017327555688098073,0.004790385719388723,,
1782082445.1141508,train,27,4200,0.00014464757514498963,0.2688532769680023,0.1834462583065033,0.2147487998008728,0.0631830245256424,0.0012830529594793916,0.005741945002228022,,
1782082454.5872579,train,27,4250,0.0001446386098625491,0.2733011245727539,0.1870880126953125,0.22047775983810425,0.061979036778211594,0.0010417061857879162,0.006322946399450302,,
1782082464.0588777,train,27,4300,0.0001446296441320145,0.2656942307949066,0.15274125337600708,0.3162068724632263,0.06743165850639343,0.0018544363556429744,0.009124438278377056,,
1782082473.5015836,train,27,4350,0.00014462067795347597,0.1301829218864441,0.061095088720321655,0.14002321660518646,0.06799444556236267,0.00084795115981251,0.006451708264648914,,
1782082482.9578831,train,27,4400,0.00014461171132702335,0.4203205406665802,0.300177663564682,0.3436722159385681,0.06817401200532913,0.0013783766189590096,0.005960297305136919,,
1782082492.3982878,train,27,4450,0.00014460274425274675,0.2967543303966522,0.19352062046527863,0.2872411608695984,0.06262233108282089,0.0011227262439206243,0.006849062163382769,,
1782082501.8916335,train,27,4500,0.00014459377673073636,0.1683005392551422,0.08146469295024872,0.2139376997947693,0.06648855656385422,0.001071434235200286,0.006767505779862404,,
1782082511.343135,train,27,4550,0.0001445848087610821,0.1742555946111679,0.09175825119018555,0.19239027798175812,0.06860806047916412,0.0009574670693837106,0.004437119234353304,,
1782082520.7525606,train,27,4600,0.0001445758403438739,0.3904091715812683,0.2599702775478363,0.3906305432319641,0.06528585404157639,0.0013830035459250212,0.006924555636942387,,
1782082530.2670705,train,27,4650,0.0001445668714792018,0.3517957031726837,0.25280439853668213,0.25766056776046753,0.06883662939071655,0.0015782805858179927,0.007310837507247925,,
1782082539.7100446,train,27,4700,0.0001445579021671559,0.17860618233680725,0.10274044424295425,0.1813139170408249,0.06091640889644623,0.0007906279060989618,0.005328182131052017,,
1782082549.13496,train,27,4750,0.00014454893240782617,0.2590327262878418,0.1448637843132019,0.307018905878067,0.07445832341909409,0.0018508281791582704,0.008237477391958237,,
1782082558.510487,train,27,4800,0.00014453996220130277,0.2291957288980484,0.14540694653987885,0.20360137522220612,0.06551137566566467,0.0013275615638121963,0.006833611987531185,,
1782082567.9748144,train,27,4850,0.00014453099154767546,0.3244708180427551,0.22506572306156158,0.26328375935554504,0.06699425727128983,0.0008700871840119362,0.005408455617725849,,
1782082577.3509102,train,27,4900,0.00014452202044703465,0.2019159197807312,0.11561647802591324,0.19456352293491364,0.07500065863132477,0.001582254539243877,0.007809776812791824,,
1782082586.7820647,train,27,4950,0.00014451304889947012,0.4650380611419678,0.31349295377731323,0.4710240364074707,0.06720507889986038,0.0018657068721950054,0.006696972530335188,,
1782082596.2167792,train,27,5000,0.00014450407690507226,0.25950607657432556,0.15164044499397278,0.2794889509677887,0.07569003105163574,0.00148395833093673,0.00628518546000123,,
1782082605.6811852,train,27,5050,0.00014449510446393074,0.3100000023841858,0.19296368956565857,0.3300933539867401,0.06876154989004135,0.0013219494139775634,0.006946970243006945,,
1782082615.0755634,train,27,5100,0.0001444861315761358,0.1735001802444458,0.08514609187841415,0.21655155718326569,0.06808792054653168,0.0017222146270796657,0.0091327503323555,,
1782082624.4937184,train,27,5150,0.00014447715824177743,0.26418590545654297,0.1527179777622223,0.32370442152023315,0.06082109734416008,0.0013127278070896864,0.007555412128567696,,
1782082633.9029372,train,27,5200,0.0001444681844609459,0.39220863580703735,0.2613207697868347,0.3770545721054077,0.07296319305896759,0.0014264711644500494,0.007726206909865141,,
1782082643.3338268,train,27,5250,0.00014445921023373116,0.23486186563968658,0.1435510516166687,0.22928644716739655,0.06770407408475876,0.0013716095127165318,0.008448469452559948,,
1782082652.7144525,train,27,5300,0.0001444502355602234,0.279816210269928,0.1843888759613037,0.24996009469032288,0.06562655419111252,0.001240324811078608,0.005768429022282362,,
1782082662.1599357,train,27,5350,0.0001444412604405125,0.23329846560955048,0.15755121409893036,0.17353379726409912,0.06445463001728058,0.0013648660387843847,0.006782274227589369,,
1782082671.5944502,train,27,5400,0.00014443228487468875,0.30144473910331726,0.19284267723560333,0.3087533712387085,0.06245381757616997,0.001868085702881217,0.005600137170404196,,
1782082680.9985244,train,27,5450,0.0001444233088628422,0.22044458985328674,0.14378094673156738,0.17209847271442413,0.06704762578010559,0.0011521108681336045,0.005676848813891411,,
1782082690.54167,train,27,5500,0.00014441433240506283,0.1861000508069992,0.10834062844514847,0.17326995730400085,0.06866851449012756,0.0010768059873953462,0.0068635400384664536,,
1782082700.0027926,train,27,5550,0.00014440535550144077,0.2409331053495407,0.13985896110534668,0.2643037736415863,0.06965899467468262,0.0016869149403646588,0.008375675417482853,,
1782082709.4223545,train,27,5600,0.0001443963781520663,0.22204728424549103,0.13480554521083832,0.21700096130371094,0.06576722115278244,0.0010788161307573318,0.00520696584135294,,
1782082718.8699107,train,27,5650,0.00014438740035702946,0.30415216088294983,0.1976824700832367,0.2877744734287262,0.06879138946533203,0.0013038129545748234,0.006962219253182411,,
1782082728.3356638,train,27,5700,0.00014437842211642042,0.41379499435424805,0.30246904492378235,0.31251710653305054,0.06621146202087402,0.0009094992419704795,0.005541080143302679,,
1782082737.7267392,train,27,5750,0.00014436944343032925,0.33195415139198303,0.21082337200641632,0.3609333038330078,0.061503831297159195,0.0014555401867255569,0.006072680931538343,,
1782082747.2561996,train,27,5800,0.00014436046429884612,0.28885889053344727,0.19715410470962524,0.23425932228565216,0.066093310713768,0.0009328470332548022,0.004655598662793636,,
1782082756.722432,train,27,5850,0.00014435148472206107,0.18733789026737213,0.09582733362913132,0.23577503859996796,0.06482996046543121,0.0015182708157226443,0.006009673699736595,,
1782082766.0825775,train,27,5900,0.00014434250470006423,0.23916159570217133,0.13645225763320923,0.264524906873703,0.07290879637002945,0.0012370548211038113,0.0055825915187597275,,
1782082775.400275,train,27,5950,0.00014433352423294583,0.37441280484199524,0.24715636670589447,0.364035427570343,0.072222039103508,0.0013656106311827898,0.006079293321818113,,
1782082784.7724452,train,27,6000,0.0001443245433207961,0.1971716582775116,0.11934318393468857,0.17388522624969482,0.06850327551364899,0.001055351342074573,0.007399304769933224,,
1782082794.1590023,train,27,6050,0.000144315561963705,0.2887241244316101,0.1856868863105774,0.27489739656448364,0.06825686246156693,0.0018447646871209145,0.00658902432769537,,
1782082803.5331044,train,27,6100,0.0001443065801617628,0.3417373299598694,0.2278006672859192,0.3100312352180481,0.0725519135594368,0.001529058557935059,0.0064548044465482235,,
1782082812.8972683,train,27,6150,0.00014429759791505969,0.28511300683021545,0.18131214380264282,0.2705986499786377,0.0719793438911438,0.0016151533927768469,0.008963300846517086,,
1782082822.3299847,train,27,6200,0.00014428861522368565,0.20741398632526398,0.12448716163635254,0.18852169811725616,0.07126323878765106,0.0016479698242619634,0.00767830666154623,,
1782082833.463483,train,27,6250,0.00014427963208773104,0.20422878861427307,0.11754200607538223,0.21201206743717194,0.06717953830957413,0.0009400277631357312,0.006462714169174433,,
1782082842.9185057,train,27,6300,0.0001442706485072859,0.30587345361709595,0.19383803009986877,0.31416836380958557,0.06672856211662292,0.0012905097100883722,0.0040293121710419655,,
1782082852.263221,train,27,6350,0.00014426166448244064,0.21731552481651306,0.13603001832962036,0.18928919732570648,0.0676727145910263,0.001268379739485681,0.00530918687582016,,
1782082861.688064,train,27,6400,0.00014425268001328517,0.4256899952888489,0.31029045581817627,0.32620710134506226,0.06746497750282288,0.00115264265332371,0.006641554646193981,,
1782082871.1300743,train,27,6450,0.00014424369509990977,0.19655632972717285,0.12213470041751862,0.1778128445148468,0.05979258194565773,0.000721219927072525,0.004879418294876814,,
1782082880.5662074,train,27,6500,0.00014423470974240474,0.284362256526947,0.19326286017894745,0.23628869652748108,0.0637742280960083,0.0014010630548000336,0.006781714968383312,,
1782082889.9556992,train,27,6550,0.00014422572394086024,0.16271011531352997,0.07865606248378754,0.19282640516757965,0.07151325792074203,0.0009081621537916362,0.006154045462608337,,
1782082899.3836472,train,27,6600,0.0001442167376953665,0.2894856035709381,0.19821792840957642,0.23549427092075348,0.0645083338022232,0.0013995782937854528,0.006553881336003542,,
1782082908.723166,train,27,6650,0.00014420775100601352,0.1745699793100357,0.08084731549024582,0.24446173012256622,0.06492104381322861,0.0014669838128611445,0.007694638799875975,,
1782082918.1506536,train,27,6700,0.00014419876387289168,0.2954496145248413,0.20368094742298126,0.2372208684682846,0.06460946053266525,0.0015872294316068292,0.0077109201811254025,,
1782082927.5583282,train,27,6750,0.00014418977629609107,0.24242347478866577,0.14482595026493073,0.269461065530777,0.060276467353105545,0.0009401452844031155,0.0049455901607871056,,
1782082937.0259194,train,27,6800,0.00014418078827570203,0.307236909866333,0.19584344327449799,0.32281747460365295,0.06108751893043518,0.0014532600762322545,0.007595757022500038,,
1782082946.5126045,train,27,6850,0.00014417179981181483,0.2121431529521942,0.11390458047389984,0.24561534821987152,0.07336770743131638,0.0015086770290508866,0.009024479426443577,,
1782082955.898275,train,27,6900,0.00014416281090451965,0.3163520395755768,0.20604971051216125,0.3111078143119812,0.06486852467060089,0.0009114546119235456,0.005649025086313486,,
1782082965.327244,train,27,6950,0.0001441538215539067,0.3681482970714569,0.26000165939331055,0.3001308739185333,0.06603182107210159,0.0009802642744034529,0.006780458148568869,,
1782082974.708139,train,27,7000,0.00014414483176006604,0.15682370960712433,0.08407218754291534,0.16269376873970032,0.06395141035318375,0.0010237509850412607,0.005913286004215479,,
1782082984.1256628,train,27,7050,0.00014413584152308826,0.16394244134426117,0.08159129321575165,0.1950272172689438,0.06700710952281952,0.000907939684111625,0.006423871032893658,,
1782082993.4914403,train,27,7100,0.00014412685084306333,0.25983428955078125,0.14796888828277588,0.3049430251121521,0.07090579718351364,0.0017676345305517316,0.0075904508121311665,,
1782083002.903589,train,27,7150,0.00014411785972008164,0.2584150731563568,0.1488470882177353,0.3044726252555847,0.06656087934970856,0.0016939631896093488,0.006394011899828911,,
1782083012.3322861,train,27,7200,0.00014410886815423345,0.3706788420677185,0.27525365352630615,0.2384500354528427,0.07138579338788986,0.0011976631358265877,0.0076447781175374985,,
1782083021.808179,train,27,7250,0.00014409987614560896,0.2810314893722534,0.17869651317596436,0.26786544919013977,0.07053670287132263,0.0010024993680417538,0.005454546306282282,,
1782083031.1967978,train,27,7300,0.0001440908836942984,0.21335676312446594,0.12690263986587524,0.2128552794456482,0.06618695706129074,0.0014682472683489323,0.007050271145999432,,
1782083040.5981832,train,27,7350,0.00014408189080039222,0.27850669622421265,0.1861107349395752,0.22652457654476166,0.07118969410657883,0.001699478249065578,0.006365676410496235,,
1782083050.1330447,train,27,7400,0.00014407289746398046,0.39992544054985046,0.2821083068847656,0.3462119400501251,0.06223990023136139,0.0014422527747228742,0.008184901438653469,,
1782083059.5483134,train,27,7450,0.0001440639036851536,0.29019343852996826,0.1684941053390503,0.34390977025032043,0.07110875099897385,0.0016750735230743885,0.006265441887080669,,
1782083068.9406996,train,27,7500,0.0001440549094640017,0.3110121786594391,0.2156531810760498,0.24368439614772797,0.06858009099960327,0.0014785885578021407,0.007071427069604397,,
1782083078.3112357,train,27,7550,0.00014404591480061526,0.5798278450965881,0.4395942687988281,0.42001873254776,0.070209801197052,0.0012404315639287233,0.004910483956336975,,
1782083087.7575955,train,27,7600,0.00014403691969508455,0.2659616470336914,0.16022518277168274,0.2765645384788513,0.07295119017362595,0.0011973720975220203,0.006179968360811472,,
1782083097.178052,train,27,7650,0.00014402792414749965,0.2798093259334564,0.18398809432983398,0.2526461184024811,0.06504984200000763,0.0013480799971148372,0.007195419166237116,,
1782083106.552812,train,27,7700,0.00014401892815795104,0.14104491472244263,0.07791269570589066,0.13168776035308838,0.060239192098379135,0.0009069388033822179,0.006637095008045435,,
1782083115.9201694,train,27,7750,0.0001440099317265289,0.21255798637866974,0.13257677853107452,0.1892707496881485,0.06515512615442276,0.0008597163832746446,0.005896229296922684,,
1782083125.3924215,train,27,7800,0.00014400093485332377,0.2178351879119873,0.1297760307788849,0.21447844803333282,0.06866354495286942,0.0010777651332318783,0.00810129102319479,,
1782083134.894637,train,27,7850,0.00014399193753842577,0.2511446177959442,0.15313296020030975,0.25288787484169006,0.06924761086702347,0.0016586995916441083,0.007000921294093132,,
1782083144.3663406,train,27,7900,0.0001439829397819253,0.4796198010444641,0.3362782299518585,0.4278051555156708,0.07241511344909668,0.0018271181033924222,0.00528761139139533,,
1782083153.7517836,train,27,7950,0.00014397394158391263,0.28909334540367126,0.178775355219841,0.31589415669441223,0.06235074624419212,0.0016905870288610458,0.006748951971530914,,
1782083163.1534731,train,27,8000,0.00014396494294447799,0.30969536304473877,0.20959049463272095,0.2628031373023987,0.06854497641324997,0.0013160603120923042,0.00600004754960537,,
1782083172.5704079,train,27,8050,0.0001439559438637121,0.2923438847064972,0.19707654416561127,0.25429898500442505,0.06313207745552063,0.001265826402232051,0.00960456021130085,,
1782083181.989965,train,27,8100,0.00014394694434170493,0.26840314269065857,0.17151527106761932,0.2501612603664398,0.06837482750415802,0.001601505558937788,0.005895188543945551,,
1782083191.4488633,train,27,8150,0.00014393794437854692,0.26813143491744995,0.17274923622608185,0.24320855736732483,0.06888018548488617,0.0013995763147249818,0.006947806570678949,,
1782083200.8108487,train,27,8200,0.0001439289439743284,0.2580924332141876,0.16926154494285583,0.22940704226493835,0.06272785365581512,0.0011519344989210367,0.008127771317958832,,
1782083210.2602708,train,27,8250,0.00014391994312913965,0.34509292244911194,0.24666091799736023,0.26428118348121643,0.06452429294586182,0.000995577429421246,0.008761458098888397,,
1782083219.6412168,train,27,8300,0.00014391094184307114,0.17889469861984253,0.08515021950006485,0.25317713618278503,0.06063391640782356,0.0013322740560397506,0.009205855429172516,,
1782083228.9750798,train,27,8350,0.00014390194011621314,0.25502151250839233,0.1673252284526825,0.22658000886440277,0.061828359961509705,0.0013709765626117587,0.009982925839722157,,
1782083238.3655417,train,27,8400,0.0001438929379486561,0.26213738322257996,0.160774365067482,0.26042672991752625,0.07230328023433685,0.0010469058761373162,0.005480342544615269,,
1782083247.7506416,train,27,8450,0.00014388393534049037,0.2500881850719452,0.15856827795505524,0.2275897115468979,0.06900183111429214,0.0012155423173680902,0.008479283191263676,,
1782083257.1568224,train,27,8500,0.00014387493229180628,0.15525323152542114,0.076758973300457,0.17218990623950958,0.07061688601970673,0.0013834304409101605,0.008058995939791203,,
1782083266.5616455,train,27,8550,0.00014386592880269414,0.488850861787796,0.34866824746131897,0.430659681558609,0.06484556198120117,0.0009492781828157604,0.006279942579567432,,
1782083275.9778934,train,27,8600,0.00014385692487324454,0.26611846685409546,0.17506840825080872,0.2322932779788971,0.06562331318855286,0.0016511559952050447,0.008240862749516964,,
1782083285.3861172,train,27,8650,0.0001438479205035477,0.2025332897901535,0.11725223064422607,0.20444834232330322,0.06810948997735977,0.0011422899551689625,0.006948746275156736,,
1782083294.9064505,train,27,8700,0.00014383891569369397,0.12503176927566528,0.0501510389149189,0.16613399982452393,0.06648372858762741,0.0010536706540733576,0.008144141174852848,,
1782083304.2338707,train,27,8750,0.00014382991044377391,0.30090275406837463,0.19369786977767944,0.29263022541999817,0.06776916235685349,0.0016276121605187654,0.0057823024690151215,,
1782083313.6343741,train,27,8800,0.00014382090475387782,0.284381628036499,0.19701580703258514,0.22945073246955872,0.059838924556970596,0.0008365329122170806,0.005122539587318897,,
1782083323.0269146,train,27,8850,0.00014381189862409612,0.2305595874786377,0.14349138736724854,0.20522959530353546,0.07129094004631042,0.0011533290380612016,0.006168205291032791,,
1782083332.3937902,train,27,8900,0.00014380289205451915,0.2509022355079651,0.17160595953464508,0.19250287115573883,0.06213586404919624,0.0010263912845402956,0.007167977746576071,,
1782083341.8353562,train,27,8950,0.00014379388504523745,0.3570241332054138,0.22934995591640472,0.37427279353141785,0.0679766833782196,0.001176557969301939,0.0071908654645085335,,
1782083351.2784655,train,27,9000,0.00014378487759634126,0.1701681911945343,0.09490817040205002,0.16010411083698273,0.07025633007287979,0.0010582436807453632,0.007514061871916056,,
1782083360.6872373,train,27,9050,0.00014377586970792098,0.3093382716178894,0.20102424919605255,0.30280280113220215,0.06502237915992737,0.0010214796056970954,0.004297958221286535,,
1782083370.1080658,train,27,9100,0.00014376686138006727,0.2527036964893341,0.15959413349628448,0.25366392731666565,0.05911281332373619,0.001371657126583159,0.007820681668817997,,
1782083379.5953076,train,27,9150,0.00014375785261287047,0.2219315618276596,0.11622460186481476,0.2810257077217102,0.07054582983255386,0.0017761708004400134,0.007453233934938908,,
1782083389.0123525,train,27,9200,0.00014374884340642103,0.2675217390060425,0.18923290073871613,0.17124609649181366,0.07076304405927658,0.0009577164892107248,0.006959795486181974,,
1782083398.3824668,train,27,9250,0.00014373983376080927,0.31857335567474365,0.21841368079185486,0.2728281021118164,0.06364770233631134,0.001288092345930636,0.006580104120075703,,
1782083407.769926,train,27,9300,0.0001437308236761255,0.2644970417022705,0.15954971313476562,0.2839689254760742,0.06757072359323502,0.0016971827717497945,0.007129629608243704,,
1782083417.1258337,train,27,9350,0.00014372181315246046,0.17771252989768982,0.09631500393152237,0.1961362212896347,0.06450790166854858,0.0010952824959531426,0.006059066858142614,,
1782083426.553883,train,27,9400,0.00014371280218990453,0.16249331831932068,0.06379050016403198,0.25092577934265137,0.07174147665500641,0.0010063835652545094,0.006560771260410547,,
1782083436.0609221,train,27,9450,0.00014370379078854813,0.29046112298965454,0.18328218162059784,0.2980225682258606,0.06516425311565399,0.0009115702705457807,0.005823376122862101,,
1782083445.41375,train,27,9500,0.0001436947789484817,0.33182936906814575,0.20606063306331635,0.35659974813461304,0.07291159778833389,0.0016299791168421507,0.007861276157200336,,
1782083454.8014152,train,27,9550,0.0001436857666697958,0.20825135707855225,0.12215223163366318,0.19726189970970154,0.0733458399772644,0.0011072739725932479,0.005742909386754036,,
1782083464.2681236,train,27,9600,0.00014367675395258084,0.17860527336597443,0.09810487180948257,0.19501619040966034,0.0633140504360199,0.0008932919590733945,0.006639170926064253,,
1782083473.6248028,train,27,9650,0.0001436677407969271,0.15248486399650574,0.0708409920334816,0.19861102104187012,0.0637546256184578,0.0011380393989384174,0.00668176868930459,,
1782083483.1740794,train,27,9700,0.00014365872720292533,0.39935097098350525,0.26921790838241577,0.3792017698287964,0.07043112069368362,0.0011705888900905848,0.005061610601842403,,
1782083492.6334198,train,27,9750,0.00014364971317066595,0.3319820463657379,0.224116250872612,0.2745399475097656,0.0780840516090393,0.0018877268303185701,0.009472712874412537,,
1782083502.0291655,train,27,9800,0.00014364069870023938,0.38880470395088196,0.2928842604160309,0.24680735170841217,0.06819833070039749,0.0011943690478801727,0.005904430989176035,,
1782083511.4275937,train,27,9850,0.00014363168379173612,0.3239537477493286,0.22594042122364044,0.259604275226593,0.0658307746052742,0.0019686000887304544,0.007998302578926086,,
1782083520.8745728,train,27,9900,0.0001436226684452466,0.48853567242622375,0.3744014501571655,0.3245432674884796,0.06577155739068985,0.0011263553751632571,0.00830608606338501,,
1782083530.3701413,train,27,9950,0.00014361365266086148,0.3014475703239441,0.2210596352815628,0.19974344968795776,0.06069017946720123,0.0010700295679271221,0.007189138792455196,,
1782083539.7010207,train,27,10000,0.0001436046364386711,0.23396877944469452,0.14481395483016968,0.2230401635169983,0.066541388630867,0.0012408450711518526,0.00667980033904314,,
1782083549.0642478,train,27,10050,0.00014359561977876612,0.21186162531375885,0.1243511214852333,0.21574439108371735,0.06695111095905304,0.0009884493192657828,0.005333997774869204,,
1782083558.501148,train,27,10100,0.0001435866026812369,0.20271751284599304,0.1105518639087677,0.22493895888328552,0.07162092626094818,0.001204365980811417,0.008506162092089653,,
1782083567.8985193,train,27,10150,0.00014357758514617398,0.2636415660381317,0.17718084156513214,0.214880108833313,0.06527205556631088,0.0010468026157468557,0.006778518669307232,,
1782083577.274682,train,27,10200,0.00014356856717366812,0.39399051666259766,0.28419727087020874,0.30756425857543945,0.06556550413370132,0.0011940645053982735,0.006300708744674921,,
1782083586.7623677,train,27,10250,0.00014355954876380962,0.19858795404434204,0.12433011084794998,0.1684633493423462,0.06412801891565323,0.0007800120511092246,0.006023619323968887,,
1782083596.195989,train,27,10300,0.00014355052991668903,0.2779160439968109,0.18347682058811188,0.24838696420192719,0.06446651369333267,0.001092266058549285,0.0075434003956615925,,
1782083605.6539755,train,27,10350,0.00014354151063239692,0.29858696460723877,0.19433891773223877,0.2839599847793579,0.0662044882774353,0.0015581536572426558,0.007501587737351656,,
1782083615.0457697,train,27,10400,0.00014353249091102373,0.1975690871477127,0.11918897926807404,0.16392746567726135,0.07455923408269882,0.0011860980885103345,0.006115421652793884,,
1782083624.427294,train,27,10450,0.00014352347075266005,0.41376161575317383,0.2939996123313904,0.34812691807746887,0.06522821635007858,0.0011617591371759772,0.007652173284441233,,
1782083633.8402069,train,27,10500,0.00014351445015739662,0.3453022837638855,0.22392529249191284,0.34070006012916565,0.07199585437774658,0.0020406933035701513,0.0075483364053070545,,
1782083643.2562907,train,27,10550,0.00014350542912532378,0.2132445126771927,0.1310499608516693,0.19552181661128998,0.06644517928361893,0.0009151051635853946,0.006902657449245453,,
1782083652.6936371,train,27,10600,0.00014349640765653213,0.2097659558057785,0.11147774010896683,0.26477935910224915,0.063918337225914,0.0013421496842056513,0.005224392283707857,,
1782083662.2224083,train,27,10650,0.00014348738575111237,0.2956386208534241,0.2006140500307083,0.24185886979103088,0.06887049227952957,0.0012459076242521405,0.008573492988944054,,
1782083671.636107,train,27,10700,0.00014347836340915484,0.30293840169906616,0.1967896819114685,0.3073333203792572,0.058343563228845596,0.0014358664629980922,0.0070223500952124596,,
1782083681.0280719,train,27,10750,0.00014346934063075021,0.18851885199546814,0.09770470857620239,0.22815310955047607,0.0673154816031456,0.0011812872253358364,0.006503785960376263,,
1782083690.4011526,train,27,10800,0.00014346031741598904,0.29547590017318726,0.16544903814792633,0.37545785307884216,0.07207998633384705,0.0012243925593793392,0.007386715617030859,,
1782083699.822707,train,27,10850,0.00014345129376496188,0.2552984356880188,0.14716635644435883,0.2690638303756714,0.08144485950469971,0.0014371874276548624,0.007603523321449757,,
1782083709.2976954,train,27,10900,0.0001434422696777593,0.2665405571460724,0.1652817577123642,0.2702307403087616,0.06710118800401688,0.0015054611722007394,0.008859307505190372,,
1782083718.7312782,train,27,10950,0.000143433245154472,0.3722236752510071,0.26366034150123596,0.3054037392139435,0.06424833089113235,0.0008825927507132292,0.006370394956320524,,
1782083728.115238,train,27,11000,0.00014342422019519038,0.22243568301200867,0.13565483689308167,0.2152310311794281,0.06575088202953339,0.0009763207053765655,0.008783610537648201,,
1782083737.4703722,train,27,11050,0.00014341519480000524,0.24642618000507355,0.16145119071006775,0.19956903159618378,0.06985427439212799,0.0015557649312540889,0.006402809638530016,,
1782083746.995175,train,27,11100,0.00014340616896900714,0.3850376307964325,0.2604176700115204,0.3555554449558258,0.07127268612384796,0.0009476165287196636,0.005528916604816914,,
1782083756.4742274,train,27,11150,0.00014339714270228653,0.2566716969013214,0.15552720427513123,0.27711808681488037,0.06349900364875793,0.0011549843475222588,0.005940165836364031,,
1782083765.9286094,train,27,11200,0.00014338811599993423,0.2105741947889328,0.10452614724636078,0.2742324471473694,0.0746510699391365,0.0016439954051747918,0.006411396432667971,,
1782083775.395794,train,27,11250,0.00014337908886204065,0.24001558125019073,0.14651775360107422,0.23741504549980164,0.06805957108736038,0.0011428060242906213,0.006699323654174805,,
1782083784.8099515,train,27,11300,0.0001433700612886967,0.2482464611530304,0.16039197146892548,0.22491830587387085,0.06295398622751236,0.0014792140573263168,0.008169746026396751,,
1782083794.2106187,train,27,11350,0.00014336103327999272,0.21851509809494019,0.1402329057455063,0.18934059143066406,0.06170152872800827,0.0009627079125493765,0.00591012230142951,,
1782083803.667649,train,27,11400,0.00014335200483601938,0.2221745103597641,0.12268754839897156,0.2675451934337616,0.06488646566867828,0.0015742996474727988,0.0072838980704545975,,
1782083813.0321314,train,27,11450,0.00014334297595686724,0.2415931075811386,0.13887886703014374,0.28180932998657227,0.06429199129343033,0.0011591583024710417,0.006234555505216122,,
1782083822.451249,train,27,11500,0.00014333394664262715,0.21648964285850525,0.1216028556227684,0.23549887537956238,0.07180032879114151,0.001119124935939908,0.0066644190810620785,,
1782083831.878858,train,27,11550,0.00014332491689338968,0.21540920436382294,0.12735995650291443,0.2212836742401123,0.06524423509836197,0.0010621953988447785,0.007311434950679541,,
1782083841.4059954,train,27,11600,0.00014331588670924542,0.2020333707332611,0.1235325038433075,0.17934538424015045,0.0671093538403511,0.0010985871776938438,0.006300910841673613,,
1782083850.7721531,train,27,11650,0.00014330685609028495,0.2240963578224182,0.11864857375621796,0.2767203450202942,0.07227610051631927,0.0012964544584974647,0.00610585231333971,,
1782083860.214942,train,27,11700,0.0001432978250365991,0.2715475261211395,0.194954976439476,0.17780348658561707,0.06408652663230896,0.0009843921288847923,0.0055226730182766914,,
1782083869.57846,train,27,11750,0.00014328879354827835,0.20209093391895294,0.12443363666534424,0.1807049959897995,0.06474673002958298,0.0010767878266051412,0.007861942984163761,,
1782083878.8699055,train,27,11800,0.00014327976162541352,0.273892343044281,0.15543429553508759,0.3327805697917938,0.07013839483261108,0.0019370372174307704,0.007821186445653439,,
1782083888.223736,train,27,11850,0.00014327072926809513,0.2805226445198059,0.185233473777771,0.2572864294052124,0.06164608523249626,0.0014451990136876702,0.008454320020973682,,
1782083897.6151602,train,27,11900,0.00014326169647641395,0.26295074820518494,0.17151637375354767,0.23887808620929718,0.06326048821210861,0.0008460428798571229,0.005792082287371159,,
1782083907.0591822,train,27,11950,0.0001432526632504606,0.21596211194992065,0.12308000773191452,0.24753162264823914,0.06180253624916077,0.0009793434292078018,0.0062414840795099735,,
1782083916.4020982,train,27,12000,0.0001432436295903259,0.2665807008743286,0.17368380725383759,0.2548574209213257,0.0581396259367466,0.0011270481627434492,0.005958723835647106,,
1782083925.81424,train,27,12050,0.0001432345954961003,0.24551089107990265,0.1392229050397873,0.2923474907875061,0.06613748520612717,0.0013236248632892966,0.008732503280043602,,
1782083935.197926,train,27,12100,0.00014322556096787447,0.140389546751976,0.07026967406272888,0.15861110389232635,0.060723111033439636,0.0010554696200415492,0.005346816964447498,,
1782083944.5839016,train,27,12150,0.00014321652600573942,0.2033405303955078,0.11508241295814514,0.21304666996002197,0.06974112242460251,0.0012589190155267715,0.0067061916925013065,,
1782083953.978238,train,27,12200,0.00014320749060978558,0.18500065803527832,0.10433457791805267,0.18911124765872955,0.0665430873632431,0.0011674052802845836,0.007466927170753479,,
1782083963.3947964,train,27,12250,0.00014319845478010383,0.3373166024684906,0.22312486171722412,0.31746524572372437,0.06944664567708969,0.001020951196551323,0.0075430916622281075,,
1782083972.8461113,train,27,12300,0.0001431894185167846,0.17246681451797485,0.10309790819883347,0.15327543020248413,0.06194173917174339,0.0007917940383777022,0.0038746900390833616,,
1782083982.3155012,train,27,12350,0.00014318038181991875,0.3052331805229187,0.20417934656143188,0.2729335129261017,0.06536171585321426,0.001395988161675632,0.005620810203254223,,
1782083991.699311,train,27,12400,0.00014317134468959703,0.4809349775314331,0.35698679089546204,0.355950266122818,0.06967269629240036,0.001242807600647211,0.0068693626672029495,,
1782084001.1433554,train,27,12450,0.0001431623071259103,0.45526450872421265,0.32621920108795166,0.36491018533706665,0.07541431486606598,0.0011063060956075788,0.0075141978450119495,,
1782084010.5637732,train,27,12500,0.000143153269128949,0.2151423543691635,0.11757098883390427,0.2504170835018158,0.069722019135952,0.0010608823504298925,0.005802791565656662,,
1782084020.0480566,train,27,12550,0.00014314423069880408,0.3057435154914856,0.18216891586780548,0.35770633816719055,0.06797023117542267,0.0016290302155539393,0.0077897640876472,,
1782084029.450711,train,27,12600,0.000143135191835566,0.2951960265636444,0.1878926157951355,0.30485808849334717,0.06192141771316528,0.0012816940434277058,0.00647046510130167,,
1782084038.893647,train,27,12650,0.00014312615253932575,0.40406396985054016,0.297077476978302,0.3021166920661926,0.06268803030252457,0.0011329601984471083,0.00681660883128643,,
1782084048.37082,train,27,12700,0.00014311711281017391,0.17665354907512665,0.0924583300948143,0.2064141482114792,0.06493516266345978,0.0012411673087626696,0.007024724967777729,,
1782084057.737461,train,27,12750,0.00014310807264820134,0.10886701941490173,0.04560155048966408,0.12524846196174622,0.06372237205505371,0.0009216510225087404,0.006176738068461418,,
1782084067.178878,train,27,12800,0.00014309903205349866,0.165500670671463,0.07335761189460754,0.232282355427742,0.06790938228368759,0.001177852158434689,0.006878410931676626,,
1782084076.5665848,train,27,12850,0.00014308999102615678,0.4396694302558899,0.3313107490539551,0.30136480927467346,0.065825916826725,0.001045272103510797,0.004675989504903555,,
1782084085.999006,train,27,12900,0.0001430809495662663,0.290528804063797,0.1759212762117386,0.31094059348106384,0.07334287464618683,0.0020094471983611584,0.008842138573527336,,
1782084095.4276917,train,27,12950,0.0001430719076739181,0.3875540792942047,0.25797075033187866,0.3753521144390106,0.07125179469585419,0.0011937883682549,0.00504256272688508,,
1782084104.878308,train,27,13000,0.000143062865349203,0.32069969177246094,0.20845116674900055,0.31693509221076965,0.06573905050754547,0.0014521401608362794,0.0064050885848701,,
1782084114.345536,train,27,13050,0.0001430538225922115,0.29592639207839966,0.18364392220973969,0.2997182309627533,0.07439906895160675,0.0015338065568357706,0.00784031581133604,,
1782084240.8902364,val,27,,,0.30047738684749764,0.18603642393183095,0.314679939186113,0.07125727052013234,0.0014234330441179127,0.0069055665767349984,,
1782084251.3224874,train,28,50,0.000143042066362019,0.2024373710155487,0.11439307779073715,0.22303704917430878,0.06429214775562286,0.001389703480526805,0.005718381609767675,,
1782084260.8470945,train,28,100,0.00014303302261113672,0.1639731526374817,0.07793103158473969,0.20518885552883148,0.06919629871845245,0.0014674781123176217,0.006320009008049965,,
1782084270.3632326,train,28,150,0.00014302397842827784,0.23484112322330475,0.1500159054994583,0.21547847986221313,0.06168513745069504,0.001130223972722888,0.005820929538458586,,
1782084279.7301729,train,28,200,0.00014301493381353307,0.3472650945186615,0.2218472808599472,0.3739498555660248,0.06352021545171738,0.0017027221620082855,0.0067798369564116,,
1782084289.2063425,train,28,250,0.00014300588876699322,0.3696954846382141,0.25038543343544006,0.3483107089996338,0.06413346529006958,0.0016564186662435532,0.007471043616533279,,
1782084298.6121724,train,28,300,0.00014299684328874886,0.2001650631427765,0.10981865227222443,0.22259795665740967,0.06913245469331741,0.0013069243868812919,0.004734903573989868,,
1782084308.0155468,train,28,350,0.0001429877973788911,0.2911797761917114,0.18137522041797638,0.2946297228336334,0.07199417799711227,0.0015002915170043707,0.008218558505177498,,
1782084317.470222,train,28,400,0.0001429787510375107,0.19350554049015045,0.11434073001146317,0.18787303566932678,0.06423172354698181,0.000806882104370743,0.006405212916433811,,
1782084327.1288304,train,28,450,0.00014296970426469849,0.2605617940425873,0.15719620883464813,0.2827126979827881,0.06505740433931351,0.0015868282644078135,0.006422487553209066,,
1782084336.5779538,train,28,500,0.0001429606570605452,0.19217057526111603,0.10814700275659561,0.19607576727867126,0.06963419169187546,0.0018752736505120993,0.006646742578595877,,
1782084346.0123382,train,28,550,0.00014295160942514175,0.3087281882762909,0.19142770767211914,0.3309948742389679,0.068832628428936,0.001354521606117487,0.007476938422769308,,
1782084355.4269764,train,28,600,0.0001429425613585788,0.2691328525543213,0.16220079362392426,0.2910292446613312,0.0680679976940155,0.0014073230559006333,0.005419881083071232,,
1782084364.8730783,train,28,650,0.0001429335128609473,0.31220147013664246,0.2240692377090454,0.22779257595539093,0.06208218261599541,0.0014298477908596396,0.011035215109586716,,
1782084374.3109004,train,28,700,0.00014292446393233808,0.32874491810798645,0.20818191766738892,0.335661917924881,0.07308243215084076,0.0010629205498844385,0.004008128773421049,,
1782084383.7698932,train,28,750,0.00014291541457284185,0.2472924441099167,0.155051589012146,0.2269408106803894,0.07074882835149765,0.0013123131357133389,0.006407273001968861,,
1782084393.148679,train,28,800,0.00014290636478254956,0.29848572611808777,0.20275838673114777,0.24637065827846527,0.06803316622972488,0.001181132043711841,0.007017120253294706,,
1782084402.6336324,train,28,850,0.00014289731456155203,0.19502367079257965,0.10764018446207047,0.20623080432415009,0.07140778005123138,0.001219020807184279,0.006094852462410927,,
1782084412.043991,train,28,900,0.00014288826390994008,0.33807262778282166,0.23605620861053467,0.2780306041240692,0.064704529941082,0.0015650450950488448,0.005393086466938257,,
1782084421.484815,train,28,950,0.0001428792128278046,0.24510890245437622,0.15136884152889252,0.23490212857723236,0.06983184069395065,0.0009859355632215738,0.006650715600699186,,
1782084430.9910204,train,28,1000,0.00014287016131523647,0.4525711238384247,0.309425950050354,0.44623932242393494,0.06287800520658493,0.0014632551465183496,0.00535104563459754,,
1782084440.4309723,train,28,1050,0.0001428611093723266,0.2630300521850586,0.1695612519979477,0.2365376353263855,0.06845895946025848,0.0010491558350622654,0.0063424501568078995,,
1782084449.90137,train,28,1100,0.00014285205699916568,0.24383822083473206,0.152512326836586,0.23425228893756866,0.06533697247505188,0.0009434611420147121,0.006006825249642134,,
1782084459.3085907,train,28,1150,0.00014284300419584465,0.4071980118751526,0.2714540660381317,0.4143022894859314,0.06398115307092667,0.0017780772177502513,0.00701428297907114,,
1782084468.669746,train,28,1200,0.00014283395096245443,0.21138542890548706,0.11817673593759537,0.23688292503356934,0.0676257535815239,0.001750859897583723,0.008309010416269302,,
1782084478.19061,train,28,1250,0.00014282489729908597,0.2657741904258728,0.1703609824180603,0.24113060534000397,0.07005718350410461,0.00101968995295465,0.006472271401435137,,
1782084487.555862,train,28,1300,0.0001428158432058301,0.31517982482910156,0.19224590063095093,0.35811012983322144,0.06646335870027542,0.0017469909507781267,0.004863776732236147,,
1782084497.0352094,train,28,1350,0.00014280678868277752,0.3637877106666565,0.23828125,0.3542238175868988,0.07367295026779175,0.0011401430238038301,0.006403767969459295,,
1782084506.4709458,train,28,1400,0.00014279773373001932,0.32913047075271606,0.23963463306427002,0.2255334109067917,0.06600414216518402,0.0011041415855288506,0.00548340892419219,,
1782084515.7988188,train,28,1450,0.0001427886783476464,0.31508809328079224,0.20058250427246094,0.3266720175743103,0.06531406939029694,0.0018053788226097822,0.006633298471570015,,
1782084525.2907796,train,28,1500,0.00014277962253574962,0.28298574686050415,0.19063769280910492,0.23617835342884064,0.06630627810955048,0.0015032230876386166,0.011180061846971512,,
1782084534.746007,train,28,1550,0.00014277056629441982,0.14238274097442627,0.06489725410938263,0.1820799708366394,0.06368014961481094,0.0012542264303192496,0.006807031575590372,,
1782084544.1197445,train,28,1600,0.00014276150962374797,0.1486387401819229,0.05496716499328613,0.23552225530147552,0.06931031495332718,0.0013585420092567801,0.007637782022356987,,
1782084553.595197,train,28,1650,0.00014275245252382498,0.33502933382987976,0.23638202250003815,0.25528109073638916,0.0693286880850792,0.0016270404448732734,0.004458416253328323,,
1782084562.9219706,train,28,1700,0.00014274339499474167,0.3095032274723053,0.21723879873752594,0.24163824319839478,0.063448466360569,0.0013062591897323728,0.005088296253234148,,
1782084572.3161352,train,28,1750,0.00014273433703658906,0.24304889142513275,0.15149423480033875,0.23326842486858368,0.06623762845993042,0.0011873927433043718,0.008806470781564713,,
1782084581.7367203,train,28,1800,0.00014272527864945812,0.44638314843177795,0.30359840393066406,0.42633888125419617,0.07203551381826401,0.0018228439148515463,0.00826065894216299,,
1782084591.1336765,train,28,1850,0.0001427162198334398,0.3489121198654175,0.23247751593589783,0.3271072506904602,0.06898746639490128,0.0016404178459197283,0.008549997583031654,,
1782084600.5246494,train,28,1900,0.00014270716058862495,0.1768915355205536,0.08618960529565811,0.22623315453529358,0.06798188388347626,0.0015270140720531344,0.00660337507724762,,
1782084609.8755825,train,28,1950,0.00014269810091510445,0.35081031918525696,0.2651873230934143,0.2220381498336792,0.06003179773688316,0.0009758495143614709,0.007632344029843807,,
1782084619.2739983,train,28,2000,0.00014268904081296934,0.2740846574306488,0.18192189931869507,0.23163986206054688,0.06828586012125015,0.0010986113920807838,0.008080625906586647,,
1782084628.6829803,train,28,2050,0.00014267998028231072,0.18705563247203827,0.10023202002048492,0.20330090820789337,0.07176100462675095,0.001178834238089621,0.008833419531583786,,
1782084638.0671527,train,28,2100,0.00014267091932321918,0.18406732380390167,0.09889761358499527,0.19527529180049896,0.07248185575008392,0.001099565764889121,0.005822169128805399,,
1782084647.426957,train,28,2150,0.00014266185793578587,0.23459206521511078,0.14617584645748138,0.2174055278301239,0.06791747361421585,0.0010611136676743627,0.005655417684465647,,
1782084656.875901,train,28,2200,0.0001426527961201017,0.260655015707016,0.16736827790737152,0.22884084284305573,0.07186971604824066,0.001416809856891632,0.009945192374289036,,
1782084666.2710557,train,28,2250,0.00014264373387625777,0.2552299499511719,0.1489749699831009,0.28073495626449585,0.07182875275611877,0.0015689257998019457,0.006219374947249889,,
1782084675.6634943,train,28,2300,0.00014263467120434502,0.329454243183136,0.20724456012248993,0.34655651450157166,0.07085229456424713,0.001444188877940178,0.009787149727344513,,
1782084684.9097364,train,28,2350,0.00014262560810445423,0.2372376024723053,0.12557819485664368,0.30578750371932983,0.07016146183013916,0.0013180648675188422,0.007149560377001762,,
1782084694.3347402,train,28,2400,0.00014261654457667662,0.24870553612709045,0.1561519056558609,0.22674764692783356,0.0714186504483223,0.001574000809341669,0.00965711660683155,,
1782084703.6916246,train,28,2450,0.000142607480621103,0.2906864583492279,0.18418988585472107,0.27154701948165894,0.0769418254494667,0.0013892250135540962,0.006782087031751871,,
1782084713.1471813,train,28,2500,0.0001425984162378245,0.26546257734298706,0.1781500279903412,0.21791523694992065,0.06543077528476715,0.0011835773475468159,0.0066474503837525845,,
1782084722.5563743,train,28,2550,0.0001425893514269319,0.27328386902809143,0.18388620018959045,0.22726944088935852,0.06494935601949692,0.0010566088603809476,0.006046630442142487,,
1782084731.9683576,train,28,2600,0.0001425802861885163,0.21649670600891113,0.13816002011299133,0.20424000918865204,0.05436721444129944,0.0009306694846600294,0.005019152536988258,,
1782084741.3779242,train,28,2650,0.00014257122052266884,0.2965652346611023,0.20613059401512146,0.22636224329471588,0.067482128739357,0.0010302073787897825,0.006842453498393297,,
1782084750.762503,train,28,2700,0.0001425621544294803,0.3792338967323303,0.2690415680408478,0.3054196238517761,0.06747463345527649,0.0010013910941779613,0.0058571104891598225,,
1782084760.153018,train,28,2750,0.00014255308790904185,0.18065014481544495,0.08744616061449051,0.22256995737552643,0.07479020953178406,0.0016638842644169927,0.011896989308297634,,
1782084769.551002,train,28,2800,0.00014254402096144453,0.26223742961883545,0.14292055368423462,0.34039050340652466,0.06789663434028625,0.0027093300595879555,0.007739230524748564,,
1782084778.9068274,train,28,2850,0.00014253495358677905,0.29850155115127563,0.18460692465305328,0.31537866592407227,0.06985121965408325,0.0012437389232218266,0.006191846448928118,,
1782084788.2856805,train,28,2900,0.00014252588578513674,0.3808250427246094,0.2535688281059265,0.3753679394721985,0.06660747528076172,0.0011051855981349945,0.005691922269761562,,
1782084797.6041648,train,28,2950,0.00014251681755660857,0.2262323647737503,0.13749253749847412,0.2156326174736023,0.06942163407802582,0.0012085610069334507,0.005878496449440718,,
1782084806.9953868,train,28,3000,0.00014250774890128557,0.21173371374607086,0.12247530370950699,0.22395087778568268,0.0663008913397789,0.0012024185853078961,0.007783899083733559,,
1782084816.3356457,train,28,3050,0.00014249867981925866,0.30141276121139526,0.17824558913707733,0.3681287467479706,0.06195318326354027,0.001583856763318181,0.006789896171540022,,
1782084825.7352304,train,28,3100,0.0001424896103106191,0.2737409770488739,0.158487007021904,0.3288328945636749,0.06583789736032486,0.0012677769409492612,0.005548321641981602,,
1782084835.2179601,train,28,3150,0.00014248054037545763,0.3012007176876068,0.19464755058288574,0.2812909781932831,0.07216982543468475,0.001455090707167983,0.00716470368206501,,
1782084844.6355088,train,28,3200,0.0001424714700138656,0.42529889941215515,0.29898253083229065,0.3636600375175476,0.07047311216592789,0.001647969358600676,0.0053868368268013,,
1782084854.0375896,train,28,3250,0.0001424623992259339,0.33820608258247375,0.217036634683609,0.3415815830230713,0.0713033527135849,0.0012237149057909846,0.005705225747078657,,
1782084863.416324,train,28,3300,0.0001424533280117536,0.39177700877189636,0.27581003308296204,0.3343287706375122,0.06439271569252014,0.0018842575373128057,0.007134208921343088,,
1782084872.7544951,train,28,3350,0.00014244425637141586,0.32981744408607483,0.20376944541931152,0.36388304829597473,0.06980372965335846,0.0017538247630000114,0.006213782820850611,,
1782084882.133905,train,28,3400,0.00014243518430501155,0.2568548917770386,0.1413232684135437,0.30871886014938354,0.07641004025936127,0.0014690464595332742,0.008060529828071594,,
1782084891.5305512,train,28,3450,0.0001424261118126318,0.282596617937088,0.1788453757762909,0.2825252115726471,0.06593060493469238,0.001546588260680437,0.006412822287529707,,
1782084900.923172,train,28,3500,0.0001424170388943677,0.19436980783939362,0.10530981421470642,0.2200101912021637,0.06792228668928146,0.0009630554704926908,0.004852794576436281,,
1782084910.3961642,train,28,3550,0.00014240796555031038,0.24376311898231506,0.15081174671649933,0.22683195769786835,0.07226294279098511,0.0011191009543836117,0.007937882095575333,,
1782084919.8430634,train,28,3600,0.00014239889178055098,0.22383372485637665,0.13189099729061127,0.22875049710273743,0.0692099928855896,0.0015009387861937284,0.006410594563931227,,
1782084929.4231076,train,28,3650,0.00014238981758518053,0.34142106771469116,0.23899845778942108,0.2688596844673157,0.0702424943447113,0.0008642765460535884,0.004561709705740213,,
1782084938.8777626,train,28,3700,0.00014238074296428997,0.3086700737476349,0.18697763979434967,0.32976117730140686,0.07818908989429474,0.0015759465750306845,0.009234152734279633,,
1782084948.3490865,train,28,3750,0.00014237166791797036,0.36039087176322937,0.23231244087219238,0.3555225133895874,0.07801006734371185,0.0019275988452136517,0.008036219514906406,,
1782084957.7853696,train,28,3800,0.00014236259244631305,0.2667545676231384,0.1810126155614853,0.20579692721366882,0.06832771003246307,0.0012886116746813059,0.007724747993052006,,
1782084967.2017016,train,28,3850,0.00014235351654940897,0.23016344010829926,0.15107053518295288,0.19045192003250122,0.06271151453256607,0.0012417498510330915,0.006024067290127277,,
1782084976.598222,train,28,3900,0.00014234444022734937,0.4580298066139221,0.32484152913093567,0.40079906582832336,0.06570010632276535,0.0013845284702256322,0.00740478839725256,,
1782084986.0703647,train,28,3950,0.0001423353634802253,0.25503969192504883,0.1396336555480957,0.31591567397117615,0.07255123555660248,0.001514884177595377,0.006166246719658375,,
1782084995.5514112,train,28,4000,0.00014232628630812772,0.36749765276908875,0.2425462305545807,0.36392298340797424,0.06765374541282654,0.001437952509149909,0.006520017981529236,,
1782085005.0588877,train,28,4050,0.00014231720871114793,0.3216365575790405,0.22226276993751526,0.2608002722263336,0.06798885017633438,0.0017928652232512832,0.006407042965292931,,
1782085014.4866376,train,28,4100,0.0001423081306893771,0.15834517776966095,0.07860860228538513,0.194127157330513,0.06217208877205849,0.0011874953052029014,0.005924179684370756,,
1782085023.83603,train,28,4150,0.00014229905224290618,0.2509836256504059,0.16826201975345612,0.20040689408779144,0.06505618989467621,0.0009178928448818624,0.00663621723651886,,
1782085033.3150842,train,28,4200,0.00014228997337182642,0.21904583275318146,0.12925869226455688,0.2113320380449295,0.07364421337842941,0.0013201759429648519,0.008439693599939346,,
1782085042.7621877,train,28,4250,0.0001422808940762288,0.22473973035812378,0.13508933782577515,0.2072950303554535,0.0753902792930603,0.0013148756697773933,0.006343245971947908,,
1782085052.1773517,train,28,4300,0.00014227181435620475,0.25868284702301025,0.14241959154605865,0.33095601201057434,0.0667337104678154,0.0015738545916974545,0.012610170990228653,,
1782085061.6287496,train,28,4350,0.00014226273421184517,0.2324671596288681,0.13497169315814972,0.2722325026988983,0.058624617755413055,0.001250415574759245,0.006634938530623913,,
1782085071.0603337,train,28,4400,0.00014225365364324127,0.2594328820705414,0.17052416503429413,0.20912525057792664,0.07302568852901459,0.001145584275946021,0.005739833228290081,,
1782085080.4823616,train,28,4450,0.00014224457265048414,0.2751064896583557,0.1770736575126648,0.2642918825149536,0.06366787105798721,0.0012591929407790303,0.006918284110724926,,
1782085089.911345,train,28,4500,0.00014223549123366496,0.2848226726055145,0.17892013490200043,0.29246193170547485,0.06530332565307617,0.0013539029750972986,0.0054039317183196545,,
1782085099.3301082,train,28,4550,0.00014222640939287509,0.21910516917705536,0.12249142676591873,0.23906271159648895,0.07338280975818634,0.0015666033141314983,0.00859023630619049,,
1782085108.760725,train,28,4600,0.00014221732712820553,0.24404285848140717,0.15513332188129425,0.22778241336345673,0.06374308466911316,0.0009239147184416652,0.0046830750070512295,,
1782085118.1847408,train,28,4650,0.00014220824443974742,0.2615673840045929,0.17279809713363647,0.21862392127513885,0.06801442801952362,0.0010608579032123089,0.007652789354324341,,
1782085127.6104167,train,28,4700,0.00014219916132759207,0.24790634214878082,0.1322624385356903,0.3160501718521118,0.07302716374397278,0.0011777773033827543,0.004984878469258547,,
1782085137.130442,train,28,4750,0.0001421900777918306,0.31940215826034546,0.20861807465553284,0.32564714550971985,0.05856534093618393,0.0008964829612523317,0.004454264882951975,,
1782085146.5350943,train,28,4800,0.00014218099383255412,0.18224509060382843,0.1109115332365036,0.15878313779830933,0.06309101730585098,0.0009226297261193395,0.005557575728744268,,
1782085155.9512837,train,28,4850,0.0001421719094498538,0.2159924954175949,0.129075288772583,0.2261948436498642,0.060438450425863266,0.0014927011216059327,0.006701626814901829,,
1782085165.3376303,train,28,4900,0.00014216282464382096,0.29190778732299805,0.1911701261997223,0.2741767168045044,0.06416594982147217,0.001104963943362236,0.00787388440221548,,
1782085174.8233185,train,28,4950,0.00014215373941454666,0.19000086188316345,0.10636656731367111,0.20582659542560577,0.06414242833852768,0.001064180745743215,0.006191037129610777,,
1782085184.1615899,train,28,5000,0.00014214465376212224,0.2141977995634079,0.12932409346103668,0.22729603946208954,0.05590169504284859,0.0009884387254714966,0.0038031330332159996,,
1782085193.5662987,train,28,5050,0.00014213556768663874,0.3002362549304962,0.2032899558544159,0.2483164370059967,0.06953651458024979,0.000989447464235127,0.006417803931981325,,
1782085203.0695636,train,28,5100,0.00014212648118818756,0.19096675515174866,0.11317744851112366,0.17358635365962982,0.06856382638216019,0.0011079825926572084,0.006901106797158718,,
1782085212.5265093,train,28,5150,0.00014211739426685986,0.1957276314496994,0.11931280046701431,0.17642810940742493,0.0644029825925827,0.0010632558260113,0.00810221116989851,,
1782085221.9373605,train,28,5200,0.00014210830692274671,0.29035302996635437,0.19165214896202087,0.25584331154823303,0.06921318173408508,0.0013347804779186845,0.010363275185227394,,
1782085231.3666058,train,28,5250,0.00014209921915593954,0.25206130743026733,0.1516711562871933,0.2625861167907715,0.06928347796201706,0.001018824870698154,0.006448738276958466,,
1782085240.8241467,train,28,5300,0.00014209013096652944,0.22682052850723267,0.13246551156044006,0.2280629724264145,0.07432176172733307,0.0017840131185948849,0.009958431124687195,,
1782085250.1447504,train,28,5350,0.0001420810423546075,0.321167528629303,0.202705979347229,0.3463744521141052,0.0633503869175911,0.0019273112993687391,0.006449071690440178,,
1782085259.5520046,train,28,5400,0.00014207195332026527,0.2178894728422165,0.1279905140399933,0.2362522929906845,0.0614490732550621,0.0011134202359244227,0.006890311371535063,,
1782085268.9585252,train,28,5450,0.00014206286386359387,0.23082335293293,0.1549619883298874,0.1873258799314499,0.05787179246544838,0.0009399158298037946,0.005219464655965567,,
1782085278.3719244,train,28,5500,0.00014205377398468443,0.35382604598999023,0.2186794877052307,0.4004519581794739,0.06971613317728043,0.0017550971824675798,0.005330088548362255,,
1782085287.8300705,train,28,5550,0.0001420446836836282,0.47652551531791687,0.35542333126068115,0.36057621240615845,0.06172969937324524,0.0009330970933660865,0.00593230314552784,,
1782085297.2072477,train,28,5600,0.0001420355929605167,0.17396485805511475,0.09112833440303802,0.1932535469532013,0.06885132938623428,0.000974723428953439,0.004730852786451578,,
1782085306.6988266,train,28,5650,0.00014202650181544097,0.20609527826309204,0.11643290519714355,0.2246900349855423,0.06671016663312912,0.0013478522887453437,0.008341639302670956,,
1782085316.1430197,train,28,5700,0.0001420174102484923,0.21815431118011475,0.12592703104019165,0.23655802011489868,0.06596087664365768,0.001073280698619783,0.006642084568738937,,
1782085325.5904865,train,28,5750,0.00014200831825976194,0.266203910112381,0.1574287861585617,0.2990923225879669,0.06756964325904846,0.002172371605411172,0.008829294703900814,,
1782085335.0425403,train,28,5800,0.00014199922584934115,0.1953039914369583,0.10712084174156189,0.2138923555612564,0.06923551112413406,0.0009231256553903222,0.006161537952721119,,
1782085344.3981097,train,28,5850,0.00014199013301732116,0.27999287843704224,0.19565731287002563,0.20232099294662476,0.0672660693526268,0.0012228585546836257,0.005127782933413982,,
1782085353.804662,train,28,5900,0.0001419810397637933,0.44294169545173645,0.33333149552345276,0.32105761766433716,0.0584828220307827,0.001043623429723084,0.007255504839122295,,
1782085363.2401016,train,28,5950,0.00014197194608884893,0.2969500720500946,0.19886371493339539,0.24608391523361206,0.07285730540752411,0.0013674102956429124,0.006920066196471453,,
1782085372.6867204,train,28,6000,0.00014196285199257914,0.3343137502670288,0.2171851098537445,0.3354906439781189,0.066175177693367,0.001683993497863412,0.007212720811367035,,
1782085382.1173642,train,28,6050,0.00014195375747507542,0.15652059018611908,0.08297223597764969,0.15082035958766937,0.07149491459131241,0.0009581436170265079,0.006405653432011604,,
1782085391.4528797,train,28,6100,0.000141944662536429,0.2468409538269043,0.1576986312866211,0.22366926074028015,0.06621722131967545,0.0011639645090326667,0.008791728876531124,,
1782085400.883046,train,28,6150,0.0001419355671767311,0.41136354207992554,0.3063773512840271,0.28447800874710083,0.06755692511796951,0.0008824904798530042,0.006443006452172995,,
1782085410.2665057,train,28,6200,0.00014192647139607312,0.30737605690956116,0.22386442124843597,0.19343186914920807,0.07013826072216034,0.0008450743625871837,0.0057365307584404945,,
1782085419.6795876,train,28,6250,0.0001419173751945464,0.3022221624851227,0.2027452439069748,0.28057652711868286,0.058420002460479736,0.0012277222704142332,0.006388124544173479,,
1782085429.1358385,train,28,6300,0.00014190827857224207,0.2640770971775055,0.1690702885389328,0.2502337396144867,0.06467506289482117,0.001108211581595242,0.007372010964900255,,
1782085438.5923274,train,28,6350,0.0001418991815292515,0.28049367666244507,0.17413821816444397,0.2983763515949249,0.06331925839185715,0.0010173218324780464,0.005753156263381243,,
1782085447.9840555,train,28,6400,0.00014189008406566617,0.23719234764575958,0.14469748735427856,0.246353879570961,0.06150789558887482,0.0015245955437421799,0.009907898493111134,,
1782085457.4043436,train,28,6450,0.0001418809861815773,0.26549074053764343,0.17440485954284668,0.24717067182064056,0.05834075063467026,0.0012285377597436309,0.007372131105512381,,
1782085466.7906766,train,28,6500,0.0001418718878770763,0.3681778609752655,0.25582337379455566,0.320337176322937,0.06426401436328888,0.0013819598825648427,0.006166224367916584,,
1782085476.191757,train,28,6550,0.00014186278915225407,0.35189852118492126,0.24366949498653412,0.30707409977912903,0.06273231655359268,0.0009431563667021692,0.006582721136510372,,
1782085485.6457508,train,28,6600,0.00014185369000720252,0.2967386543750763,0.1987403929233551,0.271745890378952,0.05991148576140404,0.0010602731490507722,0.006237884052097797,,
1782085495.0578394,train,28,6650,0.00014184459044201274,0.3108590841293335,0.20583873987197876,0.2926686704158783,0.06346084922552109,0.001227423083037138,0.009701958857476711,,
1782085504.4895613,train,28,6700,0.00014183549045677606,0.3013131618499756,0.19139128923416138,0.3147125840187073,0.062228672206401825,0.0012941549066454172,0.006349670700728893,,
1782085513.9660127,train,28,6750,0.00014182639005158398,0.2801745533943176,0.18777233362197876,0.22947673499584198,0.06984284520149231,0.0011161775328218937,0.00790619757026434,,
1782085523.3449464,train,28,6800,0.0001418172892265276,0.21663391590118408,0.12377245724201202,0.24803125858306885,0.06147179752588272,0.0011774785816669464,0.00666728476062417,,
1782085532.823786,train,28,6850,0.00014180818798169837,0.2124016135931015,0.11574634909629822,0.2523508071899414,0.06677258759737015,0.001812683418393135,0.010412952862679958,,
1782085542.2213688,train,28,6900,0.0001417990863171877,0.2214905023574829,0.11879828572273254,0.27548786997795105,0.06730858236551285,0.0016594703774899244,0.006671768147498369,,
1782085551.6167743,train,28,6950,0.000141789984233087,0.30303096771240234,0.2075413018465042,0.25122496485710144,0.06510865688323975,0.0012911164667457342,0.007874521426856518,,
1782085561.031411,train,28,7000,0.00014178088172948764,0.3584531247615814,0.25851523876190186,0.282035768032074,0.05866047367453575,0.0009870699141174555,0.0054862769320607185,,
1782085570.3859184,train,28,7050,0.0001417717788064808,0.1966538429260254,0.11534447222948074,0.1769251674413681,0.07375594973564148,0.0020010536536574364,0.00986485369503498,,
1782085579.825802,train,28,7100,0.0001417626754641582,0.24438638985157013,0.16980698704719543,0.17464898526668549,0.0616055466234684,0.0011438040528446436,0.005454716272652149,,
1782085589.2780058,train,28,7150,0.00014175357170261084,0.2199995070695877,0.12437555938959122,0.24791748821735382,0.06709430366754532,0.0009741829708218575,0.004679550416767597,,
1782085598.69202,train,28,7200,0.00014174446752193023,0.3497749865055084,0.2219523787498474,0.3849519193172455,0.06282640248537064,0.0017140820855274796,0.006528899539262056,,
1782085608.0746524,train,28,7250,0.0001417353629222078,0.3580629229545593,0.2626335620880127,0.26448214054107666,0.058298807591199875,0.0015940949087962508,0.006863245740532875,,
1782085617.413562,train,28,7300,0.00014172625790353496,0.1707954704761505,0.0825728327035904,0.2124793529510498,0.0698876604437828,0.001589687424711883,0.007487769238650799,,
1782085626.8363833,train,28,7350,0.00014171715246600312,0.2709207534790039,0.15570500493049622,0.32268014550209045,0.06879930943250656,0.001460495637729764,0.006003200076520443,,
1782085636.2742693,train,28,7400,0.00014170804660970366,0.411297082901001,0.2680808901786804,0.42749306559562683,0.07235417515039444,0.001658123335801065,0.00791643001139164,,
1782085645.6538315,train,28,7450,0.00014169894033472786,0.19708892703056335,0.10302390903234482,0.2393544465303421,0.06824236363172531,0.0010522444499656558,0.0053994073532521725,,
1782085655.0985308,train,28,7500,0.00014168983364116743,0.21397386491298676,0.11938357353210449,0.24932147562503815,0.06421111524105072,0.0015435612294822931,0.00846179760992527,,
1782085664.446256,train,28,7550,0.00014168072652911366,0.27228519320487976,0.17220307886600494,0.258890837430954,0.07052445411682129,0.0009717660723254085,0.0065994178876280785,,
1782085673.864274,train,28,7600,0.00014167161899865778,0.1310080587863922,0.06027180701494217,0.14817626774311066,0.06714102625846863,0.001216674456372857,0.007576920557767153,,
1782085683.2901304,train,28,7650,0.0001416625110498913,0.3912825882434845,0.28063297271728516,0.30444619059562683,0.06886188685894012,0.0010711074573919177,0.005867396015673876,,
1782085692.73021,train,28,7700,0.00014165340268290587,0.2058952897787094,0.11926543712615967,0.21308907866477966,0.06648485362529755,0.0011514491634443402,0.0055639236234128475,,
1782085702.120362,train,28,7750,0.00014164429389779273,0.29999932646751404,0.20024250447750092,0.2716054320335388,0.06345172226428986,0.0012959808809682727,0.00716011505573988,,
1782085711.5249646,train,28,7800,0.0001416351846946432,0.25325897336006165,0.1761210858821869,0.16958704590797424,0.06930229812860489,0.0008998409612104297,0.005735906772315502,,
1782085720.93648,train,28,7850,0.00014162607507354894,0.3885369300842285,0.2656437158584595,0.3569487929344177,0.06705489009618759,0.001285614911466837,0.005972249433398247,,
1782085730.3541946,train,28,7900,0.00014161696503460142,0.2581649720668793,0.15037685632705688,0.2835793197154999,0.07352185249328613,0.0013236451195552945,0.006242774426937103,,
1782085739.8067424,train,28,7950,0.00014160785457789204,0.19039705395698547,0.10120291262865067,0.2230498343706131,0.06656002253293991,0.0015166677767410874,0.00801923032850027,,
1782085749.1709855,train,28,8000,0.00014159874370351223,0.33368250727653503,0.2207396924495697,0.32197198271751404,0.06466460973024368,0.0011751680867746472,0.007364844437688589,,
1782085758.6777594,train,28,8050,0.00014158963241155326,0.17120642960071564,0.09197188913822174,0.19242361187934875,0.06203098222613335,0.0011314817238599062,0.004527273587882519,,
1782085768.133093,train,28,8100,0.0001415805207021068,0.1326758861541748,0.051467493176460266,0.1908835768699646,0.06666851043701172,0.0015324443811550736,0.008398239500820637,,
1782085777.54827,train,28,8150,0.00014157140857526428,0.24607683718204498,0.1582050919532776,0.23190027475357056,0.05963786691427231,0.0007774217519909143,0.006458803080022335,,
1782085786.9626915,train,28,8200,0.00014156229603111712,0.388516366481781,0.26063674688339233,0.37831035256385803,0.0663156658411026,0.0014422599924728274,0.0065296366810798645,,
1782085796.3302493,train,28,8250,0.00014155318306975688,0.17194582521915436,0.09177516400814056,0.19093529880046844,0.06466886401176453,0.0010239704279229045,0.006334003526717424,,
1782085805.7880933,train,28,8300,0.00014154406969127512,0.25153931975364685,0.14775508642196655,0.28303468227386475,0.06582257896661758,0.001142636639997363,0.006999399978667498,,
1782085815.2761085,train,28,8350,0.00014153495589576306,0.28014975786209106,0.1783776432275772,0.264225572347641,0.07123861461877823,0.0009641471551731229,0.0059384857304394245,,
1782085824.6681504,train,28,8400,0.0001415258416833124,0.28918713331222534,0.17863856256008148,0.29703399538993835,0.07225389778614044,0.0016313281375914812,0.007467344403266907,,
1782085834.091135,train,28,8450,0.00014151672705401452,0.3458753228187561,0.22913193702697754,0.32648134231567383,0.06988406181335449,0.0018103205366060138,0.007933023385703564,,
1782085843.497931,train,28,8500,0.00014150761200796094,0.15724089741706848,0.06349582225084305,0.2355823963880539,0.06935793161392212,0.0017051576869562268,0.005498519632965326,,
1782085852.9772034,train,28,8550,0.0001414984965452431,0.36231759190559387,0.23398594558238983,0.3800625205039978,0.06636614352464676,0.0013295578537508845,0.005924831610172987,,
1782085862.3735752,train,28,8600,0.0001414893806659526,0.18777906894683838,0.11038590967655182,0.18157371878623962,0.06378700584173203,0.001062367227859795,0.009354091249406338,,
1782085871.7906592,train,28,8650,0.00014148026437018097,0.2839866280555725,0.1923993080854416,0.24192117154598236,0.06199079379439354,0.0011163376038894057,0.007165221963077784,,
1782085881.187916,train,28,8700,0.00014147114765801968,0.20450301468372345,0.1121954470872879,0.23515988886356354,0.06681231409311295,0.0011143891606479883,0.005791602656245232,,
1782085890.6615455,train,28,8750,0.00014146203052956016,0.310875803232193,0.2092200070619583,0.29549580812454224,0.05537566915154457,0.0009399312548339367,0.004097285680472851,,
1782085900.0866554,train,28,8800,0.00014145291298489396,0.2016000896692276,0.11261868476867676,0.20770832896232605,0.07387863844633102,0.0011498891981318593,0.006119568832218647,,
1782085909.5419407,train,28,8850,0.00014144379502411278,0.20159874856472015,0.10740922391414642,0.21793420612812042,0.07901656627655029,0.0019770110957324505,0.007766086608171463,,
1782085918.9006612,train,28,8900,0.00014143467664730792,0.18003877997398376,0.09469238668680191,0.20573720335960388,0.06759175658226013,0.0011620672885328531,0.007021438330411911,,
1782085928.3184123,train,28,8950,0.00014142555785457106,0.26526564359664917,0.16981837153434753,0.2545883357524872,0.06328623741865158,0.0015706721460446715,0.00930235255509615,,
1782085937.666079,train,28,9000,0.00014141643864599364,0.3072139024734497,0.2015530914068222,0.283365935087204,0.06937962025403976,0.001295110210776329,0.006638760212808847,,
1782085947.0349722,train,28,9050,0.00014140731902166718,0.20434951782226562,0.12599052488803864,0.19185513257980347,0.06056956946849823,0.0011041492689400911,0.007097004447132349,,
1782085956.4586346,train,28,9100,0.0001413981989816833,0.15276628732681274,0.06857208162546158,0.19197092950344086,0.07209035009145737,0.0015629323897883296,0.006610361393541098,,
1782085965.9281256,train,28,9150,0.0001413890785261336,0.19988374412059784,0.10454530268907547,0.24066132307052612,0.07011061161756516,0.0011780045460909605,0.009069367311894894,,
1782085975.3274796,train,28,9200,0.0001413799576551096,0.2718811333179474,0.16593456268310547,0.28454992175102234,0.06927847117185593,0.0016983348177745938,0.007936140522360802,,
1782085984.778464,train,28,9250,0.00014137083636870282,0.274971604347229,0.17303714156150818,0.2808799147605896,0.06310191750526428,0.0016353370156139135,0.005992507562041283,,
1782085994.1272304,train,28,9300,0.00014136171466700483,0.27157142758369446,0.18547193706035614,0.20649419724941254,0.06869758665561676,0.0012712579919025302,0.006502846721559763,,
1782086003.4574177,train,28,9350,0.00014135259255010726,0.1838054656982422,0.08945215493440628,0.230817511677742,0.07289864122867584,0.0019961015786975622,0.006897937040776014,,
1782086012.8392243,train,28,9400,0.00014134347001810166,0.23336075246334076,0.14649535715579987,0.21820791065692902,0.0644112080335617,0.0010780461598187685,0.004936929326504469,,
1782086022.2108393,train,28,9450,0.00014133434707107935,0.2997362017631531,0.1885375827550888,0.3154023587703705,0.06443952769041061,0.0012827872997149825,0.007459934800863266,,
1782086031.612366,train,28,9500,0.0001413252237091322,0.22531244158744812,0.12153152376413345,0.2682461738586426,0.07316135615110397,0.001387057825922966,0.006428090389817953,,
1782086041.061323,train,28,9550,0.0001413160999323519,0.1681780070066452,0.0805564895272255,0.21395155787467957,0.06804728507995605,0.0010998669313266873,0.005381933879107237,,
1782086050.4863808,train,28,9600,0.0001413069757408297,0.2709762156009674,0.1811457723379135,0.22492530941963196,0.06692110002040863,0.001385458861477673,0.004916070029139519,,
1782086059.8355753,train,28,9650,0.00014129785113465727,0.3309215307235718,0.21943879127502441,0.2955266535282135,0.07491075992584229,0.0014569568447768688,0.010201828554272652,,
1782086069.2503126,train,28,9700,0.0001412887261139264,0.2691240608692169,0.1730598658323288,0.24142460525035858,0.07112393528223038,0.0014605890028178692,0.006098241079598665,,
1782086078.6581523,train,28,9750,0.00014127960067872845,0.2513233721256256,0.16428063809871674,0.22068780660629272,0.0634993463754654,0.0012112287804484367,0.008339203894138336,,
1782086088.0654762,train,28,9800,0.0001412704748291552,0.21255940198898315,0.1237974613904953,0.22224172949790955,0.06612712144851685,0.001379579771310091,0.006367080844938755,,
1782086097.456271,train,28,9850,0.00014126134856529826,0.2793312668800354,0.18947429955005646,0.2253868579864502,0.06676507741212845,0.0012769141467288136,0.006695980206131935,,
1782086106.8481328,train,28,9900,0.00014125222188724918,0.21872125566005707,0.12473637610673904,0.24111340939998627,0.06716911494731903,0.0012196531752124429,0.005752371624112129,,
1782086116.2145846,train,28,9950,0.00014124309479509957,0.2598547041416168,0.16874559223651886,0.24152302742004395,0.06121445819735527,0.0012110795360058546,0.009948338381946087,,
1782086125.5423949,train,28,10000,0.000141233967288941,0.29829633235931396,0.21653079986572266,0.1990680992603302,0.06381093710660934,0.000930461217649281,0.007379062008112669,,
1782086134.902408,train,28,10050,0.00014122483936886517,0.24384889006614685,0.14672186970710754,0.2615284323692322,0.0632186159491539,0.001356022898107767,0.006405059713870287,,
1782086144.3189,train,28,10100,0.00014121571103496383,0.3632016181945801,0.24907304346561432,0.3306713402271271,0.06264665722846985,0.0013738523703068495,0.009205647744238377,,
1782086153.713249,train,28,10150,0.00014120658228732838,0.4047420620918274,0.2970488965511322,0.3074386417865753,0.06144275516271591,0.0011213378747925162,0.0063233207911252975,,
1782086163.0686514,train,28,10200,0.00014119745312605054,0.17552268505096436,0.09182233363389969,0.19554293155670166,0.06927134841680527,0.0017895264318212867,0.009910181164741516,,
1782086172.4867933,train,28,10250,0.00014118832355122194,0.33490824699401855,0.22995536029338837,0.28632235527038574,0.06654337793588638,0.0010058463085442781,0.006259328220039606,,
1782086181.8600614,train,28,10300,0.00014117919356293427,0.41156336665153503,0.2836783230304718,0.38853392004966736,0.061291005462408066,0.0010605421848595142,0.006700258702039719,,
1782086191.326386,train,28,10350,0.00014117006316127914,0.4676348567008972,0.33137744665145874,0.3992175757884979,0.07264914363622665,0.0012843869626522064,0.006110150832682848,,
1782086200.7407854,train,28,10400,0.00014116093234634814,0.19586823880672455,0.11115120351314545,0.20808805525302887,0.06514053791761398,0.0012475915718823671,0.006472064182162285,,
1782086210.1648536,train,28,10450,0.00014115180111823314,0.27226388454437256,0.17567645013332367,0.26051172614097595,0.06269576400518417,0.0011163917370140553,0.006878863088786602,,
1782086219.6055534,train,28,10500,0.00014114266947702563,0.16438303887844086,0.08493369817733765,0.1789725422859192,0.06919324398040771,0.0010958635248243809,0.005431725177913904,,
1782086228.9376292,train,28,10550,0.00014113353742281723,0.1816101223230362,0.10278628021478653,0.1767735630273819,0.06903567910194397,0.0011260842438787222,0.006415316369384527,,
1782086238.4182813,train,28,10600,0.00014112440495569974,0.2838979661464691,0.1840132176876068,0.26808491349220276,0.06548846513032913,0.001193007337860763,0.005786217283457518,,
1782086247.8223653,train,28,10650,0.00014111527207576473,0.24963735044002533,0.15627174079418182,0.24292723834514618,0.06501945108175278,0.0012407377362251282,0.008445613086223602,,
1782086257.2348616,train,28,10700,0.000141106138783104,0.33784136176109314,0.21303033828735352,0.352248877286911,0.07318109273910522,0.001582438824698329,0.006533945444971323,,
1782086266.665025,train,28,10750,0.0001410970050778091,0.2719529867172241,0.18062087893486023,0.24978499114513397,0.057550251483917236,0.0011075050570070744,0.00596578186377883,,
1782086276.1425798,train,28,10800,0.00014108787095997187,0.22296160459518433,0.14158329367637634,0.19307470321655273,0.06599225103855133,0.0011351052671670914,0.004725197795778513,,
1782086285.61095,train,28,10850,0.00014107873642968388,0.4221452474594116,0.31506139039993286,0.29165270924568176,0.06804786622524261,0.0014673523837700486,0.0073053594678640366,,
1782086295.0951405,train,28,10900,0.00014106960148703681,0.2575872540473938,0.14601333439350128,0.30476248264312744,0.07048644870519638,0.001400721026584506,0.005349375307559967,,
1782086304.4519892,train,28,10950,0.00014106046613212247,0.2936001121997833,0.18758229911327362,0.3037797510623932,0.059900738298892975,0.0012248987331986427,0.005937137641012669,,
1782086313.8344579,train,28,11000,0.00014105133036503248,0.23024745285511017,0.13995978236198425,0.2173088937997818,0.07163931429386139,0.00140796706546098,0.00867515429854393,,
1782086323.2716093,train,28,11050,0.0001410421941858586,0.3116833567619324,0.2066301554441452,0.29980480670928955,0.05989886820316315,0.0015257383929565549,0.006846677511930466,,
1782086332.74563,train,28,11100,0.00014103305759469243,0.2425059676170349,0.16959750652313232,0.15809257328510284,0.0665946751832962,0.00087970175081864,0.007467837072908878,,
1782086342.1582763,train,28,11150,0.00014102392059162593,0.2289152592420578,0.10127697885036469,0.3635794222354889,0.07313680648803711,0.0017501136753708124,0.007973914034664631,,
1782086351.548624,train,28,11200,0.00014101478317675063,0.24733930826187134,0.15914663672447205,0.2183932512998581,0.06692565977573395,0.0013151266612112522,0.005494904704391956,,
1782086360.998268,train,28,11250,0.00014100564535015825,0.3001866340637207,0.20412041246891022,0.2532409727573395,0.0652671530842781,0.001223833067342639,0.009087709710001945,,
1782086370.4967928,train,28,11300,0.0001409965071119405,0.27004602551460266,0.17592987418174744,0.2536068260669708,0.06116388738155365,0.0013251234777271748,0.005162023473531008,,
1782086379.9071083,train,28,11350,0.0001409873684621891,0.2868739664554596,0.17742736637592316,0.29325369000434875,0.07185517251491547,0.00205588829703629,0.006765778176486492,,
1782086389.3535156,train,28,11400,0.00014097822940099602,0.2604174017906189,0.16617722809314728,0.2342718094587326,0.07104513794183731,0.0014962985878810287,0.009038122370839119,,
1782086398.8389955,train,28,11450,0.0001409690899284527,0.2909373641014099,0.19379737973213196,0.2548184096813202,0.06647738069295883,0.001967053394764662,0.005457465071231127,,
1782086408.3274179,train,28,11500,0.00014095995004465104,0.27077406644821167,0.1763628125190735,0.23099038004875183,0.07310028374195099,0.0011352802393957973,0.005795803386718035,,
1782086417.711592,train,28,11550,0.00014095080974968263,0.1840295046567917,0.10576056689023972,0.16136352717876434,0.07563906162977219,0.0010852967388927937,0.00530074629932642,,
1782086427.180456,train,28,11600,0.0001409416690436394,0.1578342616558075,0.07616344094276428,0.19578193128108978,0.06521783769130707,0.0011640761513262987,0.007722783833742142,,
1782086436.6425693,train,28,11650,0.00014093252792661323,0.31633061170578003,0.22143150866031647,0.2636638879776001,0.05775905027985573,0.0010358107974752784,0.009621133096516132,,
1782086446.0735857,train,28,11700,0.00014092338639869558,0.27710971236228943,0.17592264711856842,0.27443960309028625,0.06486130505800247,0.0014651169767603278,0.0057251169346272945,,
1782086455.440601,train,28,11750,0.00014091424445997848,0.16957829892635345,0.07551897317171097,0.2409953624010086,0.06736457347869873,0.0012819808907806873,0.0046761962585151196,,
1782086464.80731,train,28,11800,0.00014090510211055345,0.2045850306749344,0.11607523262500763,0.21010816097259521,0.0717129036784172,0.0012629529228433967,0.008374837227165699,,
1782086474.2900274,train,28,11850,0.00014089595935051235,0.3664412796497345,0.26749399304389954,0.2629844844341278,0.06612645834684372,0.0013791545061394572,0.009275849908590317,,
1782086483.7298636,train,28,11900,0.000140886816179947,0.20422743260860443,0.11253661662340164,0.21740104258060455,0.07436052709817886,0.001602851552888751,0.006556015927344561,,
1782086493.1254036,train,28,11950,0.00014087767259894922,0.28096556663513184,0.19565866887569427,0.1932859867811203,0.07371029257774353,0.0013024730142205954,0.007206993643194437,,
1782086502.587328,train,28,12000,0.0001408685286076106,0.2707900404930115,0.1717710793018341,0.26716670393943787,0.06421250104904175,0.0012104117777198553,0.006838634144514799,,
1782086512.0272887,train,28,12050,0.00014085938420602318,0.22608083486557007,0.14867877960205078,0.18610329926013947,0.06159326806664467,0.0007960796356201172,0.005577828735113144,,
1782086521.4144297,train,28,12100,0.00014085023939427874,0.26483631134033203,0.16125541925430298,0.2836441397666931,0.06509445607662201,0.0012262493837624788,0.012072764337062836,,
1782086530.7472155,train,28,12150,0.00014084109417246895,0.3237438201904297,0.22998309135437012,0.2455584853887558,0.06457869708538055,0.000817581603769213,0.005413140170276165,,
1782086540.1341727,train,28,12200,0.00014083194854068562,0.2698458135128021,0.1726738065481186,0.2582252025604248,0.06503665447235107,0.0009737138170748949,0.006466257851570845,,
1782086549.5328257,train,28,12250,0.00014082280249902058,0.22296786308288574,0.1453007161617279,0.1806916892528534,0.06473872810602188,0.0012485922779887915,0.006834949366748333,,
1782086558.9465237,train,28,12300,0.00014081365604756563,0.34385189414024353,0.21227996051311493,0.3823266625404358,0.07172435522079468,0.0012809049803763628,0.005312408786267042,,
1782086568.383182,train,28,12350,0.00014080450918641264,0.25728318095207214,0.1558646261692047,0.2746947109699249,0.06518162041902542,0.0015407672617584467,0.011832788586616516,,
1782086577.7208683,train,28,12400,0.00014079536191565325,0.14514420926570892,0.068600133061409,0.16850559413433075,0.06858888268470764,0.001232252805493772,0.007885296829044819,,
1782086587.1939542,train,28,12450,0.00014078621423537936,0.3786289095878601,0.26234808564186096,0.33071908354759216,0.06696034967899323,0.0012089133961126208,0.006852686405181885,,
1782086596.5465848,train,28,12500,0.00014077706614568281,0.21251541376113892,0.12684185802936554,0.20241287350654602,0.06991297006607056,0.0011384374229237437,0.007600987330079079,,
1782086605.9060245,train,28,12550,0.00014076791764665571,0.40271466970443726,0.2627694010734558,0.43499961495399475,0.06211782246828079,0.0013646461302414536,0.008169354870915413,,
1782086615.342249,train,28,12600,0.0001407587687383896,0.3787752091884613,0.25730594992637634,0.3438071310520172,0.07072213292121887,0.001564393867738545,0.006660738028585911,,
1782086624.6095457,train,28,12650,0.00014074961942097642,0.3712465167045593,0.25867700576782227,0.3200314939022064,0.06489080935716629,0.00116214610170573,0.006557835265994072,,
1782086634.0178244,train,28,12700,0.0001407404696945079,0.2698712944984436,0.16418898105621338,0.29176971316337585,0.06523818522691727,0.0012078211875632405,0.005959311034530401,,
1782086643.4417632,train,28,12750,0.00014073131955907606,0.21619930863380432,0.1284487247467041,0.20195358991622925,0.07423323392868042,0.0014557299437001348,0.007451948709785938,,
1782086652.8518314,train,28,12800,0.0001407221690147725,0.17261740565299988,0.1006026640534401,0.1502256542444229,0.06869275867938995,0.001119433087296784,0.0050759026780724525,,
1782086662.2990701,train,28,12850,0.00014071301806168926,0.3207506537437439,0.2264256328344345,0.2436373233795166,0.06652276962995529,0.001542943762615323,0.006330229341983795,,
1782086671.7506528,train,28,12900,0.00014070386669991818,0.3604472875595093,0.25302836298942566,0.28537890315055847,0.07191801071166992,0.0011518505634739995,0.00854769628494978,,
1782086681.178954,train,28,12950,0.00014069471492955104,0.2951159179210663,0.20313125848770142,0.24178797006607056,0.06285475939512253,0.0011028528679162264,0.007111808285117149,,
1782086690.5864747,train,28,13000,0.00014068556275067992,0.3228321373462677,0.2121008187532425,0.30013659596443176,0.07113466411828995,0.00129826576448977,0.008299998007714748,,
1782086700.0137572,train,28,13050,0.00014067641016339642,0.32868361473083496,0.22396045923233032,0.2941950857639313,0.062195029109716415,0.0007689798367209733,0.004670561291277409,,
1782086828.6794837,val,28,,,0.3010550627988846,0.18820554557269306,0.3082295420887199,0.07130096181502749,0.0014165086258036972,0.006833166450914633,,
1782086839.3589926,train,29,50,0.00014066451118950263,0.2847563624382019,0.17388969659805298,0.30961477756500244,0.06664025038480759,0.0014283668715506792,0.007157044019550085,,
1782086848.8302965,train,29,100,0.00014065535766321965,0.2686294615268707,0.15527518093585968,0.3073422610759735,0.07269462198019028,0.001714161247946322,0.007589770946651697,,
1782086858.3254108,train,29,150,0.00014064620372882772,0.17866642773151398,0.09352190792560577,0.21535097062587738,0.06237088516354561,0.001213300391100347,0.007399896625429392,,
1782086868.0190654,train,29,200,0.00014063704938641864,0.22089745104312897,0.12730522453784943,0.24506327509880066,0.06443405896425247,0.001093922066502273,0.005000331439077854,,
1782086877.802069,train,29,250,0.00014062789463608426,0.3180440664291382,0.21113573014736176,0.27498191595077515,0.07600211352109909,0.0016178222140297294,0.007137082517147064,,
1782086887.4469569,train,29,300,0.00014061873947791652,0.2156612128019333,0.12849770486354828,0.2128412276506424,0.06752864271402359,0.0018888565246015787,0.008232408203184605,,
1782086897.0088623,train,29,350,0.00014060958391200727,0.12261912226676941,0.044495489448308945,0.1846957802772522,0.0637020692229271,0.0009864761959761381,0.006032461300492287,,
1782086906.575185,train,29,400,0.00014060042793844843,0.21762536466121674,0.1357545107603073,0.19345904886722565,0.06682395190000534,0.0009411880164407194,0.005357240792363882,,
1782086915.975538,train,29,450,0.00014059127155733204,0.42112278938293457,0.312519907951355,0.3064788281917572,0.06381647288799286,0.0007491278229281306,0.004409928806126118,,
1782086925.4694738,train,29,500,0.00014058211476874989,0.2295861691236496,0.14266690611839294,0.226301372051239,0.06046657636761665,0.0011063171550631523,0.005278361961245537,,
1782086934.9183993,train,29,550,0.00014057295757279406,0.33075064420700073,0.20643547177314758,0.3585640490055084,0.0691145732998848,0.001168848481029272,0.005543005187064409,,
1782086944.376199,train,29,600,0.00014056379996955608,0.2440193146467209,0.14617064595222473,0.26732683181762695,0.061743881553411484,0.001450159354135394,0.009453878737986088,,
1782086953.8414173,train,29,650,0.00014055464195912823,0.19546684622764587,0.11354123800992966,0.20453770458698273,0.06140606850385666,0.0008814753382466733,0.005797099322080612,,
1782086963.3283317,train,29,700,0.00014054548354160235,0.441601425409317,0.32827290892601013,0.32065075635910034,0.06610924005508423,0.0011123258154839277,0.008348725736141205,,
1782086972.7817802,train,29,750,0.0001405363247170703,0.19071178138256073,0.11932377517223358,0.15330760180950165,0.06592834740877151,0.0009693847969174385,0.00593396183103323,,
1782086982.3805647,train,29,800,0.0001405271654856242,0.22671028971672058,0.14942580461502075,0.16411848366260529,0.07231918722391129,0.0009527791407890618,0.006778387352824211,,
1782086991.8899734,train,29,850,0.0001405180058473558,0.21363990008831024,0.1286531388759613,0.21026510000228882,0.06450941413640976,0.0016576843336224556,0.006616542581468821,,
1782087001.372151,train,29,900,0.0001405088458023571,0.28865697979927063,0.1904626190662384,0.26869678497314453,0.061813075095415115,0.0011364705860614777,0.006975267548114061,,
1782087010.8899374,train,29,950,0.00014049968535072017,0.2100740522146225,0.1129397377371788,0.24445900321006775,0.07172183692455292,0.001586558879353106,0.00819956511259079,,
1782087020.3265872,train,29,1000,0.00014049052449253694,0.3524782061576843,0.23987290263175964,0.3058964014053345,0.07202711701393127,0.001176662975922227,0.008274631574749947,,
1782087029.776959,train,29,1050,0.00014048136322789912,0.12915368378162384,0.06746742874383926,0.12208995223045349,0.062087804079055786,0.0011986588360741735,0.006365823093801737,,
1782087039.2928379,train,29,1100,0.00014047220155689896,0.42310598492622375,0.29597926139831543,0.37677574157714844,0.06568184494972229,0.0009187483228743076,0.005695869214832783,,
1782087048.7606688,train,29,1150,0.00014046303947962835,0.16138972342014313,0.08124567568302155,0.19257009029388428,0.06376627087593079,0.0011839643120765686,0.005756128579378128,,
1782087058.200911,train,29,1200,0.00014045387699617934,0.18027307093143463,0.09497389942407608,0.22388319671154022,0.05840489640831947,0.001259347889572382,0.005669259466230869,,
1782087067.6910715,train,29,1250,0.00014044471410664373,0.40590721368789673,0.2820208668708801,0.37405478954315186,0.060550179332494736,0.0009757168008945882,0.005387387704104185,,
1782087077.1760578,train,29,1300,0.00014043555081111352,0.15924283862113953,0.06525076925754547,0.2324102520942688,0.07150022685527802,0.0013938534539192915,0.008034048601984978,,
1782087086.6127045,train,29,1350,0.00014042638710968074,0.25225910544395447,0.1491367071866989,0.2899882197380066,0.06103743240237236,0.0010661929845809937,0.005839222110807896,,
1782087096.0662835,train,29,1400,0.00014041722300243737,0.29408490657806396,0.1929071992635727,0.26841941475868225,0.06791476160287857,0.0011545647867023945,0.007370276842266321,,
1782087105.4581122,train,29,1450,0.00014040805848947554,0.26266586780548096,0.18156062066555023,0.19858965277671814,0.06274466961622238,0.0008550878847017884,0.0072356583550572395,,
1782087114.885791,train,29,1500,0.000140398893570887,0.16561849415302277,0.08221814781427383,0.18497316539287567,0.07414908707141876,0.0008250435348600149,0.005482451058924198,,
1782087124.3496628,train,29,1550,0.0001403897282467639,0.23268094658851624,0.13511693477630615,0.2476574182510376,0.07105986773967743,0.0011970974737778306,0.005769950337707996,,
1782087133.7663217,train,29,1600,0.00014038056251719817,0.1924465447664261,0.10518567264080048,0.22166042029857635,0.06339482218027115,0.001483632018789649,0.010370127856731415,,
1782087143.1883721,train,29,1650,0.00014037139638228184,0.24060632288455963,0.13674379885196686,0.28143200278282166,0.06673696637153625,0.0013604348059743643,0.006393465679138899,,
1782087152.5384421,train,29,1700,0.00014036222984210704,0.23388265073299408,0.11650556325912476,0.328940212726593,0.06991464644670486,0.0018472210504114628,0.008863039314746857,,
1782087161.8976903,train,29,1750,0.00014035306289676564,0.395114541053772,0.25949665904045105,0.3962463140487671,0.07282724976539612,0.001426983973942697,0.007713177241384983,,
1782087171.382949,train,29,1800,0.00014034389554634972,0.18149997293949127,0.10331858694553375,0.17535147070884705,0.06842493265867233,0.0013105944963172078,0.007262087427079678,,
1782087180.7906172,train,29,1850,0.00014033472779095122,0.3469105362892151,0.2445882260799408,0.2621406614780426,0.0733114555478096,0.0013143456308171153,0.011188678443431854,,
1782087190.195258,train,29,1900,0.00014032555963066232,0.27550819516181946,0.18109914660453796,0.2219572812318802,0.07762348651885986,0.001079800073057413,0.00810288731008768,,
1782087199.5963166,train,29,1950,0.000140316391065575,0.23610129952430725,0.1273137480020523,0.3028196394443512,0.06597191095352173,0.0009667827398516238,0.0067882053554058075,,
1782087209.0668347,train,29,2000,0.0001403072220957813,0.2027812898159027,0.10389693826436996,0.2515549659729004,0.07175298780202866,0.0011910467874258757,0.008257398381829262,,
1782087218.4739358,train,29,2050,0.00014029805272137316,0.22937500476837158,0.12662610411643982,0.26755979657173157,0.07144754379987717,0.0013517913175746799,0.0075433701276779175,,
1782087227.8397143,train,29,2100,0.0001402888829424427,0.3454352617263794,0.20905402302742004,0.3947635591030121,0.07509277760982513,0.0014393354067578912,0.005885843653231859,,
1782087237.2813892,train,29,2150,0.0001402797127590819,0.17247846722602844,0.1008448600769043,0.1577109545469284,0.06425447762012482,0.0007861540652811527,0.006077650003135204,,
1782087246.6831572,train,29,2200,0.000140270542171383,0.26239895820617676,0.17942123115062714,0.1981063187122345,0.06662185490131378,0.001402099966071546,0.007695419248193502,,
1782087256.088017,train,29,2250,0.00014026137117943783,0.21894462406635284,0.1311902403831482,0.20780394971370697,0.07137051969766617,0.0011813148157671094,0.009086300618946552,,
1782087265.4552732,train,29,2300,0.0001402521997833386,0.27423471212387085,0.18456272780895233,0.21659496426582336,0.07079628854990005,0.0012508187210187316,0.0054353768937289715,,
1782087274.9056969,train,29,2350,0.00014024302798317743,0.23580814898014069,0.14283700287342072,0.2260637730360031,0.07263471931219101,0.0013784081675112247,0.008044454269111156,,
1782087284.3246243,train,29,2400,0.00014023385577904615,0.24205225706100464,0.1447731852531433,0.25303271412849426,0.06776242703199387,0.0013969008577987552,0.005021590739488602,,
1782087293.7018607,train,29,2450,0.00014022468317103699,0.1781347543001175,0.0903434306383133,0.20849527418613434,0.07102975249290466,0.0015263427048921585,0.007358558941632509,,
1782087303.0772417,train,29,2500,0.0001402155101592421,0.24926453828811646,0.16773222386837006,0.19642654061317444,0.06459259986877441,0.0012936999555677176,0.006123095750808716,,
1782087312.4177058,train,29,2550,0.0001402063367437534,0.34394413232803345,0.23897376656532288,0.2751217782497406,0.07210786640644073,0.0013598109362646937,0.008438550867140293,,
1782087321.8668528,train,29,2600,0.000140197162924663,0.13899803161621094,0.061828915029764175,0.1827038675546646,0.06271405518054962,0.001361278584226966,0.010246233083307743,,
1782087331.2348492,train,29,2650,0.00014018798870206307,0.2668432593345642,0.18219250440597534,0.21344560384750366,0.06241234391927719,0.0008318652980960906,0.004620193038135767,,
1782087340.6786132,train,29,2700,0.00014017881407604561,0.24081721901893616,0.15089362859725952,0.20948567986488342,0.07489222288131714,0.0010607329895719886,0.005983876995742321,,
1782087350.0971498,train,29,2750,0.00014016963904670294,0.23397605121135712,0.14690080285072327,0.22232991456985474,0.06269734352827072,0.0014408726710826159,0.006246890872716904,,
1782087359.4588864,train,29,2800,0.00014016046361412684,0.20924748480319977,0.13102105259895325,0.19869592785835266,0.056931424885988235,0.0008673520642332733,0.005163250491023064,,
1782087368.8723607,train,29,2850,0.00014015128777840956,0.288046270608902,0.1828916370868683,0.2785513699054718,0.07079903781414032,0.0011726993834599853,0.006874042563140392,,
1782087378.363522,train,29,2900,0.0001401421115396433,0.20529307425022125,0.1326148360967636,0.1619083434343338,0.06418560445308685,0.0010834631975740194,0.008212162181735039,,
1782087387.7841675,train,29,2950,0.00014013293489792002,0.17841632664203644,0.10538738965988159,0.1630842685699463,0.06438305228948593,0.0006634233868680894,0.005689216777682304,,
1782087397.2010505,train,29,3000,0.00014012375785333196,0.470314085483551,0.3492472767829895,0.35183170437812805,0.06597144901752472,0.001231701229698956,0.008062345907092094,,
1782087406.6793134,train,29,3050,0.00014011458040597105,0.22168880701065063,0.10145549476146698,0.3366679549217224,0.0717962309718132,0.0016820937162265182,0.010378479957580566,,
1782087416.0857973,train,29,3100,0.00014010540255592977,0.209843248128891,0.1134997084736824,0.24409818649291992,0.07038680464029312,0.001256059855222702,0.0064623127691447735,,
1782087425.5031638,train,29,3150,0.0001400962243032999,0.13166457414627075,0.061465129256248474,0.1552526354789734,0.0625927671790123,0.0008990166825242341,0.0066298991441726685,,
1782087434.9049172,train,29,3200,0.0001400870456481738,0.3082970976829529,0.2041500359773636,0.28243184089660645,0.0668657198548317,0.0010625245049595833,0.007819407619535923,,
1782087444.383179,train,29,3250,0.00014007786659064344,0.29805704951286316,0.193373441696167,0.2861294448375702,0.0660800039768219,0.0011125218588858843,0.006380979437381029,,
1782087453.787498,train,29,3300,0.00014006868713080102,0.27971991896629333,0.19201438128948212,0.2223009467124939,0.064041368663311,0.0010962622473016381,0.006447772029787302,,
1782087463.176482,train,29,3350,0.00014005950726873878,0.22950021922588348,0.11965056508779526,0.2954631745815277,0.07170598953962326,0.0013085755053907633,0.008061155676841736,,
1782087472.6434145,train,29,3400,0.0001400503270045488,0.2589173913002014,0.1694006323814392,0.21847224235534668,0.06951665878295898,0.0014036406064406037,0.008051409386098385,,
1782087482.0908477,train,29,3450,0.00014004114633832317,0.27651894092559814,0.15248174965381622,0.35343214869499207,0.07105716317892075,0.0015058444114401937,0.008500020951032639,,
1782087491.522918,train,29,3500,0.0001400319652701542,0.35891929268836975,0.2317672222852707,0.3718128800392151,0.06807411462068558,0.001617827801965177,0.008069928735494614,,
1782087500.871331,train,29,3550,0.000140022783800134,0.392642617225647,0.278377890586853,0.33208999037742615,0.0622214749455452,0.0013149121077731252,0.006108794827014208,,
1782087510.2647462,train,29,3600,0.00014001360192835452,0.3742208480834961,0.2737814784049988,0.26608729362487793,0.06762005388736725,0.0010751290246844292,0.005968367215245962,,
1782087519.6348147,train,29,3650,0.00014000441965490818,0.266658216714859,0.16917699575424194,0.25336557626724243,0.06806372851133347,0.0010798388393595815,0.005892009939998388,,
1782087529.0008357,train,29,3700,0.00013999523697988715,0.2936813533306122,0.1835092008113861,0.30270227789878845,0.06876832991838455,0.0011240537278354168,0.004824402742087841,,
1782087538.3648527,train,29,3750,0.00013998605390338348,0.27817878127098083,0.18024812638759613,0.2522885501384735,0.0695079043507576,0.0010457722237333655,0.007485729642212391,,
1782087547.7836356,train,29,3800,0.0001399768704254895,0.22700203955173492,0.13671109080314636,0.22327899932861328,0.06870761513710022,0.0011739672627300024,0.005420810077339411,,
1782087557.1760666,train,29,3850,0.00013996768654629725,0.24894745647907257,0.15732420980930328,0.23028810322284698,0.06786958873271942,0.0011642304016277194,0.00833947490900755,,
1782087566.594031,train,29,3900,0.00013995850226589896,0.29170578718185425,0.18129146099090576,0.3083215653896332,0.06637345254421234,0.0014718207530677319,0.00643286295235157,,
1782087576.012379,train,29,3950,0.00013994931758438682,0.4270733594894409,0.28500914573669434,0.43476036190986633,0.06644748151302338,0.0015037941047921777,0.006109778303653002,,
1782087585.4310749,train,29,4000,0.00013994013250185304,0.24786989390850067,0.1491210162639618,0.2668219804763794,0.06385915726423264,0.0011379799107089639,0.006646910682320595,,
1782087594.8069446,train,29,4050,0.0001399309470183899,0.20094256103038788,0.08786725997924805,0.31751811504364014,0.06694463640451431,0.0022345196921378374,0.0064967623911798,,
1782087604.1743915,train,29,4100,0.00013992176113408953,0.4150257706642151,0.3041878640651703,0.2957160770893097,0.07345500588417053,0.001813759678043425,0.007143476977944374,,
1782087613.5390038,train,29,4150,0.00013991257484904416,0.26920998096466064,0.1506464183330536,0.340622216463089,0.06641457229852676,0.002007298171520233,0.007681944407522678,,
1782087622.9175675,train,29,4200,0.00013990338816334598,0.18454274535179138,0.09746529161930084,0.22786945104599,0.05998416244983673,0.0011801160871982574,0.005905969999730587,,
1782087632.326874,train,29,4250,0.00013989420107708724,0.2556678354740143,0.15441277623176575,0.26506274938583374,0.06962863355875015,0.0017505506984889507,0.007905757054686546,,
1782087641.757706,train,29,4300,0.00013988501359036014,0.28204795718193054,0.15681986510753632,0.3744363784790039,0.06292623281478882,0.0015585859073325992,0.00870547816157341,,
1782087651.1411965,train,29,4350,0.0001398758257032569,0.14478398859500885,0.06690570712089539,0.18673232197761536,0.06215281039476395,0.0011879808735102415,0.006519999820739031,,
1782087660.482695,train,29,4400,0.00013986663741586973,0.27502986788749695,0.18432681262493134,0.2290869802236557,0.06662151217460632,0.001205473323352635,0.006956202909350395,,
1782087669.9491997,train,29,4450,0.00013985744872829073,0.283611536026001,0.1892278641462326,0.25587305426597595,0.06065508350729942,0.0008788121049292386,0.00599266029894352,,
1782087679.3440223,train,29,4500,0.0001398482596406124,0.23133432865142822,0.1104183942079544,0.3369622230529785,0.07292520254850388,0.0021277342457324266,0.007090447004884481,,
1782087688.7585616,train,29,4550,0.00013983907015292695,0.1967669278383255,0.10540171712636948,0.207879438996315,0.07848577201366425,0.001524483785033226,0.007437322288751602,,
1782087698.1761656,train,29,4600,0.00013982988026532654,0.2179112583398819,0.10930813103914261,0.28273728489875793,0.07552877068519592,0.0015441698487848043,0.00795795489102602,,
1782087707.5647175,train,29,4650,0.00013982068997790348,0.27080038189888,0.1739126443862915,0.2435447722673416,0.07177294045686722,0.001150520402006805,0.008063402026891708,,
1782087716.963592,train,29,4700,0.00013981149929074993,0.307112455368042,0.2170109897851944,0.24211426079273224,0.05892341211438179,0.001111991936340928,0.005580968223512173,,
1782087726.3704104,train,29,4750,0.00013980230820395814,0.281715989112854,0.17927367985248566,0.2727910876274109,0.06817499548196793,0.0015702856471762061,0.00630973931401968,,
1782087735.7706892,train,29,4800,0.0001397931167176206,0.18449649214744568,0.10156571120023727,0.19783344864845276,0.06674710661172867,0.000988628133200109,0.006444589234888554,,
1782087745.2313192,train,29,4850,0.00013978392483182935,0.3942277133464813,0.28273311257362366,0.308513343334198,0.06849165260791779,0.0012044986942782998,0.007120901718735695,,
1782087754.5839396,train,29,4900,0.0001397747325466768,0.16465942561626434,0.0906578004360199,0.16668032109737396,0.06442796438932419,0.0011754812439903617,0.005259498488157988,,
1782087764.0001588,train,29,4950,0.00013976553986225508,0.2420779913663864,0.14133873581886292,0.26302462816238403,0.0697040930390358,0.0013106251135468483,0.008348855189979076,,
1782087773.4500241,train,29,5000,0.00013975634677865665,0.34583011269569397,0.22645212709903717,0.34236595034599304,0.0673440471291542,0.0011445698328316212,0.00872768834233284,,
1782087782.8300245,train,29,5050,0.0001397471532959737,0.22063562273979187,0.13494229316711426,0.215064138174057,0.06362010538578033,0.0011723772622644901,0.006976373493671417,,
1782087792.1909025,train,29,5100,0.00013973795941429833,0.2988720238208771,0.1698950082063675,0.36425504088401794,0.07547716796398163,0.00174662284553051,0.007619382347911596,,
1782087801.6211953,train,29,5150,0.00013972876513372291,0.33196496963500977,0.24144157767295837,0.23509694635868073,0.06324006617069244,0.0012912595411762595,0.006881935987621546,,
1782087811.0713282,train,29,5200,0.00013971957045433994,0.22135689854621887,0.1217680275440216,0.270344614982605,0.06377949565649033,0.001129651558585465,0.006468047853559256,,
1782087820.5049648,train,29,5250,0.0001397103753762417,0.17693428695201874,0.09621961414813995,0.1832396537065506,0.06957224756479263,0.0011864114785566926,0.006915141828358173,,
1782087829.9482646,train,29,5300,0.00013970117989952027,0.22252433001995087,0.126784086227417,0.24806274473667145,0.06718246638774872,0.0013331761583685875,0.009317966178059578,,
1782087839.3307004,train,29,5350,0.00013969198402426808,0.3063260316848755,0.21102076768875122,0.2510024905204773,0.06490149348974228,0.0010389252565801144,0.007415074855089188,,
1782087848.7779899,train,29,5400,0.00013968278775057752,0.14472433924674988,0.05910550430417061,0.206579327583313,0.06761769205331802,0.0016516747418791056,0.007423315662890673,,
1782087858.209612,train,29,5450,0.00013967359107854065,0.30068647861480713,0.1914994865655899,0.2946179509162903,0.07074893265962601,0.0015804095892235637,0.006589731201529503,,
1782087867.5910683,train,29,5500,0.00013966439400825014,0.2230977714061737,0.1273553967475891,0.23644813895225525,0.07298817485570908,0.001362405251711607,0.008107205852866173,,
1782087876.9899125,train,29,5550,0.00013965519653979814,0.2174026221036911,0.1339329481124878,0.20877858996391296,0.06232059374451637,0.00114730978384614,0.007197945844382048,,
1782087886.3867643,train,29,5600,0.00013964599867327687,0.1201293095946312,0.048879045993089676,0.14509116113185883,0.0696878433227539,0.0013355499831959605,0.006256718188524246,,
1782087895.7748063,train,29,5650,0.00013963680040877884,0.3111985921859741,0.20696702599525452,0.29067298769950867,0.06282173097133636,0.0015244013629853725,0.008219460025429726,,
1782087905.1576018,train,29,5700,0.00013962760174639636,0.13682276010513306,0.06466890126466751,0.15232577919960022,0.06796600669622421,0.0008940311381593347,0.00564543018117547,,
1782087914.5382228,train,29,5750,0.0001396184026862217,0.2504202127456665,0.14803171157836914,0.2728506028652191,0.06802096217870712,0.0016537696355953813,0.006668813526630402,,
1782087923.9068933,train,29,5800,0.00013960920322834717,0.26561853289604187,0.16981905698776245,0.24844880402088165,0.06712910532951355,0.0012271691812202334,0.009097295813262463,,
1782087933.337753,train,29,5850,0.00013960000337286517,0.26476404070854187,0.15287195146083832,0.30253738164901733,0.07223299890756607,0.0014122462598606944,0.00773695157840848,,
1782087942.7911701,train,29,5900,0.00013959080311986796,0.32993701100349426,0.22731727361679077,0.2850562036037445,0.0624583400785923,0.0012651345459744334,0.007145518437027931,,
1782087952.169815,train,29,5950,0.00013958160246944806,0.2385021448135376,0.14627672731876373,0.23846526443958282,0.06488548219203949,0.0016635257052257657,0.006126057356595993,,
1782087961.4419026,train,29,6000,0.00013957240142169764,0.3072642683982849,0.20906297862529755,0.2675589621067047,0.06234569102525711,0.0013868893729522824,0.007252564188092947,,
1782087970.7913356,train,29,6050,0.00013956319997670936,0.28671303391456604,0.17588332295417786,0.30310487747192383,0.06985922157764435,0.001239001750946045,0.006540180649608374,,
1782087980.1698127,train,29,6100,0.00013955399813457537,0.35080260038375854,0.21847295761108398,0.39131805300712585,0.06871291995048523,0.0014363377122208476,0.00743101816624403,,
1782087989.5429409,train,29,6150,0.00013954479589538808,0.2788834273815155,0.15047909319400787,0.3929333984851837,0.06006671115756035,0.0013761805603280663,0.007733053062111139,,
1782087998.9434552,train,29,6200,0.0001395355932592398,0.2301737517118454,0.12767569720745087,0.2646353840827942,0.07242176681756973,0.001283328514546156,0.007203742396086454,,
1782088008.3472884,train,29,6250,0.00013952639022622309,0.1707247942686081,0.08449643850326538,0.20942087471485138,0.06742557138204575,0.001603577984496951,0.008616870269179344,,
1782088017.799187,train,29,6300,0.00013951718679643002,0.14141081273555756,0.06484614312648773,0.16662557423114777,0.06961090117692947,0.0010283127194270492,0.006243186537176371,,
1782088027.1348855,train,29,6350,0.00013950798296995316,0.3711787164211273,0.25125840306282043,0.3545551002025604,0.06234489008784294,0.001090633450075984,0.006336744409054518,,
1782088036.562955,train,29,6400,0.00013949877874688493,0.3991205096244812,0.30354106426239014,0.2590291500091553,0.061403799802064896,0.0012026630574837327,0.006228340324014425,,
1782088045.9677799,train,29,6450,0.00013948957412731784,0.2887299954891205,0.1935521811246872,0.23759716749191284,0.07128071784973145,0.0013816298451274633,0.00574768241494894,,
1782088055.3449547,train,29,6500,0.00013948036911134407,0.3501851260662079,0.2257034182548523,0.3625987470149994,0.06738627701997757,0.0013886741362512112,0.006575130857527256,,
1782088064.733529,train,29,6550,0.00013947116369905605,0.2298019975423813,0.14712069928646088,0.19746585190296173,0.06643994897603989,0.0009486799826845527,0.005433657206594944,,
1782088074.209801,train,29,6600,0.0001394619578905462,0.261756032705307,0.15670211613178253,0.28543147444725037,0.06716521829366684,0.0011344339000061154,0.00980500690639019,,
1782088083.6575162,train,29,6650,0.00013945275168590697,0.2698671221733093,0.1691518872976303,0.2796388268470764,0.06139678880572319,0.0010715152602642775,0.006547501776367426,,
1782088093.0580869,train,29,6700,0.00013944354508523078,0.38539204001426697,0.2724723815917969,0.3208494186401367,0.06523782759904861,0.0008840643567964435,0.006045623682439327,,
1782088102.4354913,train,29,6750,0.0001394343380886101,0.25977402925491333,0.15152931213378906,0.29817289113998413,0.06703275442123413,0.0018511806847527623,0.007378606125712395,,
1782088111.789509,train,29,6800,0.00013942513069613722,0.23546233773231506,0.14420361816883087,0.23692840337753296,0.06384448707103729,0.0010437068995088339,0.00471751531586051,,
1782088121.2268357,train,29,6850,0.00013941592290790458,0.23050998151302338,0.1379016935825348,0.2474054992198944,0.061318036168813705,0.0009788844035938382,0.006950804963707924,,
1782088130.6601353,train,29,6900,0.00013940671472400468,0.19574739038944244,0.11360140144824982,0.19467198848724365,0.06676199287176132,0.0009699708316475153,0.006097129546105862,,
1782088140.1583915,train,29,6950,0.00013939750614453005,0.23437833786010742,0.1279277801513672,0.2878193259239197,0.06866150349378586,0.0016497684409841895,0.006807059980928898,,
1782088149.6242115,train,29,7000,0.00013938829716957294,0.27969416975975037,0.17825733125209808,0.2404073029756546,0.08240272104740143,0.00133659562561661,0.007587766740471125,,
1782088159.151627,train,29,7050,0.0001393790877992258,0.18642306327819824,0.10635091364383698,0.19838957488536835,0.060735590755939484,0.0010695690289139748,0.00612608389928937,,
1782088168.539191,train,29,7100,0.0001393698780335813,0.1944057196378708,0.10460498929023743,0.2242991030216217,0.06718405336141586,0.0013392871478572488,0.005201136693358421,,
1782088177.9713838,train,29,7150,0.00013936066787273172,0.22040052711963654,0.12681175768375397,0.2308310717344284,0.07139411568641663,0.0018394083017483354,0.004701029043644667,,
1782088187.631452,train,29,7200,0.00013935145731676943,0.2851361632347107,0.19717839360237122,0.2305508852005005,0.060417551547288895,0.0011128844926133752,0.006436937488615513,,
1782088197.423274,train,29,7250,0.00013934224636578715,0.34121978282928467,0.22611738741397858,0.32540881633758545,0.06725794076919556,0.0012120994506403804,0.005744207184761763,,
1782088207.7950213,train,29,7300,0.000139333035019877,0.42129021883010864,0.26944172382354736,0.4493667185306549,0.07875903695821762,0.001273136818781495,0.007010981440544128,,
1782088218.102563,train,29,7350,0.00013932382327913167,0.25782468914985657,0.17243412137031555,0.1972038447856903,0.07195364683866501,0.001127764699049294,0.005878144409507513,,
1782088228.01168,train,29,7400,0.0001393146111436435,0.2827391028404236,0.19072763621807098,0.23605115711688995,0.06579183042049408,0.0010274709202349186,0.007376052904874086,,
1782088238.0831363,train,29,7450,0.00013930539861350515,0.2828300893306732,0.18998447060585022,0.2234552949666977,0.07372831553220749,0.0011763591319322586,0.008924887515604496,,
1782088247.8221679,train,29,7500,0.00013929618568880904,0.3503703773021698,0.2518078088760376,0.25829556584358215,0.0677371472120285,0.0012009094934910536,0.0097893588244915,,
1782088257.6272378,train,29,7550,0.00013928697236964763,0.45714616775512695,0.3440740406513214,0.304343581199646,0.07369659096002579,0.001379351015202701,0.005320137366652489,,
1782088267.6547108,train,29,7600,0.0001392777586561132,0.2550654411315918,0.16042953729629517,0.24761512875556946,0.06524819135665894,0.0010802486212924123,0.006431311368942261,,
1782088277.635135,train,29,7650,0.0001392685445482985,0.45071765780448914,0.3211449384689331,0.3863682746887207,0.06571608781814575,0.0012260727817192674,0.004774273373186588,,
1782088287.5990787,train,29,7700,0.00013925933004629601,0.19277389347553253,0.10674683749675751,0.19922100007534027,0.07222113758325577,0.0011123649310320616,0.006390114314854145,,
1782088297.4664,train,29,7750,0.00013925011515019818,0.18042545020580292,0.09149650484323502,0.2224327176809311,0.06639935076236725,0.0012110441457480192,0.006152593996375799,,
1782088307.265204,train,29,7800,0.00013924089986009752,0.23914894461631775,0.1451951414346695,0.24496369063854218,0.0651300847530365,0.0014783709775656462,0.006037903018295765,,
1782088317.0150764,train,29,7850,0.00013923168417608639,0.23930299282073975,0.1426931768655777,0.237274169921875,0.07426184415817261,0.0016034538857638836,0.00797692034393549,,
1782088326.918259,train,29,7900,0.00013922246809825744,0.27196598052978516,0.18778741359710693,0.1971416026353836,0.06950980424880981,0.0013826873619109392,0.006284596398472786,,
1782088336.9543278,train,29,7950,0.0001392132516267032,0.27545616030693054,0.16881006956100464,0.2951774597167969,0.06542207300662994,0.0014068474993109703,0.005106386728584766,,
1782088346.6790273,train,29,8000,0.00013920403476151615,0.3476230204105377,0.23360323905944824,0.30799514055252075,0.0737643912434578,0.0013881747145205736,0.004746645223349333,,
1782088356.4949908,train,29,8050,0.0001391948175027887,0.21073375642299652,0.11498520523309708,0.2568160891532898,0.0628209337592125,0.0013405289500951767,0.005837284494191408,,
1782088366.1193278,train,29,8100,0.00013918559985061355,0.5265791416168213,0.3850187361240387,0.4312776029109955,0.06720247119665146,0.0013975939946249127,0.006623672787100077,,
1782088376.307547,train,29,8150,0.0001391763818050834,0.2522415220737457,0.16028058528900146,0.22410383820533752,0.07166104763746262,0.0010445958469063044,0.006133384071290493,,
1782088386.0792606,train,29,8200,0.00013916716336629027,0.2583679258823395,0.18184663355350494,0.17123576998710632,0.06722135096788406,0.0010169809684157372,0.005157969426363707,,
1782088395.8403733,train,29,8250,0.00013915794453432716,0.18784989416599274,0.09900092333555222,0.21330760419368744,0.07072509080171585,0.0015952554531395435,0.0057828184217214584,,
1782088405.4471726,train,29,8300,0.00013914872530928642,0.25144991278648376,0.1444023996591568,0.2883879542350769,0.06963880360126495,0.001311277155764401,0.006329206749796867,,
1782088415.0717888,train,29,8350,0.00013913950569126052,0.22354094684123993,0.12949365377426147,0.24542300403118134,0.06506592035293579,0.0015857539838179946,0.006912443321198225,,
1782088424.722672,train,29,8400,0.00013913028568034202,0.15765762329101562,0.08387446403503418,0.17088091373443604,0.06196281313896179,0.0008152854279614985,0.0047746747732162476,,
1782088434.4707763,train,29,8450,0.00013912106527662354,0.3037460744380951,0.20439617335796356,0.27938413619995117,0.05879318341612816,0.0010724971070885658,0.006401590071618557,,
1782088444.161326,train,29,8500,0.00013911184448019772,0.21459728479385376,0.1286812424659729,0.21736134588718414,0.06284910440444946,0.0015115540008991957,0.0055532497353851795,,
1782088453.720074,train,29,8550,0.00013910262329115697,0.3198954463005066,0.21672196686267853,0.27388954162597656,0.0692003145813942,0.0010092651937156916,0.00652853399515152,,
1782088463.2579377,train,29,8600,0.00013909340170959388,0.1827341467142105,0.10924595594406128,0.16123181581497192,0.06613998115062714,0.001102590817026794,0.005739061161875725,,
1782088472.7291226,train,29,8650,0.00013908417973560117,0.160871222615242,0.08425034582614899,0.1689101606607437,0.06860468536615372,0.0009100016322918236,0.0058660246431827545,,
1782088482.2626514,train,29,8700,0.0001390749573692713,0.31382274627685547,0.19657723605632782,0.31684789061546326,0.07578563690185547,0.0014071617042645812,0.009196496568620205,,
1782088491.7925043,train,29,8750,0.00013906573461069683,0.35925883054733276,0.23080962896347046,0.3856889009475708,0.06379309296607971,0.0013042525388300419,0.009056786075234413,,
1782088501.4346135,train,29,8800,0.00013905651145997027,0.2086172252893448,0.12293476611375809,0.20370586216449738,0.06932014971971512,0.0009592451970092952,0.006543158087879419,,
1782088510.9549112,train,29,8850,0.00013904728791718437,0.1759628802537918,0.09495427459478378,0.19033102691173553,0.06652241945266724,0.0016463634092360735,0.0062616304494440556,,
1782088520.7665825,train,29,8900,0.00013903806398243173,0.377612441778183,0.25045016407966614,0.3589080572128296,0.0745549276471138,0.00157789362128824,0.00769439060240984,,
1782088530.549681,train,29,8950,0.00013902883965580476,0.24046435952186584,0.14280547201633453,0.2647435665130615,0.06268879771232605,0.0012860033893957734,0.007120341993868351,,
1782088540.5227647,train,29,9000,0.00013901961493739627,0.2523394227027893,0.15814556181430817,0.23074936866760254,0.0726490169763565,0.001819893135689199,0.006547220982611179,,
1782088550.9587986,train,29,9050,0.0001390103898272986,0.3833405673503876,0.28248730301856995,0.259682834148407,0.07164628803730011,0.0010943672386929393,0.007417340762913227,,
1782088561.5027993,train,29,9100,0.00013900116432560454,0.29510360956192017,0.19794483482837677,0.2506198585033417,0.06866328418254852,0.0017218135762959719,0.00702136242762208,,
1782088572.2707024,train,29,9150,0.00013899193843240675,0.46683695912361145,0.3113982379436493,0.48465144634246826,0.0683213397860527,0.0011519279796630144,0.005613632034510374,,
1782088583.0959764,train,29,9200,0.00013898271214779771,0.3130463659763336,0.19435560703277588,0.32705575227737427,0.07348274439573288,0.0018546704668551683,0.007226724177598953,,
1782088593.6540487,train,29,9250,0.00013897348547186998,0.24095648527145386,0.15168409049510956,0.226418137550354,0.06511030346155167,0.0011271663242951035,0.0077890437096357346,,
1782088604.2792141,train,29,9300,0.00013896425840471632,0.3151809275150299,0.19903695583343506,0.32984858751296997,0.06710007041692734,0.0013180767418816686,0.006533958483487368,,
1782088614.7147043,train,29,9350,0.00013895503094642935,0.22495503723621368,0.11683262884616852,0.2839333415031433,0.07394444942474365,0.0016684175934642553,0.007911312393844128,,
1782088625.3408895,train,29,9400,0.00013894580309710162,0.15839587152004242,0.08257213234901428,0.17674528062343597,0.06302574276924133,0.00124542904086411,0.007379945833235979,,
1782088636.252527,train,29,9450,0.00013893657485682576,0.2137071043252945,0.12956465780735016,0.19879111647605896,0.06855620443820953,0.001665799180045724,0.008355984464287758,,
1782088647.0425253,train,29,9500,0.00013892734622569447,0.27529025077819824,0.17609286308288574,0.25981900095939636,0.06821315735578537,0.0013604785781353712,0.007252787239849567,,
1782088658.1204684,train,29,9550,0.00013891811720380046,0.20256352424621582,0.12626682221889496,0.18010257184505463,0.06227083504199982,0.0013562465319409966,0.007085670251399279,,
1782088669.2912724,train,29,9600,0.00013890888779123634,0.19644251465797424,0.10857107490301132,0.19936484098434448,0.07573839277029037,0.0016103998059406877,0.006615590304136276,,
1782088679.9506252,train,29,9650,0.00013889965798809462,0.3285568654537201,0.2218589335680008,0.28152137994766235,0.07227134704589844,0.001819153781980276,0.0053812419064342976,,
1782088690.5346456,train,29,9700,0.00013889042779446795,0.353695809841156,0.24417780339717865,0.3008986711502075,0.06840400397777557,0.0009134197025559843,0.005188572686165571,,
1782088700.9961271,train,29,9750,0.00013888119721044905,0.2720561921596527,0.15643925964832306,0.3294154107570648,0.06629360467195511,0.001162892789579928,0.007381866220384836,,
1782088711.2775102,train,29,9800,0.00013887196623613057,0.384339302778244,0.2709736227989197,0.3236238658428192,0.0647425502538681,0.0008842921233735979,0.005095486994832754,,
1782088721.0481048,train,29,9850,0.00013886273487160542,0.2150472104549408,0.11315236240625381,0.2709256112575531,0.06810874491930008,0.0010907573159784079,0.006985832005739212,,
1782088730.8658416,train,29,9900,0.00013885350311696596,0.5061464309692383,0.3791232407093048,0.38999754190444946,0.05883987993001938,0.0010382095351815224,0.0050623174756765366,,
1782088740.6387167,train,29,9950,0.00013884427097230487,0.2849779427051544,0.18780063092708588,0.2590499520301819,0.06464582681655884,0.0009189766715280712,0.005282128695398569,,
1782088750.32699,train,29,10000,0.00013883503843771487,0.37254562973976135,0.2584715485572815,0.3128370940685272,0.0714530497789383,0.0013828350929543376,0.005952427629381418,,
1782088759.8815603,train,29,10050,0.00013882580551328875,0.33312565088272095,0.22923113405704498,0.28693532943725586,0.06410028785467148,0.0011056403163820505,0.005270684137940407,,
1782088769.5068135,train,29,10100,0.00013881657219911903,0.24339823424816132,0.15444467961788177,0.21830688416957855,0.06856187433004379,0.000958883436396718,0.006985700223594904,,
1782088779.043675,train,29,10150,0.0001388073384952984,0.38221269845962524,0.275119423866272,0.3076988160610199,0.06009293347597122,0.0012208744883537292,0.008719737641513348,,
1782088788.4504437,train,29,10200,0.00013879810440191968,0.3066638112068176,0.1947999894618988,0.30643337965011597,0.07013320922851562,0.0018887704936787486,0.008521337062120438,,
1782088797.9392462,train,29,10250,0.0001387888699190756,0.3082757592201233,0.2023281455039978,0.3039841055870056,0.05967219918966293,0.0011548522161319852,0.005824672058224678,,
1782088807.5140867,train,29,10300,0.00013877963504685872,0.26378950476646423,0.17478476464748383,0.2154638022184372,0.06995373964309692,0.0016191343311220407,0.006866960786283016,,
1782088816.9419513,train,29,10350,0.00013877039978536174,0.34157615900039673,0.24196335673332214,0.24991494417190552,0.07393085956573486,0.0016862854827195406,0.007416369393467903,,
1782088826.5581634,train,29,10400,0.00013876116413467755,0.38818517327308655,0.27561354637145996,0.3244803845882416,0.06265290081501007,0.0012507508508861065,0.005147459451109171,,
1782088836.3620112,train,29,10450,0.0001387519280948986,0.17217181622982025,0.09332362562417984,0.17496097087860107,0.0698324665427208,0.0019171802559867501,0.007889770902693272,,
1782088846.2700174,train,29,10500,0.0001387426916661177,0.18951143324375153,0.10308097302913666,0.2200433313846588,0.06257514655590057,0.0013204533606767654,0.00871352106332779,,
1782088855.9793134,train,29,10550,0.00013873345484842768,0.16615746915340424,0.0845651924610138,0.19211910665035248,0.06683675199747086,0.001441222382709384,0.007208471652120352,,
1782088865.9103544,train,29,10600,0.00013872421764192115,0.1947215497493744,0.11527194082736969,0.1797342747449875,0.06881367415189743,0.0010919866617769003,0.004740030039101839,,
1782088876.286232,train,29,10650,0.00013871498004669098,0.4274589717388153,0.2939187288284302,0.39568620920181274,0.06892756372690201,0.001549237291328609,0.0063395327888429165,,
1782088886.8071542,train,29,10700,0.00013870574206282968,0.2685745060443878,0.16288110613822937,0.28274887800216675,0.06975910067558289,0.0012663314118981361,0.007029464468359947,,
1782088897.2816074,train,29,10750,0.00013869650369043008,0.17818522453308105,0.08718045800924301,0.22553183138370514,0.06899207085371017,0.0012576987501233816,0.006645301356911659,,
1782088907.2858853,train,29,10800,0.00013868726492958486,0.26000991463661194,0.13193325698375702,0.36370956897735596,0.0740857943892479,0.0010635574581101537,0.005834121257066727,,
1782088917.3548894,train,29,10850,0.00013867802578038693,0.2595950663089752,0.1707373857498169,0.2356409728527069,0.059677910059690475,0.0010847081430256367,0.005695512052625418,,
1782088927.4776266,train,29,10900,0.00013866878624292872,0.2171417474746704,0.1320551633834839,0.19517230987548828,0.07234982401132584,0.0011859489604830742,0.00704249506816268,,
1782088937.39877,train,29,10950,0.0001386595463173033,0.18390218913555145,0.10667932778596878,0.1782180666923523,0.06511781364679337,0.001094382838346064,0.005254853051155806,,
1782088947.2366629,train,29,11000,0.0001386503060036033,0.1423087865114212,0.06942364573478699,0.14491060376167297,0.07315851002931595,0.0007823177729733288,0.005642447154968977,,
1782088957.209541,train,29,11050,0.0001386410653019216,0.4565974473953247,0.34308111667633057,0.31955066323280334,0.06708823144435883,0.0008454466005787253,0.006173770874738693,,
1782088967.0096655,train,29,11100,0.00013863182421235075,0.17241746187210083,0.09170789271593094,0.17447791993618011,0.07395827770233154,0.0011095204390585423,0.006925811991095543,,
1782088976.4820285,train,29,11150,0.0001386225827349837,0.2433142364025116,0.1620199829339981,0.19827209413051605,0.06321796774864197,0.0011724559590220451,0.005607659928500652,,
1782088986.0140035,train,29,11200,0.00013861334086991297,0.1865706592798233,0.09790895134210587,0.21715492010116577,0.06850183755159378,0.0012205590028315783,0.005996800027787685,,
1782088995.5061827,train,29,11250,0.00013860409861723148,0.248782679438591,0.13706988096237183,0.31566181778907776,0.0652424618601799,0.001761157065629959,0.007698151748627424,,
1782089005.0254998,train,29,11300,0.00013859485597703212,0.3867877125740051,0.26680269837379456,0.35692524909973145,0.061232004314661026,0.0013769009383395314,0.006568492855876684,,
1782089014.4219823,train,29,11350,0.00013858561294940753,0.2857927083969116,0.18352797627449036,0.2677575945854187,0.07042712718248367,0.0011178564745932817,0.005765532609075308,,
1782089023.9377422,train,29,11400,0.00013857636953445044,0.1777552366256714,0.09653031080961227,0.20334568619728088,0.06043333560228348,0.001718405750580132,0.00564885139465332,,
1782089033.4471526,train,29,11450,0.00013856712573225385,0.24810640513896942,0.1648520678281784,0.20699551701545715,0.06282767653465271,0.0009161373018287122,0.0049848295748233795,,
1782089042.9159198,train,29,11500,0.00013855788154291043,0.2876547574996948,0.18551133573055267,0.2684502601623535,0.06979763507843018,0.0013201668625697494,0.005813087336719036,,
1782089052.3622746,train,29,11550,0.00013854863696651293,0.2140437215566635,0.13189329206943512,0.20194558799266815,0.06307873874902725,0.0012466789921745658,0.0075724986381828785,,
1782089061.7893066,train,29,11600,0.00013853939200315424,0.37518927454948425,0.26485124230384827,0.30878981947898865,0.06603480130434036,0.0012318588560447097,0.006344555411487818,,
1782089071.1722584,train,29,11650,0.00013853014665292726,0.2434822916984558,0.15492209792137146,0.21940509974956512,0.06707992404699326,0.0016894886502996087,0.00528131565079093,,
1782089080.5497787,train,29,11700,0.00013852090091592446,0.3262996971607208,0.23715992271900177,0.2391243577003479,0.058528754860162735,0.0009428713237866759,0.0077205682173371315,,
1782089093.4320018,train,29,11750,0.00013851165479223895,0.138377383351326,0.07072179764509201,0.137320414185524,0.06645234674215317,0.0009929564548656344,0.007857806980609894,,
1782089102.786834,train,29,11800,0.00013850240828196323,0.25408226251602173,0.14903955161571503,0.30464082956314087,0.05744244530797005,0.0016130126314237714,0.0044506266713142395,,
1782089112.485985,train,29,11850,0.0001384931613851906,0.17410624027252197,0.08429092168807983,0.229995459318161,0.06436464190483093,0.0013412793632596731,0.006732291076332331,,
1782089121.8693955,train,29,11900,0.00013848391410201338,0.1926020085811615,0.10328167676925659,0.20066435635089874,0.07799509912729263,0.0015670715365558863,0.005872349254786968,,
1782089131.4679108,train,29,11950,0.0001384746664325248,0.23531514406204224,0.14149150252342224,0.23683038353919983,0.06900712102651596,0.0011248461669310927,0.006562539841979742,,
1782089140.9118147,train,29,12000,0.00013846541837681748,0.32102158665657043,0.2149372100830078,0.2932109534740448,0.06532342731952667,0.0011993845691904426,0.006354392971843481,,
1782089150.3270483,train,29,12050,0.00013845616993498442,0.3224344551563263,0.2188417762517929,0.27913230657577515,0.06735935807228088,0.0012991373660042882,0.006198702845722437,,
1782089159.7741687,train,29,12100,0.00013844692110711812,0.22386819124221802,0.13698895275592804,0.21477650105953217,0.06616398692131042,0.0010312144877389073,0.006595226936042309,,
1782089169.3813524,train,29,12150,0.0001384376718933117,0.26436296105384827,0.16564691066741943,0.2719317078590393,0.061194680631160736,0.00135775376111269,0.007758129853755236,,
1782089179.1256132,train,29,12200,0.00013842842229365798,0.25526076555252075,0.1645795851945877,0.22909949719905853,0.06656388938426971,0.0012435037642717361,0.008973644115030766,,
1782089188.8062527,train,29,12250,0.00013841917230824976,0.20181728899478912,0.10908759385347366,0.22974829375743866,0.07028931379318237,0.0014796906616538763,0.006605780683457851,,
1782089198.5406413,train,29,12300,0.00013840992193718004,0.17307043075561523,0.09361932426691055,0.17245174944400787,0.07249532639980316,0.0009051517699845135,0.006185207050293684,,
1782089208.3377945,train,29,12350,0.00013840067118054122,0.2619667053222656,0.18015585839748383,0.19452327489852905,0.0661536306142807,0.0010320893488824368,0.009027857333421707,,
1782089218.1484387,train,29,12400,0.00013839142003842667,0.19573186337947845,0.1041390597820282,0.23452232778072357,0.06567703187465668,0.0012369907926768064,0.006653398275375366,,
1782089228.3462896,train,29,12450,0.00013838216851092916,0.25501731038093567,0.16117097437381744,0.2534295618534088,0.06077289953827858,0.0010250394698232412,0.006587057840079069,,
1782089238.5750184,train,29,12500,0.00013837291659814121,0.40234941244125366,0.2916566729545593,0.3048514425754547,0.0687105804681778,0.0012461800361052155,0.0067854151129722595,,
1782089248.5733926,train,29,12550,0.00013836366430015616,0.17939013242721558,0.08214956521987915,0.25295040011405945,0.06775438040494919,0.0012576516019180417,0.005998462904244661,,
1782089258.9431562,train,29,12600,0.00013835441161706661,0.28651729226112366,0.18115279078483582,0.2829923629760742,0.06899373978376389,0.0011954616056755185,0.008325452916324139,,
1782089269.0818815,train,29,12650,0.00013834515854896552,0.275653213262558,0.16822819411754608,0.3001936674118042,0.06448501348495483,0.0013408525846898556,0.005168816540390253,,
1782089279.4124155,train,29,12700,0.00013833590509594576,0.20211555063724518,0.1166793704032898,0.2046675980091095,0.06826653331518173,0.0013601075625047088,0.006821845658123493,,
1782089289.4235327,train,29,12750,0.0001383266512581002,0.29081103205680847,0.1982680708169937,0.23423831164836884,0.06761059910058975,0.0017807468539103866,0.008905014954507351,,
1782089299.2111957,train,29,12800,0.00013831739703552183,0.3006180226802826,0.20867802202701569,0.2350848913192749,0.066130131483078,0.001036752131767571,0.008016319945454597,,
1782089308.9179006,train,29,12850,0.00013830814242830346,0.24239231646060944,0.14415474236011505,0.25579702854156494,0.06820633262395859,0.0018515072297304869,0.008307097479701042,,
1782089318.516173,train,29,12900,0.0001382988874365379,0.22866351902484894,0.1481485664844513,0.19029970467090607,0.06561834365129471,0.001308597857132554,0.008844316937029362,,
1782089327.9437997,train,29,12950,0.00013828963206031816,0.30626174807548523,0.22925841808319092,0.17804910242557526,0.06479393690824509,0.0009407747420482337,0.005399553570896387,,
1782089337.457557,train,29,13000,0.00013828037629973726,0.29805710911750793,0.20954309403896332,0.2332342118024826,0.06018996611237526,0.001104635652154684,0.007030322682112455,,
1782089347.0825415,train,29,13050,0.00013827112015488802,0.24037320911884308,0.14696629345417023,0.24026043713092804,0.06632783263921738,0.0017789629055187106,0.00899532437324524,,
1782089473.621358,val,29,,,0.2986133103204856,0.18533235076328147,0.30795137040279363,0.07229952495914117,0.0014335471243199524,0.006838037120623384,,
1782089486.2413387,train,30,50,0.00013825908659225564,0.3156372904777527,0.2128339558839798,0.2658669948577881,0.0724220722913742,0.0012556778965517879,0.005545996129512787,,
1782089496.6781929,train,30,100,0.00013824982956394175,0.31394198536872864,0.19459839165210724,0.34938845038414,0.06365979462862015,0.0016660167602822185,0.008381925523281097,,
1782089506.6845565,train,30,150,0.00013824057215166614,0.22508549690246582,0.14499826729297638,0.18763265013694763,0.0661880150437355,0.0008507612510584295,0.006288358010351658,,
1782089516.6388216,train,30,200,0.0001382313143555217,0.23719508945941925,0.1449023187160492,0.24881528317928314,0.05993156507611275,0.0012315796921029687,0.00686870701611042,,
1782089526.4122553,train,30,250,0.00013822205617560135,0.2861384153366089,0.1709020882844925,0.32565969228744507,0.06736498326063156,0.001389103359542787,0.0052022733725607395,,
1782089536.0149443,train,30,300,0.00013821279761199812,0.17262160778045654,0.09885352849960327,0.168649360537529,0.06294790655374527,0.001317803282290697,0.0059650614857673645,,
1782089545.5547664,train,30,350,0.0001382035386648049,0.21481315791606903,0.1351236253976822,0.19795171916484833,0.06020883470773697,0.0009718507644720376,0.005442692898213863,,
1782089554.999331,train,30,400,0.00013819427933411458,0.16571269929409027,0.09084329754114151,0.1673726886510849,0.06587734073400497,0.000875640194863081,0.0053184749558568,,
1782089564.456246,train,30,450,0.00013818501962002016,0.192979097366333,0.11987672746181488,0.16156089305877686,0.06522343307733536,0.001004324876703322,0.006298452615737915,,
1782089573.917783,train,30,500,0.00013817575952261468,0.3713712990283966,0.2711701989173889,0.25762444734573364,0.07131912559270859,0.0013546370901167393,0.006138951051980257,,
1782089583.4080124,train,30,550,0.00013816649904199084,0.21705880761146545,0.12892308831214905,0.22058023512363434,0.06572245061397552,0.001294375048018992,0.010489960201084614,,
1782089592.9059527,train,30,600,0.00013815723817824194,0.1422913670539856,0.07711122184991837,0.12317026406526566,0.06856502592563629,0.0010506190592423081,0.009135222993791103,,
1782089602.3115103,train,30,650,0.0001381479769314607,0.38140106201171875,0.250078409910202,0.39826977252960205,0.06327357888221741,0.0011842625681310892,0.006869305856525898,,
1782089611.8296835,train,30,700,0.00013813871530174023,0.26502129435539246,0.17263488471508026,0.231918066740036,0.06851541250944138,0.0014920334797352552,0.005558235105127096,,
1782089621.2898786,train,30,750,0.0001381294532891734,0.23484236001968384,0.1384163796901703,0.24964019656181335,0.06779732555150986,0.0011725383810698986,0.006234752479940653,,
1782089630.7417502,train,30,800,0.00013812019089385317,0.2979215383529663,0.19326096773147583,0.28144916892051697,0.06825577467679977,0.0017037986544892192,0.0060449386946856976,,
1782089640.1811893,train,30,850,0.0001381109281158725,0.35848385095596313,0.2471560388803482,0.31828054785728455,0.06327245384454727,0.0012145118089392781,0.005264287814497948,,
1782089649.6374607,train,30,900,0.0001381016649553245,0.33272960782051086,0.22627471387386322,0.27475354075431824,0.07520417124032974,0.0016442176420241594,0.008301489986479282,,
1782089659.0498066,train,30,950,0.00013809240141230206,0.26425701379776,0.15573617815971375,0.3044690191745758,0.06447857618331909,0.0016430610558018088,0.008682775311172009,,
1782089668.4360454,train,30,1000,0.0001380831374868982,0.17378517985343933,0.0999424010515213,0.16739299893379211,0.06375657021999359,0.0011622341116890311,0.007947251200675964,,
1782089677.9422195,train,30,1050,0.0001380738731792059,0.2733127772808075,0.16542479395866394,0.28846147656440735,0.07129087299108505,0.0012720999075099826,0.005935773719102144,,
1782089687.429604,train,30,1100,0.0001380646084893183,0.3314164876937866,0.22484350204467773,0.28520941734313965,0.07030633091926575,0.001174788223579526,0.010188753716647625,,
1782089696.8710716,train,30,1150,0.0001380553434173282,0.19913417100906372,0.10596475005149841,0.23391218483448029,0.06914190948009491,0.0012042511953040957,0.006587696261703968,,
1782089706.3010516,train,30,1200,0.0001380460779633286,0.1354205459356308,0.05931510031223297,0.1632772982120514,0.0702938437461853,0.0013918871991336346,0.009027039632201195,,
1782089715.7127934,train,30,1250,0.00013803681212741262,0.24821875989437103,0.14208006858825684,0.2864822447299957,0.06877173483371735,0.0013227029703557491,0.005377492867410183,,
1782089725.1276336,train,30,1300,0.00013802754590967333,0.2982007563114166,0.18840694427490234,0.30353549122810364,0.06755490601062775,0.001324918121099472,0.00688475975766778,,
1782089734.5712135,train,30,1350,0.00013801827931020344,0.26262983679771423,0.1675209105014801,0.2527000904083252,0.0636921226978302,0.000878157268743962,0.0042376141063869,,
1782089743.986198,train,30,1400,0.00013800901232909627,0.2826175093650818,0.16432838141918182,0.344064325094223,0.064301036298275,0.0012255897745490074,0.006224770564585924,,
1782089753.3931873,train,30,1450,0.0001379997449664448,0.24139435589313507,0.13630907237529755,0.27380186319351196,0.07288459688425064,0.0019252417841926217,0.007401784881949425,,
1782089762.8765836,train,30,1500,0.000137990477222342,0.47802916169166565,0.33883243799209595,0.4181966781616211,0.06904007494449615,0.0012751659378409386,0.0075795711018145084,,
1782089772.3239963,train,30,1550,0.0001379812090968809,0.2962881624698639,0.2001987248659134,0.244185209274292,0.06982718408107758,0.0012953811092302203,0.006781765725463629,,
1782089781.709569,train,30,1600,0.00013797194059015456,0.41947802901268005,0.29323428869247437,0.3808358609676361,0.06192179024219513,0.0007387031801044941,0.004284456837922335,,
1782089791.135401,train,30,1650,0.00013796267170225606,0.3083183169364929,0.20848672091960907,0.27748459577560425,0.060695670545101166,0.0011263566557317972,0.007378486450761557,,
1782089800.5816698,train,30,1700,0.0001379534024332784,0.17157165706157684,0.09250160306692123,0.1838119775056839,0.06592433154582977,0.001548945321701467,0.005801272112876177,,
1782089809.985794,train,30,1750,0.00013794413278331457,0.19333353638648987,0.10558131337165833,0.22186031937599182,0.06431623548269272,0.0012903293827548623,0.006452491506934166,,
1782089819.4169328,train,30,1800,0.00013793486275245768,0.2444704920053482,0.15572719275951385,0.22271478176116943,0.06588295847177505,0.0012312957551330328,0.00597828533500433,,
1782089828.795234,train,30,1850,0.0001379255923408007,0.35399752855300903,0.20915190875530243,0.4477832317352295,0.06548041105270386,0.0015959988813847303,0.007280860561877489,,
1782089838.082891,train,30,1900,0.00013791632154843696,0.33062708377838135,0.2269127070903778,0.28505635261535645,0.06470852345228195,0.0009601044002920389,0.006511346437036991,,
1782089847.4972837,train,30,1950,0.0001379070503754593,0.1703503131866455,0.08758994936943054,0.20471912622451782,0.06299583613872528,0.0008267536759376526,0.004559364169836044,,
1782089856.9424264,train,30,2000,0.00013789777882196067,0.2507067918777466,0.16661103069782257,0.2042969912290573,0.06582142412662506,0.0011079064570367336,0.00828025583177805,,
1782089866.3399823,train,30,2050,0.0001378885068880344,0.15527622401714325,0.06464304029941559,0.1957980841398239,0.08305556327104568,0.0015587552916258574,0.00643100356683135,,
1782089875.722443,train,30,2100,0.0001378792345737734,0.41124552488327026,0.29204365611076355,0.3428103029727936,0.0667424201965332,0.0012810374610126019,0.008136053569614887,,
1782089885.1588626,train,30,2150,0.00013786996187927083,0.20444318652153015,0.11675269901752472,0.21733765304088593,0.0664142295718193,0.0014895383501425385,0.007714147213846445,,
1782089894.5264642,train,30,2200,0.00013786068880461977,0.24361483752727509,0.15415026247501373,0.21230916678905487,0.07255009561777115,0.0011223847977817059,0.007395483087748289,,
1782089903.925374,train,30,2250,0.00013785141534991332,0.22237710654735565,0.12827374041080475,0.24506382644176483,0.06540236622095108,0.001362257869914174,0.008586511015892029,,
1782089913.339134,train,30,2300,0.00013784214151524435,0.2755174934864044,0.1838843673467636,0.2374379187822342,0.0642600953578949,0.0014360897475853562,0.007122685667127371,,
1782089922.7005997,train,30,2350,0.00013783286730070622,0.3684444725513458,0.25468653440475464,0.3256382942199707,0.06438598781824112,0.0015536719001829624,0.008352620527148247,,
1782089932.0476298,train,30,2400,0.00013782359270639197,0.19826334714889526,0.11379454284906387,0.21549566090106964,0.0609448179602623,0.001224677311256528,0.006108258850872517,,
1782089941.4540372,train,30,2450,0.00013781431773239464,0.30373311042785645,0.19630329310894012,0.29959923028945923,0.0647515058517456,0.0015427113976329565,0.005491647869348526,,
1782089950.8691263,train,30,2500,0.00013780504237880734,0.1772943139076233,0.08846528828144073,0.22815190255641937,0.06334474682807922,0.0011866772547364235,0.006483230274170637,,
1782089960.3566945,train,30,2550,0.00013779576664572332,0.3011437952518463,0.19878622889518738,0.28044357895851135,0.06430106610059738,0.000961321871727705,0.005974241998046637,,
1782089969.778688,train,30,2600,0.00013778649053323546,0.24081973731517792,0.148904487490654,0.22364212572574615,0.07167071849107742,0.0016936665633693337,0.007427297532558441,,
1782089979.1264834,train,30,2650,0.00013777721404143698,0.1844310164451599,0.10882560163736343,0.17182254791259766,0.06507311016321182,0.0011322781210765243,0.007570619694888592,,
1782089988.5278766,train,30,2700,0.00013776793717042103,0.2553994655609131,0.14960207045078278,0.2951996922492981,0.06377056241035461,0.0011218603467568755,0.006105736829340458,,
1782089997.9617097,train,30,2750,0.00013775865992028064,0.1570376604795456,0.08706944435834885,0.14786788821220398,0.06578882038593292,0.0010682562133297324,0.007240970153361559,,
1782090007.4432263,train,30,2800,0.00013774938229110914,0.35483482480049133,0.25398534536361694,0.2740161120891571,0.06450922787189484,0.0009084026096388698,0.005070151761174202,,
1782090016.8116543,train,30,2850,0.0001377401042829995,0.1473976969718933,0.07468921691179276,0.16067788004875183,0.06488825380802155,0.0009489277726970613,0.007139779627323151,,
1782090026.2087226,train,30,2900,0.00013773082589604488,0.21165987849235535,0.12417404353618622,0.213357076048851,0.06799271702766418,0.0015020484570413828,0.005804471671581268,,
1782090035.679644,train,30,2950,0.0001377215471303383,0.2724447548389435,0.15776368975639343,0.31371548771858215,0.07218451797962189,0.001599346287548542,0.005391396582126617,,
1782090045.1099145,train,30,3000,0.00013771226798597316,0.2917014956474304,0.19227643311023712,0.26648300886154175,0.06534445285797119,0.001320709241554141,0.005297547206282616,,
1782090054.5304778,train,30,3050,0.00013770298846304236,0.3009818196296692,0.20341597497463226,0.25314566493034363,0.06839676201343536,0.0008106193272396922,0.00550841074436903,,
1782090063.9698434,train,30,3100,0.00013769370856163922,0.24128739535808563,0.14109757542610168,0.2742024064064026,0.06302892416715622,0.001247523701749742,0.0066555640660226345,,
1782090073.392973,train,30,3150,0.00013768442828185687,0.32944491505622864,0.21680964529514313,0.31374940276145935,0.06811432540416718,0.0014076948864385486,0.005508447531610727,,
1782090082.7351665,train,30,3200,0.0001376751476237885,0.24440720677375793,0.13762055337429047,0.2864442467689514,0.07004182785749435,0.0015467341290786862,0.005639316514134407,,
1782090092.174596,train,30,3250,0.00013766586658752708,0.20668627321720123,0.12306028604507446,0.21000845730304718,0.06201528012752533,0.0011623993050307035,0.010000305250287056,,
1782090101.6501725,train,30,3300,0.000137656585173166,0.1517404317855835,0.0725732296705246,0.17605768144130707,0.06997956335544586,0.0016298331320285797,0.006529809441417456,,
1782090111.0719993,train,30,3350,0.00013764730338079829,0.24914349615573883,0.15985612571239471,0.2233259230852127,0.06659583002328873,0.0015798418316990137,0.008761455304920673,,
1782090120.567081,train,30,3400,0.0001376380212105171,0.3333975374698639,0.228993222117424,0.27117979526519775,0.07298506051301956,0.0011684191413223743,0.007605935446918011,,
1782090130.0702016,train,30,3450,0.00013762873866241573,0.35441944003105164,0.254678338766098,0.2619190514087677,0.06825422495603561,0.0013423068448901176,0.00875045359134674,,
1782090139.554316,train,30,3500,0.00013761945573658734,0.21829965710639954,0.1280522644519806,0.22568899393081665,0.0674094408750534,0.0012043656315654516,0.004946821369230747,,
1782090149.032744,train,30,3550,0.00013761017243312502,0.17252087593078613,0.10608377307653427,0.1381348967552185,0.06364298611879349,0.0008189943036995828,0.00625983951613307,,
1782090158.555325,train,30,3600,0.00013760088875212196,0.20790091156959534,0.11815224587917328,0.21400395035743713,0.07225412875413895,0.001206173445098102,0.008807705715298653,,
1782090168.0342853,train,30,3650,0.0001375916046936715,0.2991715669631958,0.19999665021896362,0.2587166130542755,0.06876397877931595,0.001137878280133009,0.00589343486353755,,
1782090177.449511,train,30,3700,0.00013758232025786675,0.3515908420085907,0.23551100492477417,0.3353576362133026,0.06423279643058777,0.001240143203176558,0.005870846100151539,,
1782090186.8303432,train,30,3750,0.00013757303544480095,0.18029829859733582,0.09582068026065826,0.18575924634933472,0.07576379179954529,0.0015591683331876993,0.008616759441792965,,
1782090196.2728329,train,30,3800,0.0001375637502545672,0.40117329359054565,0.2978469431400299,0.27693092823028564,0.06800699234008789,0.0009012131486088037,0.006224774289876223,,
1782090205.7980711,train,30,3850,0.00013755446468725874,0.30458617210388184,0.18357494473457336,0.33888527750968933,0.07225170731544495,0.0016404418274760246,0.009206678718328476,,
1782090215.277429,train,30,3900,0.00013754517874296873,0.29189038276672363,0.18344619870185852,0.2896167039871216,0.07181575894355774,0.001321509713307023,0.0085205789655447,,
1782090224.735273,train,30,3950,0.0001375358924217907,0.24776506423950195,0.16196821630001068,0.19625945389270782,0.07317487895488739,0.001445371424779296,0.005197090096771717,,
1782090234.1114955,train,30,4000,0.00013752660572381758,0.3460562825202942,0.24577303230762482,0.27862897515296936,0.061039380729198456,0.0010630217147991061,0.004927557427436113,,
1782090243.541541,train,30,4050,0.00013751731864914267,0.3352218270301819,0.22546792030334473,0.3012726902961731,0.06863076984882355,0.0012038185959681869,0.007377827540040016,,
1782090252.9800057,train,30,4100,0.00013750803119785905,0.20610831677913666,0.1275484263896942,0.17666856944561005,0.06861157715320587,0.0008695328724570572,0.005636943969875574,,
1782090262.4147463,train,30,4150,0.00013749874337006004,0.3764396607875824,0.2389257401227951,0.40707096457481384,0.07114817947149277,0.0017212280072271824,0.011470954865217209,,
1782090271.7126698,train,30,4200,0.000137489455165839,0.35215282440185547,0.2508084774017334,0.27314653992652893,0.0658097192645073,0.0015284490073099732,0.008545882999897003,,
1782090281.153273,train,30,4250,0.00013748016658528893,0.206692174077034,0.13852760195732117,0.14853988587856293,0.06183990463614464,0.0010964449029415846,0.005315524525940418,,
1782090290.5984428,train,30,4300,0.0001374708776285033,0.3198356032371521,0.20019179582595825,0.33730557560920715,0.07033080607652664,0.0015202210051938891,0.005720207467675209,,
1782090300.0565798,train,30,4350,0.00013746158829557517,0.17549161612987518,0.08050849288702011,0.23671534657478333,0.07135741412639618,0.001255679759196937,0.007961759343743324,,
1782090309.4217155,train,30,4400,0.0001374522985865979,0.2941100001335144,0.19010525941848755,0.2938843369483948,0.060797687619924545,0.0013483421644195914,0.008624659851193428,,
1782090318.7552302,train,30,4450,0.00013744300850166476,0.23225219547748566,0.14467266201972961,0.22213101387023926,0.06380444020032883,0.0014455344062298536,0.0075240652076900005,,
1782090328.1544807,train,30,4500,0.000137433718040869,0.25109076499938965,0.16270658373832703,0.22427210211753845,0.06440059095621109,0.0011584458407014608,0.00793588999658823,,
1782090337.546363,train,30,4550,0.00013742442720430384,0.23457585275173187,0.14157357811927795,0.21743544936180115,0.07702257484197617,0.0013211326440796256,0.007791211362928152,,
1782090346.904117,train,30,4600,0.00013741513599206253,0.1867465227842331,0.10993702709674835,0.1752973347902298,0.06575280427932739,0.0010876633459702134,0.006728637032210827,,
1782090356.3231983,train,30,4650,0.00013740584440423843,0.28059712052345276,0.18894290924072266,0.22991041839122772,0.06806080788373947,0.0014622295275330544,0.006914528552442789,,
1782090365.7388926,train,30,4700,0.00013739655244092457,0.2802344858646393,0.18493950366973877,0.26031360030174255,0.06028945744037628,0.0007185307331383228,0.005246675573289394,,
1782090375.1264575,train,30,4750,0.00013738726010221447,0.216795414686203,0.12788280844688416,0.22446180880069733,0.06524232774972916,0.001759914099238813,0.00818504299968481,,
1782090384.485628,train,30,4800,0.00013737796738820133,0.1830824464559555,0.09102379530668259,0.23299412429332733,0.067454993724823,0.000826333649456501,0.005010133609175682,,
1782090393.8565435,train,30,4850,0.00013736867429897857,0.2405240386724472,0.15840034186840057,0.2035340666770935,0.06225922331213951,0.0011056407820433378,0.00696854293346405,,
1782090403.2860873,train,30,4900,0.0001373593808346392,0.22251065075397491,0.13267284631729126,0.22934505343437195,0.06476178020238876,0.0012063917238265276,0.006943613290786743,,
1782090412.6590111,train,30,4950,0.00013735008699527687,0.31125810742378235,0.20686288177967072,0.29010581970214844,0.06344520300626755,0.0014618471032008529,0.013698923401534557,,
1782090422.078144,train,30,5000,0.00013734079278098456,0.2538112699985504,0.15518531203269958,0.243072971701622,0.07539905607700348,0.001581943011842668,0.007400651928037405,,
1782090431.5174267,train,30,5050,0.00013733149819185558,0.239554762840271,0.15075159072875977,0.24208365380764008,0.05635378137230873,0.0010536176851019263,0.005839447025209665,,
1782090440.958511,train,30,5100,0.0001373222032279834,0.20882466435432434,0.11938584595918655,0.2273726612329483,0.06490155309438705,0.0014486886793747544,0.006286777090281248,,
1782090450.322144,train,30,5150,0.00013731290788946115,0.17806889116764069,0.10153929144144058,0.17854133248329163,0.06361479312181473,0.0008687861845828593,0.007520774845033884,,
1782090459.7336063,train,30,5200,0.00013730361217638217,0.25387322902679443,0.17144045233726501,0.21232417225837708,0.05849192664027214,0.0010575876804068685,0.006596524268388748,,
1782090469.226479,train,30,5250,0.00013729431608884004,0.24232915043830872,0.1494513303041458,0.2438778430223465,0.06356766819953918,0.0012453414965420961,0.005989532917737961,,
1782090478.5616884,train,30,5300,0.00013728501962692773,0.2915838360786438,0.18384531140327454,0.30751505494117737,0.061504464596509933,0.0010753337992355227,0.006510515231639147,,
1782090487.8873885,train,30,5350,0.00013727572279073882,0.3713619112968445,0.2792743444442749,0.23876848816871643,0.06452202051877975,0.0013444526121020317,0.008774575777351856,,
1782090497.1858482,train,30,5400,0.00013726642558036648,0.3223164677619934,0.22506959736347198,0.25371113419532776,0.0674094706773758,0.0011434078915044665,0.008464498445391655,,
1782090506.5948672,train,30,5450,0.00013725712799590408,0.27798518538475037,0.18269044160842896,0.25890305638313293,0.06099165603518486,0.0007316217524930835,0.0052488199435174465,,
1782090515.955622,train,30,5500,0.00013724783003744495,0.15596458315849304,0.07718681544065475,0.1782999485731125,0.06817292422056198,0.0011631101369857788,0.00802072137594223,,
1782090525.3795342,train,30,5550,0.0001372385317050824,0.3368740379810333,0.22778600454330444,0.29267269372940063,0.07140561938285828,0.0021704817190766335,0.006607146468013525,,
1782090534.7683103,train,30,5600,0.00013722923299890971,0.1868530660867691,0.1023583635687828,0.21363051235675812,0.061892226338386536,0.0014094955986365676,0.005751905497163534,,
1782090544.1289291,train,30,5650,0.00013721993391902038,0.1531519889831543,0.07294847816228867,0.1982293426990509,0.06104382127523422,0.0012425705790519714,0.0065565467812120914,,
1782090553.486208,train,30,5700,0.00013721063446550766,0.20810532569885254,0.12025023251771927,0.21809037029743195,0.06636475026607513,0.0015011089853942394,0.007634588051587343,,
1782090562.9216037,train,30,5750,0.00013720133463846493,0.21224677562713623,0.12347845733165741,0.21259719133377075,0.07091778516769409,0.0016013361746445298,0.00863052811473608,,
1782090572.3294456,train,30,5800,0.00013719203443798546,0.15310338139533997,0.0783492922782898,0.163689985871315,0.06745227426290512,0.0010545483091846108,0.004637157078832388,,
1782090581.7961502,train,30,5850,0.00013718273386416273,0.2331935316324234,0.14316828548908234,0.2232138216495514,0.06820900738239288,0.0011729028774425387,0.004549296572804451,,
1782090591.1913915,train,30,5900,0.0001371734329170902,0.3808605670928955,0.26604020595550537,0.3162694275379181,0.07116017490625381,0.0017292463453486562,0.006036836188286543,,
1782090600.5724957,train,30,5950,0.00013716413159686104,0.30375123023986816,0.17014874517917633,0.37831053137779236,0.07777617126703262,0.0013676233356818557,0.006020552013069391,,
1782090609.9708338,train,30,6000,0.00013715482990356856,0.3670139014720917,0.26818832755088806,0.261475145816803,0.06669003516435623,0.0011176296975463629,0.010426545515656471,,
1782090619.4067352,train,30,6050,0.00013714552783730626,0.2211959809064865,0.12573781609535217,0.25519588589668274,0.06311436742544174,0.0010201850673183799,0.004996565170586109,,
1782090628.8023171,train,30,6100,0.0001371362253981676,0.2124113142490387,0.1214316263794899,0.23444050550460815,0.06441027671098709,0.0016442117048427463,0.0072697838768363,,
1782090638.2565317,train,30,6150,0.00013712692258624582,0.2634899318218231,0.17510876059532166,0.2362329661846161,0.0584421381354332,0.0010186887811869383,0.0062784296460449696,,
1782090647.6219444,train,30,6200,0.00013711761940163428,0.3081836700439453,0.20140893757343292,0.291786789894104,0.06735711544752121,0.00149471964687109,0.005669250153005123,,
1782090657.0254357,train,30,6250,0.0001371083158444265,0.2567625045776367,0.17365820705890656,0.2085360586643219,0.06174232065677643,0.0009913555113598704,0.005789798218756914,,
1782090666.455612,train,30,6300,0.00013709901191471578,0.4438490867614746,0.33660998940467834,0.27828094363212585,0.07504041492938995,0.0014866398414596915,0.010069646872580051,,
1782090675.9384866,train,30,6350,0.00013708970761259551,0.3165375590324402,0.21469281613826752,0.2759493887424469,0.06543806195259094,0.0013833778211846948,0.010775410570204258,,
1782090685.3625627,train,30,6400,0.00013708040293815925,0.25082889199256897,0.15564270317554474,0.25900962948799133,0.06060243770480156,0.0013254767982289195,0.0074172308668494225,,
1782090694.8136818,train,30,6450,0.00013707109789150025,0.21176567673683167,0.13062572479248047,0.18099445104599,0.07157544791698456,0.0010362807661294937,0.0069830031134188175,,
1782090704.286279,train,30,6500,0.0001370617924727119,0.2365747094154358,0.14589601755142212,0.2355124056339264,0.06336887925863266,0.0011616131523624063,0.007067847065627575,,
1782090713.6582272,train,30,6550,0.0001370524866818877,0.38351601362228394,0.28025442361831665,0.27511492371559143,0.06870190054178238,0.0013189265737310052,0.008245527744293213,,
1782090723.0812986,train,30,6600,0.00013704318051912091,0.27945876121520996,0.17990459501743317,0.27383407950401306,0.0619463212788105,0.0012249069986864924,0.007407012395560741,,
1782090732.5908089,train,30,6650,0.00013703387398450518,0.35044774413108826,0.25018489360809326,0.27094459533691406,0.06483268737792969,0.001103539252653718,0.00616814149543643,,
1782090742.0715551,train,30,6700,0.00013702456707813377,0.200602188706398,0.10278710722923279,0.2560763359069824,0.06725829839706421,0.0016685540322214365,0.006120092701166868,,
1782090751.5511186,train,30,6750,0.00013701525980010001,0.21479329466819763,0.13109348714351654,0.2020973116159439,0.06618169695138931,0.0008464214624837041,0.005867263302206993,,
1782090761.1244326,train,30,6800,0.0001370059521504975,0.19287057220935822,0.11244477331638336,0.1840793937444687,0.06857787817716599,0.0011699774768203497,0.0101783974096179,,
1782090770.7589808,train,30,6850,0.00013699664412941958,0.22005435824394226,0.13012400269508362,0.23676078021526337,0.061279986053705215,0.0010016524465754628,0.004933541640639305,,
1782090780.3379712,train,30,6900,0.00013698733573695983,0.18073482811450958,0.08605842292308807,0.24345332384109497,0.0673631951212883,0.0013147465651854873,0.004907737486064434,,
1782090789.8828878,train,30,6950,0.00013697802697321154,0.2614540457725525,0.17485684156417847,0.21879418194293976,0.06360698491334915,0.0009515461279079318,0.005487529095262289,,
1782090799.413744,train,30,7000,0.0001369687178382683,0.3406584560871124,0.2390100508928299,0.2773018777370453,0.06438323855400085,0.001313255401328206,0.0073737893253564835,,
1782090808.8267708,train,30,7050,0.00013695940833222342,0.22952710092067719,0.1314997673034668,0.2612510919570923,0.06514069437980652,0.0014421740779653192,0.007506950758397579,,
1782090818.4686253,train,30,7100,0.00013695009845517034,0.1638885885477066,0.08925680071115494,0.168195903301239,0.06490509957075119,0.0013025010703131557,0.006990325171500444,,
1782090828.7096205,train,30,7150,0.0001369407882072026,0.19305425882339478,0.09086709469556808,0.27706456184387207,0.06558778882026672,0.001271248096600175,0.005367721430957317,,
1782090839.0676858,train,30,7200,0.00013693147758841366,0.2866467833518982,0.17790240049362183,0.30108213424682617,0.06662940233945847,0.0015915734693408012,0.006073822267353535,,
1782090849.6665301,train,30,7250,0.00013692216659889694,0.2775050103664398,0.17263077199459076,0.29904916882514954,0.05998145416378975,0.0012121546315029263,0.005155923776328564,,
1782090861.2393525,train,30,7300,0.00013691285523874584,0.17281140387058258,0.10002753138542175,0.15751232206821442,0.06660893559455872,0.00101322284899652,0.009407156147062778,,
1782090873.04062,train,30,7350,0.00013690354350805403,0.34264805912971497,0.24393875896930695,0.26371103525161743,0.06537721306085587,0.0009292592294514179,0.0062710982747375965,,
1782090885.4354367,train,30,7400,0.00013689423140691485,0.2100939303636551,0.11424541473388672,0.24564355611801147,0.06861696392297745,0.0012914810795336962,0.00833615381270647,,
1782090898.4752226,train,30,7450,0.00013688491893542177,0.22735600173473358,0.12470780313014984,0.27051931619644165,0.06973815709352493,0.0014930038014426827,0.0062134419567883015,,
1782090910.13748,train,30,7500,0.0001368756060936683,0.2242755889892578,0.1340591311454773,0.23912085592746735,0.06069177761673927,0.0009036763804033399,0.005870018154382706,,
1782090921.9845297,train,30,7550,0.00013686629288174788,0.23984350264072418,0.13786634802818298,0.2817588448524475,0.06280253082513809,0.001361766830086708,0.007558781187981367,,
1782090933.1841934,train,30,7600,0.00013685697929975395,0.36772724986076355,0.2522282600402832,0.30835431814193726,0.07657361030578613,0.00123593641910702,0.006438337732106447,,
1782090943.8383412,train,30,7650,0.0001368476653477801,0.29276537895202637,0.18724969029426575,0.28667670488357544,0.06741611659526825,0.0013843299821019173,0.006281898356974125,,
1782090953.8910382,train,30,7700,0.00013683835102591983,0.3517543375492096,0.24766021966934204,0.28338050842285156,0.06633239984512329,0.0008280097390525043,0.005045255180448294,,
1782090963.9306657,train,30,7750,0.00013682903633426666,0.23544718325138092,0.12988382577896118,0.2887304127216339,0.06651394069194794,0.0012378934770822525,0.0066636293195188046,,
1782090973.7896678,train,30,7800,0.00013681972127291403,0.230462908744812,0.15876756608486176,0.16841985285282135,0.05899745970964432,0.0009166239178739488,0.007036176975816488,,
1782090983.424111,train,30,7850,0.00013681040584195546,0.1782872974872589,0.08727051317691803,0.23621730506420135,0.06365359574556351,0.0013566361740231514,0.011305333115160465,,
1782090993.0500176,train,30,7900,0.0001368010900414846,0.28313249349594116,0.2009221613407135,0.1931009441614151,0.06772755086421967,0.0007130458834581077,0.004557172767817974,,
1782091003.063272,train,30,7950,0.0001367917738715948,0.3040539026260376,0.2089337408542633,0.2420860081911087,0.06889961659908295,0.0014883243711665273,0.007044873666018248,,
1782091012.631298,train,30,8000,0.00013678245733237957,0.3388616144657135,0.21572594344615936,0.3613344430923462,0.06535165011882782,0.0012623772490769625,0.005765168461948633,,
1782091022.130369,train,30,8050,0.00013677314042393252,0.29077988862991333,0.19194991886615753,0.274333119392395,0.06029608100652695,0.0009865234605967999,0.004949366208165884,,
1782091031.6548467,train,30,8100,0.00013676382314634704,0.22318869829177856,0.12824442982673645,0.24123205244541168,0.06891611218452454,0.0017820600187405944,0.01140702236443758,,
1782091041.1640604,train,30,8150,0.00013675450549971682,0.24777880311012268,0.15282754600048065,0.23820151388645172,0.07046133279800415,0.0017021921230480075,0.0068570831790566444,,
1782091050.653977,train,30,8200,0.0001367451874841352,0.2796461880207062,0.18290050327777863,0.2369459867477417,0.07474178820848465,0.0013829556992277503,0.005769974552094936,,
1782091060.1821837,train,30,8250,0.00013673586909969594,0.2723000943660736,0.16738826036453247,0.2952803075313568,0.06198214367032051,0.0010065741371363401,0.007089256774634123,,
1782091069.6209083,train,30,8300,0.00013672655034649236,0.1718500256538391,0.09529237449169159,0.1822112500667572,0.06172111630439758,0.0014428733848035336,0.00668014120310545,,
1782091079.0605345,train,30,8350,0.00013671723122461821,0.4029514193534851,0.2862871587276459,0.3355465531349182,0.06534752249717712,0.0010383728658780456,0.005931917577981949,,
1782091088.47721,train,30,8400,0.000136707911734167,0.18049253523349762,0.09459985047578812,0.20524099469184875,0.06884078681468964,0.0016205734573304653,0.005743514280766249,,
1782091097.90633,train,30,8450,0.00013669859187523224,0.36754322052001953,0.2715621292591095,0.2378576695919037,0.07279706001281738,0.0011813321616500616,0.007475036662071943,,
1782091107.3293982,train,30,8500,0.00013668927164790738,0.2404460459947586,0.1467738002538681,0.23663967847824097,0.06871868669986725,0.0015299468068405986,0.005813338793814182,,
1782091116.678721,train,30,8550,0.00013667995105228628,0.1593005359172821,0.08358433842658997,0.1647236943244934,0.06885681301355362,0.0010687591275200248,0.008679771795868874,,
1782091126.1433876,train,30,8600,0.0001366706300884621,0.305488646030426,0.19268126785755157,0.30541568994522095,0.07258471101522446,0.0016111768782138824,0.007591625209897757,,
1782091135.6463494,train,30,8650,0.00013666130875652872,0.223354309797287,0.1403934359550476,0.19603890180587769,0.06773562729358673,0.0008333371370099485,0.00652397982776165,,
1782091145.0700102,train,30,8700,0.00013665198705657954,0.23401613533496857,0.1560070514678955,0.1911049485206604,0.06025409698486328,0.0010579846566542983,0.008134059607982635,,
1782091154.5752332,train,30,8750,0.00013664266498870827,0.3343179225921631,0.22499054670333862,0.2914848029613495,0.07270639389753342,0.0010295440442860126,0.006167735438793898,,
1782091163.957912,train,30,8800,0.00013663334255300844,0.17885155975818634,0.09552942961454391,0.18406803905963898,0.07428362220525742,0.0016330399084836245,0.009402059018611908,,
1782091173.3496885,train,30,8850,0.00013662401974957346,0.2097272276878357,0.12559722363948822,0.19124354422092438,0.07237277179956436,0.0013273566728457808,0.0052014729008078575,,
1782091182.7419965,train,30,8900,0.00013661469657849716,0.18432565033435822,0.11540322005748749,0.15606963634490967,0.05956733971834183,0.0012134944554418325,0.008430774323642254,,
1782091192.2109957,train,30,8950,0.00013660537303987296,0.20912997424602509,0.10335156321525574,0.2897822856903076,0.06639540940523148,0.001351397018879652,0.006397547200322151,,
1782091203.8173354,train,30,9000,0.00013659604913379445,0.3347119390964508,0.22860966622829437,0.2871588170528412,0.06834549456834793,0.0013982584932819009,0.006961740553379059,,
1782091213.3946233,train,30,9050,0.00013658672486035526,0.2314339280128479,0.1568884700536728,0.1684546321630478,0.06458728015422821,0.001381680485792458,0.008163221180438995,,
1782091222.8702722,train,30,9100,0.00013657740021964906,0.26955538988113403,0.1697009950876236,0.2637059986591339,0.06758124381303787,0.0013727403711527586,0.006776363123208284,,
1782091232.3499439,train,30,9150,0.00013656807521176937,0.19307823479175568,0.09625411778688431,0.2545507550239563,0.06604833900928497,0.0016225293511524796,0.008564694784581661,,
1782091241.740261,train,30,9200,0.00013655874983680992,0.2443556785583496,0.15508560836315155,0.23450566828250885,0.06106993556022644,0.001086924341507256,0.00464987475425005,,
1782091251.2399356,train,30,9250,0.0001365494240948643,0.3343731164932251,0.22175469994544983,0.3074107766151428,0.0713517963886261,0.0008982930448837578,0.006233298685401678,,
1782091260.711065,train,30,9300,0.0001365400979860261,0.2369624674320221,0.12292741239070892,0.3103964030742645,0.07256024330854416,0.0015583304921165109,0.005748606286942959,,
1782091270.1876104,train,30,9350,0.0001365307715103888,0.2808476984500885,0.19073499739170074,0.23976626992225647,0.06011601909995079,0.001131274621002376,0.00622215773910284,,
1782091279.6134768,train,30,9400,0.00013652144466804597,0.2602742910385132,0.16316422820091248,0.2507702708244324,0.068625807762146,0.0010459426557645202,0.005327177233994007,,
1782091288.9471903,train,30,9450,0.00013651211745909145,0.2037348598241806,0.12776397168636322,0.1690559685230255,0.06721747666597366,0.0009815525263547897,0.006743539124727249,,
1782091298.3497872,train,30,9500,0.00013650278988361892,0.21551233530044556,0.11730466037988663,0.2459370642900467,0.07312352955341339,0.0016164345433935523,0.011882415041327477,,
1782091307.7940016,train,30,9550,0.0001364934619417218,0.3754340708255768,0.26209527254104614,0.3234240412712097,0.06465888768434525,0.0015334613854065537,0.007201396394520998,,
1782091317.164621,train,30,9600,0.00013648413363349395,0.19213980436325073,0.09936998039484024,0.23323024809360504,0.06865594536066055,0.001342853414826095,0.006640363950282335,,
1782091326.5801206,train,30,9650,0.00013647480495902886,0.3478616178035736,0.2332751601934433,0.3140629827976227,0.07192691415548325,0.0010725053725764155,0.005827112589031458,,
1782091335.9329739,train,30,9700,0.00013646547591842013,0.20605063438415527,0.09069832414388657,0.3393096327781677,0.06075409799814224,0.00147859042044729,0.0067176553420722485,,
1782091345.3455145,train,30,9750,0.0001364561465117615,0.2673858106136322,0.17097672820091248,0.2621108591556549,0.061453014612197876,0.0015489178476855159,0.00752949109300971,,
1782091354.9247801,train,30,9800,0.00013644681673914656,0.3971097767353058,0.278562992811203,0.3346138000488281,0.06959815323352814,0.0009427749901078641,0.004784091841429472,,
1782091364.2614398,train,30,9850,0.00013643748660066896,0.2867775559425354,0.17954961955547333,0.2859511077404022,0.07113813608884811,0.0017109311884269118,0.007200084626674652,,
1782091373.662658,train,30,9900,0.00013642815609642253,0.2942122519016266,0.20848874747753143,0.21398888528347015,0.06426575779914856,0.0009342470439150929,0.006031358148902655,,
1782091383.0484443,train,30,9950,0.00013641882522650076,0.27007153630256653,0.16628558933734894,0.27587008476257324,0.06934012472629547,0.001483702682889998,0.00690257316455245,,
1782091392.469955,train,30,10000,0.00013640949399099746,0.26878049969673157,0.16155673563480377,0.2965211570262909,0.06581516563892365,0.0018591624684631824,0.008065016008913517,,
1782091401.8537614,train,30,10050,0.0001364001623900061,0.2439829409122467,0.1513935625553131,0.2287815362215042,0.07044409215450287,0.0017196317203342915,0.012086941860616207,,
1782091411.4112234,train,30,10100,0.00013639083042362048,0.1648363620042801,0.0824584811925888,0.19585596024990082,0.06660883128643036,0.0010947511764243245,0.009550832211971283,,
1782091420.8654544,train,30,10150,0.00013638149809193421,0.23137013614177704,0.15037161111831665,0.19317366182804108,0.06520208716392517,0.0010407586814835668,0.0069684116169810295,,
1782091430.1987736,train,30,10200,0.000136372165395041,0.30353283882141113,0.21075715124607086,0.24148833751678467,0.06461281329393387,0.0009717768407426775,0.005729944445192814,,
1782091439.678082,train,30,10250,0.00013636283233303472,0.30111202597618103,0.20900440216064453,0.22801297903060913,0.06999342143535614,0.0010763111058622599,0.0065060751512646675,,
1782091449.0641227,train,30,10300,0.00013635349890600866,0.22548328340053558,0.14933541417121887,0.17584466934204102,0.06414615362882614,0.001136277336627245,0.0070779467932879925,,
1782091458.4981124,train,30,10350,0.0001363441651140568,0.23258601129055023,0.12576065957546234,0.2746732831001282,0.07582458108663559,0.0024473194498568773,0.006999186240136623,,
1782091467.974691,train,30,10400,0.00013633483095727288,0.24252471327781677,0.14640234410762787,0.23955030739307404,0.07222216576337814,0.0012370292097330093,0.006959020160138607,,
1782091477.3840492,train,30,10450,0.00013632549643575038,0.269253671169281,0.16450496017932892,0.26427319645881653,0.07710341364145279,0.0012867796467617154,0.005987785756587982,,
1782091486.8590336,train,30,10500,0.00013631616154958302,0.3038478493690491,0.19398020207881927,0.300841361284256,0.06889389455318451,0.002103573875501752,0.0058477106504142284,,
1782091496.3151622,train,30,10550,0.0001363068262988648,0.2157370001077652,0.12260369956493378,0.24009205400943756,0.06577979028224945,0.002204070333391428,0.0073157683946192265,,
1782091505.7734165,train,30,10600,0.0001362974906836891,0.22429898381233215,0.1260301023721695,0.2544962763786316,0.06902217119932175,0.0013371816603466868,0.0076081352308392525,,
1782091515.0873964,train,30,10650,0.00013628815470414973,0.2633090317249298,0.14634931087493896,0.3276786506175995,0.06972146034240723,0.0017930783797055483,0.007050909101963043,,
1782091524.524057,train,30,10700,0.0001362788183603405,0.4227018356323242,0.309245228767395,0.3122795820236206,0.07047330588102341,0.0015004102606326342,0.007049171254038811,,
1782091534.038351,train,30,10750,0.0001362694816523551,0.40489351749420166,0.29039931297302246,0.31904515624046326,0.06917767226696014,0.0014407157432287931,0.004333361051976681,,
1782091543.4783833,train,30,10800,0.0001362601445802872,0.27122756838798523,0.17514969408512115,0.2521062195301056,0.06589435786008835,0.0010412957053631544,0.005302639212459326,,
1782091552.9356775,train,30,10850,0.00013625080714423047,0.25888824462890625,0.14883635938167572,0.29754891991615295,0.07106570154428482,0.00131786719430238,0.007912619039416313,,
1782091562.3625176,train,30,10900,0.00013624146934427872,0.3264051675796509,0.22306016087532043,0.285093754529953,0.06388279050588608,0.0013016673037782311,0.007630776613950729,,
1782091571.7748563,train,30,10950,0.00013623213118052566,0.2510353624820709,0.15881137549877167,0.23320429027080536,0.06759393960237503,0.0012595020234584808,0.006735362112522125,,
1782091581.2177367,train,30,11000,0.00013622279265306512,0.2771780490875244,0.15848419070243835,0.33611759543418884,0.06907471269369125,0.0012709766160696745,0.008067545481026173,,
1782091590.6303327,train,30,11050,0.00013621345376199065,0.27311161160469055,0.1760215014219284,0.2668153643608093,0.060507938265800476,0.0013228210154920816,0.00693921372294426,,
1782091600.0766265,train,30,11100,0.00013620411450739628,0.2504507005214691,0.1342499852180481,0.3060944974422455,0.07894641160964966,0.0020386353135108948,0.009001364931464195,,
1782091609.4159558,train,30,11150,0.00013619477488937548,0.3689219653606415,0.28285539150238037,0.2183050662279129,0.06276796013116837,0.001062980736605823,0.0053702411241829395,,
1782091618.8624296,train,30,11200,0.00013618543490802226,0.25652310252189636,0.13979119062423706,0.3193681538105011,0.07337024807929993,0.0020478505175560713,0.007066977676004171,,
1782091628.346655,train,30,11250,0.0001361760945634302,0.2917133569717407,0.16714434325695038,0.35539108514785767,0.07117322832345963,0.001346235047094524,0.0063766841776669025,,
1782091637.7762759,train,30,11300,0.00013616675385569308,0.2344978004693985,0.14739243686199188,0.219694122672081,0.06408745050430298,0.001381052890792489,0.006801813840866089,,
1782091647.2166288,train,30,11350,0.00013615741278490473,0.21735072135925293,0.1331721991300583,0.21296241879463196,0.0616568960249424,0.001094701001420617,0.00708782160654664,,
1782091656.6793191,train,30,11400,0.00013614807135115876,0.4261445105075836,0.2988704741001129,0.35771429538726807,0.07532155513763428,0.0018469224451109767,0.00716813700273633,,
1782091666.1391168,train,30,11450,0.00013613872955454915,0.2658974528312683,0.16433046758174896,0.2682114839553833,0.0687531903386116,0.0013752203667536378,0.009257885627448559,,
1782091675.5921626,train,30,11500,0.00013612938739516957,0.36072972416877747,0.25462186336517334,0.29087433218955994,0.06651707738637924,0.0013073909794911742,0.006714954506605864,,
1782091685.0474565,train,30,11550,0.00013612004487311384,0.27868327498435974,0.172000914812088,0.28871867060661316,0.0686587393283844,0.0017330496339127421,0.00788517389446497,,
1782091694.4192438,train,30,11600,0.00013611070198847567,0.2379777878522873,0.14494605362415314,0.24214895069599152,0.06472219526767731,0.0013341425219550729,0.00708211911842227,,
1782091703.858085,train,30,11650,0.0001361013587413489,0.15032954514026642,0.07437831908464432,0.17092585563659668,0.06620238721370697,0.0011856753844767809,0.006879338063299656,,
1782091713.2385852,train,30,11700,0.0001360920151318273,0.24825184047222137,0.16408070921897888,0.19326242804527283,0.07145733386278152,0.0012686081463471055,0.005474782548844814,,
1782091722.650687,train,30,11750,0.00013608267116000473,0.314914345741272,0.2161557823419571,0.25924238562583923,0.06763479858636856,0.0013056483585387468,0.007785716559737921,,
1782091732.1648033,train,30,11800,0.00013607332682597496,0.38385123014450073,0.2673865258693695,0.3346405327320099,0.06533867120742798,0.0013524300884455442,0.00793424155563116,,
1782091741.550752,train,30,11850,0.00013606398212983166,0.42711004614830017,0.30177658796310425,0.3711487948894501,0.06486356258392334,0.0011446240823715925,0.007036658935248852,,
1782091750.9150438,train,30,11900,0.0001360546370716688,0.18167929351329803,0.0914006158709526,0.2211860865354538,0.0696500688791275,0.0015713587636128068,0.006649170070886612,,
1782091760.3133276,train,30,11950,0.00013604529165158011,0.22196842730045319,0.1065579503774643,0.3125620484352112,0.07417192310094833,0.0018400187836959958,0.006382003426551819,,
1782091769.7384822,train,30,12000,0.00013603594586965935,0.2059343010187149,0.12655702233314514,0.19469678401947021,0.061150334775447845,0.0012790809851139784,0.0072012972086668015,,
1782091779.1315167,train,30,12050,0.00013602659972600047,0.2318715900182724,0.12944716215133667,0.2739706337451935,0.06764370948076248,0.0010992432944476604,0.0043744249269366264,,
1782091788.4828808,train,30,12100,0.0001360172532206972,0.24345819652080536,0.1509939581155777,0.24427714943885803,0.06260946393013,0.0009021576843224466,0.005403292365372181,,
1782091797.858051,train,30,12150,0.00013600790635384338,0.2758277952671051,0.17811566591262817,0.2520807981491089,0.06911154091358185,0.0013615719508379698,0.006136665586382151,,
1782091807.246395,train,30,12200,0.00013599855912553292,0.3152773380279541,0.19749358296394348,0.3421771824359894,0.06421713531017303,0.001308995415456593,0.006256560329347849,,
1782091816.721194,train,30,12250,0.0001359892115358594,0.2570760250091553,0.17714643478393555,0.18570375442504883,0.06678600609302521,0.0011065269354730844,0.00653562368825078,,
1782091826.1282244,train,30,12300,0.0001359798635849169,0.26205724477767944,0.17767266929149628,0.21304339170455933,0.062003083527088165,0.0012219902127981186,0.007105974946171045,,
1782091835.5653822,train,30,12350,0.00013597051527279924,0.29273518919944763,0.18697886168956757,0.2806248068809509,0.07096555829048157,0.001173399155959487,0.007903050631284714,,
1782091844.9257898,train,30,12400,0.00013596116659960006,0.19400447607040405,0.10168717056512833,0.2328980714082718,0.06791264563798904,0.0013645748840644956,0.006137276068329811,,
1782091854.413387,train,30,12450,0.00013595181756541333,0.12146037817001343,0.05480091646313667,0.13926108181476593,0.06347838789224625,0.001049913582392037,0.005785566288977861,,
1782091863.888105,train,30,12500,0.00013594246817033302,0.4511842727661133,0.3153872489929199,0.39436012506484985,0.07410158216953278,0.0015622434439137578,0.006787947379052639,,
1782091873.2593734,train,30,12550,0.00013593311841445297,0.3952779769897461,0.2942531108856201,0.27730053663253784,0.06319747865200043,0.001009810366667807,0.006517533678561449,,
1782091882.7071896,train,30,12600,0.00013592376829786669,0.2964983284473419,0.1890193372964859,0.2936209738254547,0.06790454685688019,0.0012147704837843776,0.005347816273570061,,
1782091892.1058722,train,30,12650,0.00013591441782066847,0.217332661151886,0.1238422766327858,0.24453087151050568,0.06448348611593246,0.0011591727379709482,0.006363868713378906,,
1782091901.5555272,train,30,12700,0.0001359050669829521,0.2262609601020813,0.13497033715248108,0.23435567319393158,0.06523209810256958,0.0008564541349187493,0.005292946007102728,,
1782091911.0825057,train,30,12750,0.00013589571578481122,0.3230065107345581,0.21582035720348358,0.2926485240459442,0.06777558475732803,0.0013621845282614231,0.006479899864643812,,
1782091920.5192695,train,30,12800,0.0001358863642263398,0.24273556470870972,0.14955635368824005,0.24559403955936432,0.06335808336734772,0.0010165253188461065,0.00654608104377985,,
1782091929.9075832,train,30,12850,0.00013587701230763176,0.3557337522506714,0.24519900977611542,0.3106805980205536,0.06544563919305801,0.0014177383854985237,0.005939199589192867,,
1782091939.3390114,train,30,12900,0.00013586766002878094,0.2712957561016083,0.18410703539848328,0.21869537234306335,0.06484229862689972,0.0009372070198878646,0.006927039008587599,,
1782091948.7074704,train,30,12950,0.0001358583073898812,0.24853350222110748,0.1368861198425293,0.29344990849494934,0.07623735070228577,0.0016624386189505458,0.011178618296980858,,
1782091958.2710018,train,30,13000,0.0001358489543910265,0.3368685841560364,0.21736747026443481,0.3359573781490326,0.07074139267206192,0.0014106722082942724,0.007204355206340551,,
1782091967.7321951,train,30,13050,0.00013583960103231058,0.2413119077682495,0.15801121294498444,0.21001167595386505,0.0614280179142952,0.0008378145284950733,0.0073141190223395824,,
1782092100.0482426,val,30,,,0.2999332897953226,0.1863749349392053,0.3121745189259286,0.07074413968195888,0.001426553691431076,0.006849226551410991,3.969749689102173,0.29849018156528473
1782092110.9495313,train,31,50,0.0001358274411281419,0.3367890417575836,0.2198718637228012,0.31902390718460083,0.07397475093603134,0.0017382361693307757,0.008511300198733807,,
1782092120.6091487,train,31,100,0.00013581808694210174,0.1735353171825409,0.09915049374103546,0.1632198542356491,0.06697286665439606,0.0009343355777673423,0.005625649821013212,,
1782092130.335464,train,31,150,0.00013580873239651026,0.22954365611076355,0.1314934343099594,0.2640037536621094,0.06383945792913437,0.001295445952564478,0.005759952124208212,,
1782092139.8936646,train,31,200,0.00013579937749146168,0.3036527931690216,0.20084784924983978,0.2877439558506012,0.06151933595538139,0.0010928123956546187,0.006874578073620796,,
1782092149.7409203,train,31,250,0.0001357900222270494,0.2615759074687958,0.14688469469547272,0.30601808428764343,0.07615788280963898,0.0010776406852528453,0.0055606309324502945,,
1782092159.5873456,train,31,300,0.00013578066660336764,0.18246978521347046,0.10927608609199524,0.1590411514043808,0.06668794900178909,0.0008943766006268561,0.0052386862225830555,,
1782092169.3134217,train,31,350,0.0001357713106205103,0.2539445161819458,0.1467742770910263,0.3099987804889679,0.0590558797121048,0.001425973023287952,0.005995613522827625,,
1782092178.8983018,train,31,400,0.00013576195427857126,0.34540629386901855,0.23262377083301544,0.31839245557785034,0.06610007584095001,0.0013437867164611816,0.007263291627168655,,
1782092188.5304217,train,31,450,0.00013575259757764448,0.22177347540855408,0.1324918568134308,0.22958022356033325,0.06352689862251282,0.0012311139144003391,0.00748927379027009,,
1782092197.9918334,train,31,500,0.00013574324051782377,0.2751440405845642,0.1800646036863327,0.24455788731575012,0.0676327720284462,0.0012357226805761456,0.007199014537036419,,
1782092207.4184296,train,31,550,0.00013573388309920314,0.4221901297569275,0.2841055393218994,0.41871777176856995,0.06654388457536697,0.001332080108113587,0.0076760826632380486,,
1782092216.958916,train,31,600,0.00013572452532187643,0.4143427014350891,0.2894566059112549,0.35778477787971497,0.07058931887149811,0.0014526719460263848,0.00885825790464878,,
1782092226.4571455,train,31,650,0.0001357151671859377,0.29505598545074463,0.1940305083990097,0.2658654451370239,0.06886465847492218,0.0012681236257776618,0.005878032650798559,,
1782092235.8236058,train,31,700,0.00013570580869148077,0.28476008772850037,0.17563852667808533,0.30549997091293335,0.06533335149288177,0.0007990634185262024,0.005225965287536383,,
1782092245.3672433,train,31,750,0.00013569644983859973,0.2387840300798416,0.14254170656204224,0.2679034471511841,0.05825842544436455,0.0013726061442866921,0.008399220183491707,,
1782092254.9322157,train,31,800,0.0001356870906273884,0.24733591079711914,0.14768153429031372,0.252945214509964,0.07240916788578033,0.002135047223418951,0.007519502192735672,,
1782092264.430036,train,31,850,0.00013567773105794078,0.1408645361661911,0.060748565942049026,0.17750371992588043,0.071217842400074,0.0013111354783177376,0.004895910155028105,,
1782092273.9507878,train,31,900,0.00013566837113035074,0.45675259828567505,0.33417099714279175,0.3488679826259613,0.07053984701633453,0.0009467031341046095,0.006523930002003908,,
1782092283.529727,train,31,950,0.0001356590108447125,0.2100263088941574,0.11228719353675842,0.24715642631053925,0.07150217890739441,0.001989123411476612,0.007629224564880133,,
1782092292.9193718,train,31,1000,0.00013564965020111978,0.2339310199022293,0.1347435563802719,0.2589028775691986,0.06868138909339905,0.0012105056084692478,0.006907700560986996,,
1782092302.451325,train,31,1050,0.00013564028919966662,0.19619084894657135,0.11449182033538818,0.19146208465099335,0.06739618629217148,0.0013541028602048755,0.007997092790901661,,
1782092311.9887402,train,31,1100,0.00013563092784044697,0.25845274329185486,0.17163917422294617,0.21735352277755737,0.06473948806524277,0.0010544653050601482,0.007200973574072123,,
1782092321.4137733,train,31,1150,0.00013562156612355482,0.2675447463989258,0.1784968227148056,0.21947455406188965,0.06810587644577026,0.0012635939056053758,0.006082573905587196,,
1782092330.782417,train,31,1200,0.0001356122040490841,0.2913033962249756,0.18550607562065125,0.2869490683078766,0.06791548430919647,0.0010230381740257144,0.007247927598655224,,
1782092340.1913476,train,31,1250,0.00013560284161712887,0.39253130555152893,0.28416621685028076,0.29943394660949707,0.06666015833616257,0.0017650489462539554,0.005339579191058874,,
1782092349.6522985,train,31,1300,0.0001355934788277831,0.22600089013576508,0.14770157635211945,0.17948588728904724,0.06654752790927887,0.0015409038169309497,0.005262451246380806,,
1782092359.1132836,train,31,1350,0.0001355841156811407,0.3530484437942505,0.25293877720832825,0.2753716707229614,0.06231888383626938,0.0010731433285400271,0.006246697623282671,,
1782092368.5468724,train,31,1400,0.00013557475217729567,0.20441216230392456,0.11198177933692932,0.23909945785999298,0.06506378203630447,0.0012362779816612601,0.009020177647471428,,
1782092377.9984643,train,31,1450,0.00013556538831634206,0.17613527178764343,0.10359256714582443,0.15707753598690033,0.06632381677627563,0.001114188926294446,0.006343350280076265,,
1782092387.4952974,train,31,1500,0.00013555602409837374,0.1613176167011261,0.08186303824186325,0.16783055663108826,0.07473533600568771,0.0012926275376230478,0.007696900051087141,,
1782092396.9507568,train,31,1550,0.00013554665952348504,0.2577974796295166,0.17107851803302765,0.2257787138223648,0.060294244438409805,0.0012717306381091475,0.009368529543280602,,
1782092406.3934934,train,31,1600,0.00013553729459176963,0.2682168483734131,0.1619751900434494,0.29068976640701294,0.06678222864866257,0.0017808711854740977,0.006959894672036171,,
1782092415.8976512,train,31,1650,0.0001355279293033215,0.39599111676216125,0.2788529396057129,0.3266444802284241,0.07069884240627289,0.0012764249695464969,0.007396647706627846,,
1782092425.3936324,train,31,1700,0.00013551856365823494,0.2740327715873718,0.17593811452388763,0.2564949095249176,0.06770916283130646,0.0011635494884103537,0.006869270466268063,,
1782092434.839998,train,31,1750,0.00013550919765660383,0.28760451078414917,0.18755291402339935,0.2820286452770233,0.05877567082643509,0.0015661491779610515,0.006986559368669987,,
1782092444.2884092,train,31,1800,0.000135499831298522,0.15296857059001923,0.08040379732847214,0.16857795417308807,0.0606733113527298,0.0008364721434190869,0.006274279206991196,,
1782092453.8330734,train,31,1850,0.0001354904645840837,0.41198256611824036,0.2947981059551239,0.3340119421482086,0.06714417785406113,0.0010941775981336832,0.006255364045500755,,
1782092463.4456668,train,31,1900,0.00013548109751338293,0.23467034101486206,0.1616341471672058,0.15277062356472015,0.06946254521608353,0.0011226291535422206,0.00795655231922865,,
1782092472.953599,train,31,1950,0.00013547173008651362,0.14739997684955597,0.07039565593004227,0.18201060593128204,0.06280253827571869,0.0010039238259196281,0.0062712328508496284,,
1782092482.37059,train,31,2000,0.00013546236230356983,0.30055397748947144,0.19437721371650696,0.27623260021209717,0.07394979894161224,0.0014369230484589934,0.0064821080304682255,,
1782092491.8926427,train,31,2050,0.0001354529941646457,0.20875132083892822,0.10008582472801208,0.2847858667373657,0.07465498149394989,0.0014152891235426068,0.006141966208815575,,
1782092501.35182,train,31,2100,0.00013544362566983523,0.2824837863445282,0.17962127923965454,0.2906617522239685,0.060171063989400864,0.0011153430677950382,0.005043232813477516,,
1782092510.8069062,train,31,2150,0.0001354342568192324,0.18702258169651031,0.0955384224653244,0.22986622154712677,0.06770709902048111,0.0016406774520874023,0.007117434870451689,,
1782092520.3056715,train,31,2200,0.00013542488761293124,0.20699405670166016,0.11626725643873215,0.21107633411884308,0.07562172412872314,0.00146848289296031,0.007644063327461481,,
1782092529.667625,train,31,2250,0.00013541551805102583,0.33802369236946106,0.22480958700180054,0.3123835027217865,0.06993270665407181,0.001518791075795889,0.008780711330473423,,
1782092539.1832008,train,31,2300,0.00013540614813361033,0.16294579207897186,0.0899670422077179,0.16973039507865906,0.06090136989951134,0.0009546051733195782,0.00590754859149456,,
1782092548.614298,train,31,2350,0.00013539677786077859,0.1907980591058731,0.11936168372631073,0.158442884683609,0.06345978379249573,0.0009575742878951132,0.0059053353033959866,,
1782092558.0870469,train,31,2400,0.00013538740723262487,0.16532664000988007,0.08086826652288437,0.19694794714450836,0.07009474188089371,0.0017401014920324087,0.009814536198973656,,
1782092567.5578735,train,31,2450,0.00013537803624924326,0.35468849539756775,0.2466132938861847,0.3177911639213562,0.05698743835091591,0.0013369489461183548,0.007454300299286842,,
1782092576.9879868,train,31,2500,0.00013536866491072768,0.3138176500797272,0.20535099506378174,0.2886762022972107,0.07237378507852554,0.001106719020754099,0.005614893510937691,,
1782092586.443853,train,31,2550,0.00013535929321717224,0.27720198035240173,0.16123732924461365,0.3375680148601532,0.06274587661027908,0.0019970727153122425,0.00601569889113307,,
1782092595.970319,train,31,2600,0.0001353499211686711,0.3470112681388855,0.24895329773426056,0.26278525590896606,0.06446307897567749,0.0013012243434786797,0.004657385870814323,,
1782092605.4167576,train,31,2650,0.00013534054876531822,0.2579992115497589,0.1695660799741745,0.2314215749502182,0.06097817048430443,0.0008865262498147786,0.003944797441363335,,
1782092614.8111212,train,31,2700,0.00013533117600720776,0.20578579604625702,0.12339119613170624,0.2055366039276123,0.061826303601264954,0.0009728962322697043,0.00735383341088891,,
1782092624.243159,train,31,2750,0.00013532180289443376,0.2767733633518219,0.17789268493652344,0.2568122148513794,0.06907821446657181,0.001385097624734044,0.007918189279735088,,
1782092633.7358837,train,31,2800,0.00013531242942709039,0.2321118712425232,0.1329651027917862,0.2780456244945526,0.05908038467168808,0.0009516999707557261,0.006031779572367668,,
1782092643.1274745,train,31,2850,0.00013530305560527158,0.18276846408843994,0.09030552953481674,0.23516497015953064,0.06713443994522095,0.0010447078384459019,0.006855020299553871,,
1782092652.444787,train,31,2900,0.00013529368142907154,0.25823599100112915,0.17233124375343323,0.2073216587305069,0.06795870512723923,0.0009498446597717702,0.005599904339760542,,
1782092661.8060765,train,31,2950,0.00013528430689858426,0.35095077753067017,0.23668791353702545,0.3175397515296936,0.06947997957468033,0.0013793556718155742,0.007035765331238508,,
1782092671.1905124,train,31,3000,0.000135274932013904,0.17552898824214935,0.07396495342254639,0.27309107780456543,0.066197469830513,0.0019254345679655671,0.009606731124222279,,
1782092680.5912101,train,31,3050,0.00013526555677512484,0.23698486387729645,0.14053283631801605,0.25526246428489685,0.06503802537918091,0.0011739919427782297,0.006243732292205095,,
1782092689.9092197,train,31,3100,0.00013525618118234088,0.21381546556949615,0.12575984001159668,0.21879154443740845,0.06646980345249176,0.0012283382238820195,0.006268006283789873,,
1782092699.304051,train,31,3150,0.00013524680523564623,0.3056274950504303,0.21538157761096954,0.24342966079711914,0.05863599479198456,0.0007050962303765118,0.004863288719207048,,
1782092708.7876563,train,31,3200,0.000135237428935135,0.24115526676177979,0.1493675708770752,0.22872501611709595,0.06893621385097504,0.0013834742130711675,0.004482505843043327,,
1782092718.1657934,train,31,3250,0.00013522805228090122,0.2568683922290802,0.16936460137367249,0.22143907845020294,0.06409081071615219,0.0009860892314463854,0.005767961498349905,,
1782092727.558733,train,31,3300,0.00013521867527303898,0.3993212580680847,0.28227123618125916,0.3419613540172577,0.06287680566310883,0.0012126759393140674,0.005790101829916239,,
1782092737.0352235,train,31,3350,0.0001352092979116427,0.32900768518447876,0.2224479764699936,0.29268577694892883,0.06639297306537628,0.0019178634975105524,0.004271764773875475,,
1782092746.5423334,train,31,3400,0.0001351999201968062,0.23573777079582214,0.12412261962890625,0.3190733790397644,0.06326349824666977,0.0021504780743271112,0.008560052141547203,,
1782092756.0404794,train,31,3450,0.000135190542128624,0.21717791259288788,0.11157898604869843,0.288808673620224,0.06651759892702103,0.001379734487272799,0.006628993898630142,,
1782092765.4912007,train,31,3500,0.0001351811637071899,0.27033188939094543,0.17406389117240906,0.24283665418624878,0.07086241990327835,0.0012760611716657877,0.008820973336696625,,
1782092774.9418893,train,31,3550,0.0001351717849325981,0.22172637283802032,0.12869928777217865,0.23158079385757446,0.07006675750017166,0.0009851520881056786,0.006252650637179613,,
1782092784.4152088,train,31,3600,0.0001351624058049428,0.42239439487457275,0.28251713514328003,0.41457176208496094,0.07201294600963593,0.0022782795131206512,0.01260287594050169,,
1782092793.8261492,train,31,3650,0.00013515302632431813,0.21037441492080688,0.10932974517345428,0.27233168482780457,0.06564754247665405,0.0013797887368127704,0.007192345801740885,,
1782092803.274474,train,31,3700,0.00013514364649081819,0.33414244651794434,0.20351655781269073,0.3807487189769745,0.07052139937877655,0.0017801225185394287,0.004831037484109402,,
1782092812.7101042,train,31,3750,0.00013513426630453737,0.3755453824996948,0.25046634674072266,0.3534485995769501,0.0731087177991867,0.001625213772058487,0.00908840075135231,,
1782092822.1347828,train,31,3800,0.00013512488576556954,0.29690641164779663,0.1826985627412796,0.3215157985687256,0.06744907796382904,0.0010437178425490856,0.00802760012447834,,
1782092831.5703464,train,31,3850,0.000135115504874009,0.4113657474517822,0.2715865671634674,0.42435234785079956,0.06707749515771866,0.001523624756373465,0.007010949309915304,,
1782092841.0834455,train,31,3900,0.0001351061236299498,0.33407625555992126,0.2339404970407486,0.256392240524292,0.07183985412120819,0.0011777402833104134,0.006115011405199766,,
1782092850.4985988,train,31,3950,0.00013509674203348633,0.19143520295619965,0.1008378192782402,0.22896480560302734,0.06653513759374619,0.0008860496454872191,0.005850405432283878,,
1782092859.8923604,train,31,4000,0.00013508736008471252,0.27704548835754395,0.1760454773902893,0.2735520005226135,0.06502721458673477,0.00098419061396271,0.007497657090425491,,
1782092869.2409053,train,31,4050,0.00013507797778372274,0.25009390711784363,0.1389242708683014,0.3034958243370056,0.07029884308576584,0.0014625353505834937,0.0059985388070344925,,
1782092878.5906248,train,31,4100,0.00013506859513061107,0.2971765995025635,0.18517597019672394,0.3113102614879608,0.06804955005645752,0.0014829629799351096,0.007017266936600208,,
1782092888.0773938,train,31,4150,0.0001350592121254718,0.3155699074268341,0.21188859641551971,0.29048237204551697,0.061886705458164215,0.0011735717998817563,0.006108008790761232,,
1782092897.5030472,train,31,4200,0.00013504982876839903,0.2949657738208771,0.21322713792324066,0.19668035209178925,0.06497056782245636,0.0008326097158715129,0.006570909172296524,,
1782092907.0813427,train,31,4250,0.00013504044505948686,0.265033096075058,0.16034239530563354,0.28358808159828186,0.06738994270563126,0.0009871537331491709,0.007976185530424118,,
1782092916.572269,train,31,4300,0.00013503106099882971,0.17063766717910767,0.08889546245336533,0.18904724717140198,0.0686793327331543,0.0014072466874495149,0.006131372880190611,,
1782092926.0787513,train,31,4350,0.00013502167658652162,0.24479234218597412,0.1654549241065979,0.19051523506641388,0.06321263313293457,0.0010229130275547504,0.006749905180186033,,
1782092935.5101218,train,31,4400,0.00013501229182265683,0.2453349083662033,0.15401647984981537,0.2291521430015564,0.06780164688825607,0.0012956229038536549,0.004969400819391012,,
1782092945.0100203,train,31,4450,0.00013500290670732964,0.25681284070014954,0.1689329594373703,0.22078335285186768,0.06502967327833176,0.001692120567895472,0.007434357888996601,,
1782092954.4505618,train,31,4500,0.00013499352124063415,0.16179843246936798,0.0730380117893219,0.21627213060855865,0.0691143050789833,0.001352422870695591,0.0068040466867387295,,
1782092963.8629537,train,31,4550,0.00013498413542266464,0.21772828698158264,0.12928949296474457,0.22613710165023804,0.06361641734838486,0.0009630910935811698,0.006518583744764328,,
1782092973.3552675,train,31,4600,0.00013497474925351524,0.45033955574035645,0.3220849633216858,0.36208420991897583,0.07524069398641586,0.0011322622885927558,0.006716171745210886,,
1782092982.868933,train,31,4650,0.00013496536273328025,0.3886086046695709,0.24862287938594818,0.4187270402908325,0.07034541666507721,0.0013128372374922037,0.008123604580760002,,
1782092992.3746133,train,31,4700,0.00013495597586205384,0.1925516128540039,0.11377908289432526,0.1636384129524231,0.07546575367450714,0.0013006407534703612,0.00717172073200345,,
1782093001.8262599,train,31,4750,0.00013494658863993025,0.1596723347902298,0.07877414673566818,0.1904558390378952,0.06628920882940292,0.0013962109806016088,0.005976400803774595,,
1782093011.3204033,train,31,4800,0.00013493720106700374,0.21301531791687012,0.12900088727474213,0.20370715856552124,0.0658426508307457,0.0016631926409900188,0.0062270681373775005,,
1782093020.7391748,train,31,4850,0.0001349278131433684,0.2771455943584442,0.17698779702186584,0.2636897563934326,0.06822357326745987,0.001235665869899094,0.0054856035858392715,,
1782093030.1741295,train,31,4900,0.0001349184248691187,0.3354942202568054,0.22336195409297943,0.308824360370636,0.06936243921518326,0.002449450083076954,0.009361064061522484,,
1782093039.6400187,train,31,4950,0.0001349090362443488,0.2823585867881775,0.1853005588054657,0.24767963588237762,0.07008334994316101,0.0009644603123888373,0.008713511750102043,,
1782093049.0709655,train,31,5000,0.0001348996472691529,0.3125355839729309,0.1791982501745224,0.3940102756023407,0.06929697841405869,0.0018628875259310007,0.009132889099419117,,
1782093058.584981,train,31,5050,0.0001348902579436252,0.3692336976528168,0.2682773172855377,0.2615213692188263,0.07087576389312744,0.0013816591817885637,0.008753645233809948,,
1782093068.0902886,train,31,5100,0.0001348808682678601,0.21254318952560425,0.11862368881702423,0.23499785363674164,0.06993062049150467,0.002047224435955286,0.008181408978998661,,
1782093077.5785813,train,31,5150,0.00013487147824195174,0.26916012167930603,0.16361065208911896,0.2915973365306854,0.06500225514173508,0.0014901191461831331,0.01009062584489584,,
1782093087.043539,train,31,5200,0.0001348620878659943,0.2577601373195648,0.15494288504123688,0.28618964552879333,0.06228980794548988,0.0012492783134803176,0.004987638909369707,,
1782093096.5381806,train,31,5250,0.00013485269714008226,0.3613584637641907,0.25090712308883667,0.31112173199653625,0.06509299576282501,0.0012442197185009718,0.006864619441330433,,
1782093106.0178347,train,31,5300,0.00013484330606430974,0.21767370402812958,0.13191302120685577,0.2216329127550125,0.0604601688683033,0.0012236221227794886,0.004322311375290155,,
1782093115.3481085,train,31,5350,0.00013483391463877114,0.26001936197280884,0.16505156457424164,0.23936127126216888,0.06997055560350418,0.0014218621654435992,0.007306541781872511,,
1782093124.6865802,train,31,5400,0.00013482452286356068,0.41478943824768066,0.279074102640152,0.4001639485359192,0.07097188383340836,0.0018839084077626467,0.009452075697481632,,
1782093134.037983,train,31,5450,0.00013481513073877266,0.2936086356639862,0.19260059297084808,0.26513463258743286,0.06917685270309448,0.0013594547053799033,0.006747267208993435,,
1782093143.3789544,train,31,5500,0.0001348057382645012,0.18343417346477509,0.09700868278741837,0.20894211530685425,0.0680408924818039,0.0016950136050581932,0.005936714820563793,,
1782093152.7903714,train,31,5550,0.0001347963454408406,0.2297561913728714,0.14205417037010193,0.21511316299438477,0.06761004775762558,0.0011870249873027205,0.007866780273616314,,
1782093162.2477674,train,31,5600,0.0001347869522678854,0.2668125331401825,0.1733836531639099,0.24081699550151825,0.06620398908853531,0.0012264706892892718,0.008319297805428505,,
1782093171.7522197,train,31,5650,0.00013477755874572968,0.22638334333896637,0.13278940320014954,0.23841474950313568,0.06775674223899841,0.001118748332373798,0.005992009304463863,,
1782093181.1506157,train,31,5700,0.0001347681648744679,0.27116477489471436,0.16293497383594513,0.28305724263191223,0.0742989256978035,0.0031601800583302975,0.007481641601771116,,
1782093190.6171288,train,31,5750,0.00013475877065419417,0.23258823156356812,0.15952284634113312,0.1652393639087677,0.06336449831724167,0.0007328187930397689,0.004588925279676914,,
1782093199.99518,train,31,5800,0.00013474937608500288,0.19111548364162445,0.09930162131786346,0.23879221081733704,0.06397824734449387,0.0012668163981288671,0.009325032122433186,,
1782093209.3685827,train,31,5850,0.00013473998116698835,0.19559518992900848,0.11115289479494095,0.19384801387786865,0.07174834609031677,0.0010612921323627234,0.006182474549859762,,
1782093218.7725115,train,31,5900,0.00013473058590024478,0.371554434299469,0.25667423009872437,0.3369932472705841,0.060843709856271744,0.002100591780617833,0.008265838027000427,,
1782093228.1359053,train,31,5950,0.00013472119028486656,0.3416701853275299,0.24498936533927917,0.24408406019210815,0.07108104228973389,0.001193023519590497,0.006050495430827141,,
1782093237.526694,train,31,6000,0.00013471179432094802,0.2332056611776352,0.13128043711185455,0.27401116490364075,0.0665142685174942,0.0016529924469068646,0.007058360148221254,,
1782093246.968116,train,31,6050,0.00013470239800858358,0.3173324167728424,0.20286640524864197,0.32533562183380127,0.0659133642911911,0.0017541655106469989,0.008748614229261875,,
1782093256.3798573,train,31,6100,0.0001346930013478674,0.38067665696144104,0.29995012283325195,0.1954742968082428,0.06352149695158005,0.0009720597299747169,0.004732576198875904,,
1782093265.8542871,train,31,6150,0.00013468360433889384,0.374397337436676,0.2517818212509155,0.3560003638267517,0.06699339300394058,0.001187154441140592,0.006608948111534119,,
1782093275.2757883,train,31,6200,0.00013467420698175722,0.18133752048015594,0.08695774525403976,0.2461559921503067,0.06537327170372009,0.0015414057997986674,0.006568362005054951,,
1782093284.652267,train,31,6250,0.00013466480927655194,0.2590189576148987,0.17276227474212646,0.2159595936536789,0.06428486853837967,0.001243246835656464,0.007069682702422142,,
1782093293.9894924,train,31,6300,0.00013465541122337224,0.15847541391849518,0.07675477862358093,0.1930389553308487,0.06663364917039871,0.0014407348353415728,0.009946404956281185,,
1782093303.360734,train,31,6350,0.00013464601282231259,0.25623801350593567,0.16699831187725067,0.2215576171875,0.06743703037500381,0.0013179570669308305,0.00824816059321165,,
1782093312.859647,train,31,6400,0.00013463661407346733,0.267479807138443,0.16417989134788513,0.27746036648750305,0.06769593060016632,0.0008686798973940313,0.005142762791365385,,
1782093322.3552172,train,31,6450,0.00013462721497693053,0.3398292660713196,0.2250702977180481,0.3122990131378174,0.07310432195663452,0.0013206620933488011,0.006609853822737932,,
1782093331.8139493,train,31,6500,0.00013461781553279672,0.23380446434020996,0.14449194073677063,0.21702030301094055,0.06988015025854111,0.0011736979940906167,0.005901291035115719,,
1782093341.287046,train,31,6550,0.00013460841574116045,0.31638914346694946,0.2202359437942505,0.2366352528333664,0.07365688681602478,0.0016593707259744406,0.0067137363366782665,,
1782093350.6729882,train,31,6600,0.00013459901560211596,0.4627228081226349,0.32734909653663635,0.39290791749954224,0.07389580458402634,0.001988175557926297,0.007593356538563967,,
1782093360.0742652,train,31,6650,0.00013458961511575738,0.1494608223438263,0.07257331907749176,0.17672333121299744,0.06520698219537735,0.0010317516280338168,0.005411618389189243,,
1782093369.4993904,train,31,6700,0.0001345802142821795,0.28334730863571167,0.18515293300151825,0.2617729902267456,0.06520622223615646,0.001480158418416977,0.0061180926859378815,,
1782093379.0954382,train,31,6750,0.00013457081310147624,0.314836323261261,0.23606976866722107,0.17617245018482208,0.06921420991420746,0.001163111417554319,0.007399715017527342,,
1782093388.47681,train,31,6800,0.00013456141157374224,0.19304320216178894,0.10111693292856216,0.23284581303596497,0.06719838827848434,0.0011561531573534012,0.0069370148703455925,,
1782093398.0221264,train,31,6850,0.00013455200969907194,0.22302401065826416,0.13796764612197876,0.1985015720129013,0.07056977599859238,0.0014608156634494662,0.00568329356610775,,
1782093407.514248,train,31,6900,0.00013454260747755947,0.2543107569217682,0.15928252041339874,0.2451714128255844,0.06712817400693893,0.0017131062922999263,0.008586777374148369,,
1782093417.0026968,train,31,6950,0.00013453320490929924,0.20800606906414032,0.1297350972890854,0.1807735711336136,0.06596501916646957,0.0009506558417342603,0.005328300874680281,,
1782093426.426665,train,31,7000,0.000134523801994386,0.1879880428314209,0.10977210104465485,0.17628638446331024,0.06807132810354233,0.0010866959346458316,0.006388006266206503,,
1782093435.9299796,train,31,7050,0.00013451439873291365,0.35973644256591797,0.24225302040576935,0.3469545841217041,0.06131048873066902,0.0008955593802966177,0.0054000201635062695,,
1782093445.3705513,train,31,7100,0.00013450499512497689,0.30354806780815125,0.20623575150966644,0.2553039789199829,0.06677552312612534,0.0009858611738309264,0.004580245818942785,,
1782093454.9014118,train,31,7150,0.00013449559117066997,0.20905815064907074,0.11876685917377472,0.2323158234357834,0.06410545110702515,0.0015960235614329576,0.006731600034981966,,
1782093464.30705,train,31,7200,0.0001344861868700873,0.2776316702365875,0.16119064390659332,0.3325192332267761,0.06630373001098633,0.001593404565937817,0.007863328792154789,,
1782093473.7540452,train,31,7250,0.00013447678222332338,0.15530826151371002,0.07150810211896896,0.20059934258460999,0.06699881702661514,0.0015091884415596724,0.008906029164791107,,
1782093483.0785353,train,31,7300,0.0001344673772304725,0.23082883656024933,0.1387432962656021,0.22798626124858856,0.06988244503736496,0.0014774719020351768,0.006002094596624374,,
1782093492.4745598,train,31,7350,0.00013445797189162915,0.25129234790802,0.1362224817276001,0.32524052262306213,0.06705585867166519,0.0023181606084108353,0.006905667949467897,,
1782093501.967569,train,31,7400,0.00013444856620688773,0.18679547309875488,0.08901391923427582,0.24469226598739624,0.07292502373456955,0.0014597865520045161,0.007005964871495962,,
1782093511.4264793,train,31,7450,0.00013443916017634276,0.3060484826564789,0.18852025270462036,0.3296665847301483,0.06989353150129318,0.001648136181756854,0.008141791447997093,,
1782093520.8781095,train,31,7500,0.00013442975380008855,0.18321095407009125,0.1072445809841156,0.1697976142168045,0.06679638475179672,0.0011877402430400252,0.006817997433245182,,
1782093530.2802985,train,31,7550,0.00013442034707821944,0.1582523137331009,0.0854581743478775,0.1634533405303955,0.06365884095430374,0.0010139328660443425,0.006478844676166773,,
1782093539.689698,train,31,7600,0.00013441094001082985,0.3514944314956665,0.2502814531326294,0.2600073218345642,0.072238028049469,0.0009212724980898201,0.005499803926795721,,
1782093549.1207552,train,31,7650,0.00013440153259801441,0.33716702461242676,0.23510363698005676,0.2709834575653076,0.06837944686412811,0.0012777859810739756,0.005541023798286915,,
1782093558.503702,train,31,7700,0.00013439212483986744,0.38424089550971985,0.2751089334487915,0.29941117763519287,0.0683148056268692,0.0012177607277408242,0.007766028866171837,,
1782093567.9954286,train,31,7750,0.0001343827167364835,0.3404291868209839,0.2215418964624405,0.3205801248550415,0.07717037200927734,0.0015706393169239163,0.007294593378901482,,
1782093577.5018067,train,31,7800,0.00013437330828795676,0.3911949396133423,0.27875077724456787,0.312203973531723,0.06856182962656021,0.001122447312809527,0.006012361031025648,,
1782093586.8874078,train,31,7850,0.00013436389949438187,0.4075457751750946,0.3015988767147064,0.29302749037742615,0.06511612981557846,0.0013195968931540847,0.006541152950376272,,
1782093596.3556495,train,31,7900,0.00013435449035585325,0.24769115447998047,0.1486399918794632,0.2507588863372803,0.07234000414609909,0.0019143609097227454,0.008902388624846935,,
1782093605.768597,train,31,7950,0.00013434508087246532,0.44266557693481445,0.3233262896537781,0.3437664210796356,0.06657244265079498,0.0011146884644404054,0.0065459031611680984,,
1782093615.3066835,train,31,8000,0.0001343356710443126,0.28003954887390137,0.18769201636314392,0.23747381567955017,0.0657479390501976,0.0010510270949453115,0.009550019167363644,,
1782093624.8154864,train,31,8050,0.00013432626087148944,0.2496510148048401,0.15033631026744843,0.2670719027519226,0.06474488973617554,0.0017428904538974166,0.006912146229296923,,
1782093634.3354094,train,31,8100,0.00013431685035409039,0.3452577590942383,0.2249745875597,0.3265077769756317,0.07703672349452972,0.001378562650643289,0.005694148596376181,,
1782093643.7939792,train,31,8150,0.0001343074394922098,0.3709796965122223,0.23623411357402802,0.40272337198257446,0.06768480688333511,0.002223144518211484,0.007705950178205967,,
1782093653.2674892,train,31,8200,0.0001342980282859422,0.3024359345436096,0.18806950747966766,0.31683453917503357,0.07006866484880447,0.0012346324510872364,0.006199149414896965,,
1782093662.7255309,train,31,8250,0.0001342886167353821,0.2582336664199829,0.14564789831638336,0.3044162690639496,0.07264377921819687,0.0015982992481440306,0.005335287190973759,,
1782093672.1561432,train,31,8300,0.00013427920484062404,0.2675480246543884,0.16326481103897095,0.27782055735588074,0.06939394772052765,0.0013109204592183232,0.009500420652329922,,
1782093681.655583,train,31,8350,0.00013426979260176236,0.16931529343128204,0.08360649645328522,0.22431232035160065,0.05899485945701599,0.0013329300563782454,0.005436468403786421,,
1782093691.1276307,train,31,8400,0.00013426038001889152,0.2855525016784668,0.1851321905851364,0.26804861426353455,0.06655118614435196,0.0013257446698844433,0.006840863265097141,,
1782093700.5925443,train,31,8450,0.00013425096709210611,0.2731618881225586,0.15484307706356049,0.34056636691093445,0.0660550445318222,0.001496853306889534,0.005704218056052923,,
1782093710.1271791,train,31,8500,0.00013424155382150057,0.15720577538013458,0.08102801442146301,0.17063866555690765,0.06665927916765213,0.0018845181912183762,0.006517502479255199,,
1782093719.5317316,train,31,8550,0.0001342321402071695,0.2943830192089081,0.1867656260728836,0.2905857563018799,0.06963105499744415,0.0015543457120656967,0.008108342066407204,,
1782093728.9718144,train,31,8600,0.0001342227262492073,0.3182089328765869,0.20710672438144684,0.30788475275039673,0.06806616485118866,0.0009792678756639361,0.0075380681082606316,,
1782093738.4549985,train,31,8650,0.0001342133119477084,0.36275944113731384,0.2511671483516693,0.3112013638019562,0.06732968986034393,0.0012709288857877254,0.009105095639824867,,
1782093747.9068816,train,31,8700,0.00013420389730276744,0.2670987546443939,0.16273611783981323,0.2772219181060791,0.06983211636543274,0.0014111652271822095,0.005876708310097456,,
1782093757.4036052,train,31,8750,0.0001341944823144788,0.32542264461517334,0.23723144829273224,0.2189660668373108,0.06668473035097122,0.0010731061920523643,0.005912492983043194,,
1782093766.9067214,train,31,8800,0.0001341850669829371,0.32444068789482117,0.2259272187948227,0.2531120777130127,0.07022030651569366,0.0012529399245977402,0.005424352362751961,,
1782093776.3175452,train,31,8850,0.0001341756513082367,0.25023189187049866,0.16556541621685028,0.1965179145336151,0.07074934989213943,0.0016233004862442613,0.007811680901795626,,
1782093785.730202,train,31,8900,0.00013416623529047234,0.2485472708940506,0.14665929973125458,0.27606716752052307,0.06543272733688354,0.0015480718575417995,0.005414487328380346,,
1782093795.207945,train,31,8950,0.00013415681892973855,0.38758063316345215,0.25376588106155396,0.3914209306240082,0.07161617279052734,0.0015142899937927723,0.007809459697455168,,
1782093804.710356,train,31,9000,0.00013414740222612964,0.3260032832622528,0.21344374120235443,0.30740606784820557,0.07111912220716476,0.0014846824342384934,0.006911342963576317,,
1782093814.196185,train,31,9050,0.0001341379851797402,0.3545127213001251,0.23866552114486694,0.33139604330062866,0.06573191285133362,0.0013221908593550324,0.005503067746758461,,
1782093823.6670854,train,31,9100,0.0001341285677906649,0.363207072019577,0.22683683037757874,0.41544052958488464,0.06472976505756378,0.0014522726414725184,0.005228474270552397,,
1782093833.092335,train,31,9150,0.000134119150058998,0.19095534086227417,0.08725248277187347,0.26915425062179565,0.07257147878408432,0.0012854731176048517,0.006181090604513884,,
1782093842.5802245,train,31,9200,0.0001341097319848343,0.2376539558172226,0.1296563744544983,0.2809279263019562,0.07524815201759338,0.001415354199707508,0.007920803502202034,,
1782093852.0552208,train,31,9250,0.00013410031356826834,0.2933441698551178,0.1958606243133545,0.2573610544204712,0.06607262045145035,0.0010695988312363625,0.005291178356856108,,
1782093861.538062,train,31,9300,0.00013409089480939445,0.13877739012241364,0.06212989613413811,0.1760294884443283,0.0650641992688179,0.001080153975635767,0.008923826739192009,,
1782093871.0993285,train,31,9350,0.0001340814757083074,0.37301722168922424,0.27111735939979553,0.28221744298934937,0.062439847737550735,0.0012559830211102962,0.008474864065647125,,
1782093880.5166614,train,31,9400,0.00013407205626510163,0.257731556892395,0.15078802406787872,0.2871163785457611,0.0700213760137558,0.0015375404618680477,0.00682617723941803,,
1782093890.0556312,train,31,9450,0.00013406263647987163,0.31200331449508667,0.20832382142543793,0.28133052587509155,0.06653507053852081,0.0007934582536108792,0.004540047608315945,,
1782093899.5675921,train,31,9500,0.00013405321635271198,0.27288031578063965,0.17616978287696838,0.2456551492214203,0.07031814754009247,0.0013764360919594765,0.008361274376511574,,
1782093909.0124886,train,31,9550,0.0001340437958837174,0.24830873310565948,0.14136344194412231,0.2935548424720764,0.0667879655957222,0.0016260516131296754,0.006745823193341494,,
1782093918.4132059,train,31,9600,0.00013403437507298227,0.24940574169158936,0.14571483433246613,0.26723894476890564,0.07348403334617615,0.0013916341122239828,0.006112978793680668,,
1782093927.9562974,train,31,9650,0.00013402495392060129,0.25015926361083984,0.1589728593826294,0.23141168057918549,0.06637488305568695,0.001460458617657423,0.0075563243590295315,,
1782093937.4553313,train,31,9700,0.00013401553242666907,0.3086143732070923,0.21130575239658356,0.2572186589241028,0.0657276064157486,0.0014017493231222034,0.006975863128900528,,
1782093946.9720387,train,31,9750,0.00013400611059128,0.2949424684047699,0.19755485653877258,0.25244566798210144,0.06821147352457047,0.0017045345157384872,0.007411737460643053,,
1782093956.371444,train,31,9800,0.0001339966884145287,0.2591971457004547,0.15303772687911987,0.2793395519256592,0.07239560037851334,0.0012670819414779544,0.007613273337483406,,
1782093965.7977614,train,31,9850,0.00013398726589650985,0.2820785641670227,0.19270457327365875,0.22268995642662048,0.06702446192502975,0.0018926169723272324,0.006904789246618748,,
1782093975.3174222,train,31,9900,0.0001339778430373179,0.2095022052526474,0.13529498875141144,0.1639479398727417,0.0662311464548111,0.0010465234518051147,0.008710411377251148,,
1782093984.831416,train,31,9950,0.00013396841983704763,0.2451661229133606,0.15170642733573914,0.24478662014007568,0.06428668648004532,0.0011970065534114838,0.007191411219537258,,
1782093994.2937355,train,31,10000,0.00013395899629579347,0.38502106070518494,0.2731623649597168,0.31587347388267517,0.06546545028686523,0.0015759461093693972,0.006504019722342491,,
1782094003.6567688,train,31,10050,0.0001339495724136501,0.2905367612838745,0.1839393526315689,0.29299867153167725,0.06646213680505753,0.0011664479970932007,0.007551171816885471,,
1782094013.052166,train,31,10100,0.00013394014819071212,0.28486159443855286,0.1639304906129837,0.3384871184825897,0.07233614474534988,0.0014127769973129034,0.005402319598942995,,
1782094022.4792054,train,31,10150,0.00013393072362707407,0.25978967547416687,0.1711396425962448,0.22630006074905396,0.06394270062446594,0.0010368914809077978,0.005637440364807844,,
1782094031.8307767,train,31,10200,0.00013392129872283069,0.3561725616455078,0.243683859705925,0.32397860288619995,0.0628155842423439,0.0008625656482763588,0.006254763808101416,,
1782094041.2946906,train,31,10250,0.0001339118734780764,0.22800523042678833,0.14597280323505402,0.19705051183700562,0.0652567595243454,0.0014140744460746646,0.006828008219599724,,
1782094050.7651243,train,31,10300,0.00013390244789290598,0.3098972737789154,0.19413430988788605,0.330483078956604,0.06597931683063507,0.0015251882141456008,0.008162141777575016,,
1782094060.2445607,train,31,10350,0.00013389302196741413,0.18332301080226898,0.10146262496709824,0.19691058993339539,0.0649915412068367,0.0013697503600269556,0.009092648513615131,,
1782094069.694869,train,31,10400,0.0001338835957016952,0.48225924372673035,0.3540167510509491,0.3816162645816803,0.06542424857616425,0.0012629864504560828,0.008566247299313545,,
1782094079.0717354,train,31,10450,0.0001338741690958439,0.32696282863616943,0.21701110899448395,0.2973634600639343,0.07074161618947983,0.0024006874300539494,0.008246075361967087,,
1782094088.4480798,train,31,10500,0.00013386474214995483,0.26968035101890564,0.1683099865913391,0.27770671248435974,0.06365475803613663,0.0011629356304183602,0.006621068809181452,,
1782094097.8207269,train,31,10550,0.00013385531486412273,0.22212688624858856,0.14049208164215088,0.20102909207344055,0.062540702521801,0.0010718732373788953,0.006813473999500275,,
1782094107.295881,train,31,10600,0.0001338458872384422,0.17699119448661804,0.09700717777013779,0.1909324675798416,0.06429484486579895,0.0010346747003495693,0.006780491676181555,,
1782094116.7298174,train,31,10650,0.00013383645927300791,0.228941410779953,0.12848106026649475,0.2656129002571106,0.06787212193012238,0.0012104988563805819,0.008994116447865963,,
1782094126.084069,train,31,10700,0.00013382703096791442,0.31712689995765686,0.21008305251598358,0.28422021865844727,0.07168985903263092,0.001438594190403819,0.005339725408703089,,
1782094135.5779908,train,31,10750,0.0001338176023232565,0.19809465110301971,0.11507260799407959,0.18901629745960236,0.07126855850219727,0.0013369672233238816,0.00904626864939928,,
1782094144.9513724,train,31,10800,0.00013380817333912869,0.19016866385936737,0.1140834391117096,0.18128199875354767,0.06126659736037254,0.0013143414398655295,0.005795866716653109,,
1782094154.396356,train,31,10850,0.00013379874401562553,0.23086445033550262,0.14044667780399323,0.22925333678722382,0.06600189208984375,0.0010348858777433634,0.006455963011831045,,
1782094163.907695,train,31,10900,0.0001337893143528418,0.20375780761241913,0.11809941381216049,0.21525251865386963,0.06340069323778152,0.0014492101036012173,0.007617420516908169,,
1782094173.282658,train,31,10950,0.00013377988435087223,0.264095664024353,0.17205630242824554,0.24229146540164948,0.06266497075557709,0.0013400844763964415,0.004744917154312134,,
1782094182.7316089,train,31,11000,0.00013377045400981131,0.27425453066825867,0.17477113008499146,0.2508907914161682,0.07331657409667969,0.001024311175569892,0.006356805097311735,,
1782094192.1226623,train,31,11050,0.000133761023329754,0.40503066778182983,0.29988688230514526,0.2883797883987427,0.06592078506946564,0.0008845811826176941,0.006851024925708771,,
1782094201.6136162,train,31,11100,0.00013375159231079456,0.1918511837720871,0.11248191446065903,0.18716531991958618,0.06488160043954849,0.0013714911183342338,0.005159522406756878,,
1782094211.051039,train,31,11150,0.0001337421609530279,0.33483031392097473,0.24389202892780304,0.22270116209983826,0.07028913497924805,0.0011842527892440557,0.00768305454403162,,
1782094220.5368967,train,31,11200,0.00013373272925654874,0.22673682868480682,0.13596856594085693,0.22972571849822998,0.06642504781484604,0.0012430173810571432,0.004699847660958767,,
1782094229.9606106,train,31,11250,0.00013372329722145159,0.18657995760440826,0.10823839157819748,0.1859215795993805,0.06351307034492493,0.001046384684741497,0.0067016324028372765,,
1782094239.4657292,train,31,11300,0.00013371386484783136,0.21317750215530396,0.12895289063453674,0.2052495777606964,0.06562786549329758,0.0009829247137531638,0.0050455485470592976,,
1782094248.860924,train,31,11350,0.00013370443213578254,0.3952580690383911,0.2861845791339874,0.3011004626750946,0.06729772686958313,0.001494898577220738,0.009383250959217548,,
1782094258.3015726,train,31,11400,0.00013369499908539984,0.16089530289173126,0.08205335587263107,0.17778006196022034,0.06851140409708023,0.0014122800203040242,0.008698993362486362,,
1782094267.6818671,train,31,11450,0.000133685565696778,0.30012959241867065,0.21491986513137817,0.2182471603155136,0.061065901070833206,0.0011496265651658177,0.007958322763442993,,
1782094277.101805,train,31,11500,0.00013367613197001182,0.2961191236972809,0.20530489087104797,0.22929048538208008,0.06675733625888824,0.0011294462019577622,0.00756142009049654,,
1782094286.4934351,train,31,11550,0.00013366669790519577,0.22131969034671783,0.12285293638706207,0.2549770474433899,0.06911254674196243,0.0016621954273432493,0.007583307567983866,,
1782094295.8519151,train,31,11600,0.00013365726350242463,0.38700392842292786,0.25245919823646545,0.4051094651222229,0.06622181832790375,0.0015644142404198647,0.008736247196793556,,
1782094305.2830966,train,31,11650,0.0001336478287617931,0.1323453187942505,0.06321418285369873,0.14459854364395142,0.06577685475349426,0.0009306585998274386,0.006749557331204414,,
1782094314.7434957,train,31,11700,0.00013363839368339588,0.33129698038101196,0.22025886178016663,0.3164842128753662,0.06366544216871262,0.0008433873299509287,0.005886395461857319,,
1782094324.2252934,train,31,11750,0.00013362895826732771,0.19200913608074188,0.09897665679454803,0.22610975801944733,0.0727372094988823,0.001364331808872521,0.008314155042171478,,
1782094333.646146,train,31,11800,0.00013361952251368336,0.2027462124824524,0.10617219656705856,0.23548178374767303,0.07512593269348145,0.0014061263063922524,0.006556463893502951,,
1782094343.0699425,train,31,11850,0.00013361008642255755,0.20436689257621765,0.123432457447052,0.1925140768289566,0.06531955301761627,0.0014614852843806148,0.0072696395218372345,,
1782094352.4910529,train,31,11900,0.00013360064999404494,0.2767496705055237,0.17104355990886688,0.2724809944629669,0.07488973438739777,0.0014099718537181616,0.006938212551176548,,
1782094361.979036,train,31,11950,0.00013359121322824028,0.2766837179660797,0.18451102077960968,0.23235619068145752,0.06792564690113068,0.0012082260800525546,0.006477975752204657,,
1782094371.3775787,train,31,12000,0.0001335817761252382,0.25676408410072327,0.15041665732860565,0.30970799922943115,0.057628363370895386,0.0010625264840200543,0.008162754587829113,,
1782094380.79352,train,31,12050,0.00013357233868513372,0.36223340034484863,0.23943199217319489,0.36948633193969727,0.060648538172245026,0.0010557143250480294,0.005042362492531538,,
1782094390.2100573,train,31,12100,0.00013356290090802133,0.2498321831226349,0.15950055420398712,0.2129620462656021,0.07386066764593124,0.001607811194844544,0.006279223132878542,,
1782094399.7231402,train,31,12150,0.00013355346279399552,0.14406134188175201,0.06488574296236038,0.18511749804019928,0.06558578461408615,0.0010331792291253805,0.00924324057996273,,
1782094409.158322,train,31,12200,0.00013354402434315142,0.2819148600101471,0.18884843587875366,0.24199412763118744,0.06491100788116455,0.0011237157741561532,0.0070027257315814495,,
1782094418.6217017,train,31,12250,0.0001335345855555839,0.26164892315864563,0.16038526594638824,0.2697979807853699,0.06728421896696091,0.0017206226475536823,0.00968117080628872,,
1782094428.0492573,train,31,12300,0.00013352514643138742,0.1983128786087036,0.10946658253669739,0.2326306849718094,0.06109609827399254,0.0014057728694751859,0.006771293003112078,,
1782094437.3730838,train,31,12350,0.00013351570697065686,0.3412591516971588,0.22803615033626556,0.33021172881126404,0.061110641807317734,0.0011476404033601284,0.007464153692126274,,
1782094446.7863562,train,31,12400,0.00013350626717348682,0.377993106842041,0.26056748628616333,0.3300551772117615,0.0694725289940834,0.0017552428180351853,0.006308784242719412,,
1782094456.1708608,train,31,12450,0.00013349682703997213,0.23017041385173798,0.1418929398059845,0.23262660205364227,0.060090869665145874,0.0007538531208410859,0.0051856935024261475,,
1782094465.529718,train,31,12500,0.0001334873865702077,0.24170926213264465,0.15358388423919678,0.2153013050556183,0.06839247047901154,0.0010383581975474954,0.005341244395822287,,
1782094474.95611,train,31,12550,0.00013347794576428818,0.18431448936462402,0.09558656811714172,0.23318816721439362,0.060626763850450516,0.0011750285048037767,0.007456774823367596,,
1782094484.3111382,train,31,12600,0.0001334685046223082,0.2960619628429413,0.18851950764656067,0.2996792197227478,0.06503426283597946,0.0010553444735705853,0.006612643599510193,,
1782094493.6754935,train,31,12650,0.0001334590631443628,0.25888878107070923,0.15508213639259338,0.29280978441238403,0.06099608540534973,0.0010614938801154494,0.006561560090631247,,
1782094503.013898,train,31,12700,0.00013344962133054664,0.2010273039340973,0.11334295570850372,0.22064779698848724,0.06477844715118408,0.0013317761477082968,0.006341777741909027,,
1782094512.4654036,train,31,12750,0.00013344017918095433,0.2208932489156723,0.13670103251934052,0.20682857930660248,0.06481944769620895,0.0007533294265158474,0.005185572896152735,,
1782094521.8844047,train,31,12800,0.00013343073669568094,0.28206348419189453,0.17243090271949768,0.2976554334163666,0.0701218992471695,0.00157782097812742,0.006939226295799017,,
1782094531.2689195,train,31,12850,0.00013342129387482115,0.190843865275383,0.10206601768732071,0.22900962829589844,0.06284119188785553,0.0010485975071787834,0.008129000663757324,,
1782094540.6745553,train,31,12900,0.00013341185071846966,0.34395721554756165,0.2162676602602005,0.3848767578601837,0.06257525086402893,0.0018271227600052953,0.006184081081300974,,
1782094550.0899427,train,31,12950,0.0001334024072267214,0.13132494688034058,0.06332645565271378,0.1418895274400711,0.06480369716882706,0.001242558122612536,0.007209032773971558,,
1782094559.5467968,train,31,13000,0.00013339296339967115,0.21003539860248566,0.10021612793207169,0.2867153584957123,0.07598815113306046,0.001463628839701414,0.00628625275567174,,
1782094568.9057577,train,31,13050,0.00013338351923741353,0.2427036464214325,0.14450225234031677,0.2590025067329407,0.06655357033014297,0.001739859115332365,0.006944713648408651,,
1782094696.7148678,val,31,,,0.2971219560195184,0.18478932480148752,0.3095191457743738,0.06963298211799455,0.0013635418793761127,0.006825505439846838,,
1782094707.4446657,train,32,50,0.00013337124132549983,0.20738764107227325,0.10938604176044464,0.27431339025497437,0.05862350016832352,0.001115031773224473,0.009723271243274212,,
1782094717.1216412,train,32,100,0.00013336179639262532,0.22698795795440674,0.14304092526435852,0.20395131409168243,0.06561170518398285,0.0015336740761995316,0.007955976761877537,,
1782094726.614118,train,32,150,0.0001333523511248565,0.1592271476984024,0.08010447025299072,0.19495967030525208,0.0605742372572422,0.000956550647970289,0.006423768121749163,,
1782094735.9865787,train,32,200,0.00013334290552228817,0.19002778828144073,0.09544005990028381,0.24351094663143158,0.06703997403383255,0.0019000930478796363,0.006155913230031729,,
1782094745.503491,train,32,250,0.00013333345958501497,0.20357364416122437,0.1250416338443756,0.19455097615718842,0.059592992067337036,0.0009776116348803043,0.006617002189159393,,
1782094754.8788602,train,32,300,0.00013332401331313202,0.21147489547729492,0.11829759180545807,0.2377384454011917,0.06725193560123444,0.0011673321714624763,0.008595310151576996,,
1782094764.2658765,train,32,350,0.00013331456670673372,0.2909225523471832,0.1628430187702179,0.3610297739505768,0.07536694407463074,0.001386177958920598,0.0054098209366202354,,
1782094773.7562845,train,32,400,0.00013330511976591532,0.294089674949646,0.193108931183815,0.26791685819625854,0.06776652485132217,0.0011826414847746491,0.005763711873441935,,
1782094783.2199893,train,32,450,0.00013329567249077137,0.16340842843055725,0.08023124933242798,0.2004237323999405,0.06586955487728119,0.0013646864099428058,0.006983902305364609,,
1782094792.6734478,train,32,500,0.00013328622488139683,0.3506222367286682,0.2406023144721985,0.31601014733314514,0.061765916645526886,0.0013443123316392303,0.007456776686012745,,
1782094802.134748,train,32,550,0.00013327677693788657,0.220004603266716,0.1407853215932846,0.18661314249038696,0.06485214084386826,0.0013992480235174298,0.006585442461073399,,
1782094811.6514373,train,32,600,0.00013326732866033537,0.20975902676582336,0.12334401160478592,0.2148246169090271,0.06512757390737534,0.0014505544677376747,0.006754483096301556,,
1782094821.1860688,train,32,650,0.00013325788004883804,0.1807524561882019,0.09041860699653625,0.21961461007595062,0.07066308706998825,0.0009864235762506723,0.0060983565635979176,,
1782094830.6150265,train,32,700,0.0001332484311034895,0.2706053555011749,0.16578032076358795,0.2806544005870819,0.06898879259824753,0.0016703883884474635,0.008095736615359783,,
1782094840.1026247,train,32,750,0.0001332389818243845,0.3338335454463959,0.20871804654598236,0.3612435758113861,0.06928142160177231,0.001639180933125317,0.0055469186045229435,,
1782094849.4950576,train,32,800,0.00013322953221161802,0.2196807712316513,0.12249442934989929,0.25092047452926636,0.06869928538799286,0.0010658116079866886,0.006212195847183466,,
1782094858.9904659,train,32,850,0.00013322008226528476,0.22117197513580322,0.1457659900188446,0.1743267923593521,0.06344178318977356,0.001033928245306015,0.00747152091935277,,
1782094868.3955138,train,32,900,0.00013321063198547982,0.22886057198047638,0.1521032303571701,0.184163898229599,0.061207231134176254,0.0011275134747847915,0.008679731748998165,,
1782094877.7895424,train,32,950,0.0001332011813722979,0.2442103773355484,0.1461968570947647,0.24688898026943207,0.07225464284420013,0.0016395485727116466,0.006986857857555151,,
1782094887.277218,train,32,1000,0.00013319173042583397,0.2685913145542145,0.16687850654125214,0.2708751857280731,0.06765789538621902,0.0016508830012753606,0.007397426292300224,,
1782094896.7057846,train,32,1050,0.00013318227914618276,0.2037920355796814,0.12626703083515167,0.18964841961860657,0.05997830256819725,0.0012374273501336575,0.007627955637872219,,
1782094906.2121837,train,32,1100,0.00013317282753343919,0.2619291841983795,0.14477641880512238,0.3143373429775238,0.07674925029277802,0.0019381880993023515,0.007422204595059156,,
1782094915.5890193,train,32,1150,0.00013316337558769818,0.21859706938266754,0.13632553815841675,0.20180284976959229,0.06348728388547897,0.0007717378903180361,0.005108444485813379,,
1782094925.127682,train,32,1200,0.00013315392330905476,0.2451052963733673,0.15566939115524292,0.21605950593948364,0.07059775292873383,0.0012216668110340834,0.006744557060301304,,
1782094934.5741818,train,32,1250,0.00013314447069760348,0.35596275329589844,0.23738166689872742,0.3471476435661316,0.06328168511390686,0.001533512957394123,0.007633407600224018,,
1782094944.0219512,train,32,1300,0.00013313501775343944,0.22959944605827332,0.11746819317340851,0.31493091583251953,0.06642696261405945,0.001850478700362146,0.007968096062541008,,
1782094953.4434144,train,32,1350,0.00013312556447665728,0.2393495738506317,0.1316709965467453,0.29530230164527893,0.0674416571855545,0.0013217248488217592,0.007487223483622074,,
1782094962.8609889,train,32,1400,0.00013311611086735226,0.25739914178848267,0.17423772811889648,0.195598304271698,0.06831809878349304,0.0010279814014211297,0.005730140022933483,,
1782094972.3032622,train,32,1450,0.00013310665692561907,0.20229385793209076,0.10690657794475555,0.24024882912635803,0.07041716575622559,0.0011648234212771058,0.007275107316672802,,
1782094981.7588623,train,32,1500,0.0001330972026515526,0.25828999280929565,0.15648230910301208,0.273338258266449,0.06669554114341736,0.001253411523066461,0.006345899309962988,,
1782094991.1356122,train,32,1550,0.00013308774804524784,0.3795025050640106,0.26589930057525635,0.3298461437225342,0.06204282119870186,0.0012023814488202333,0.005644981749355793,,
1782095000.4940324,train,32,1600,0.00013307829310679967,0.25447893142700195,0.16791388392448425,0.2245868295431137,0.0605945847928524,0.0012106560170650482,0.008301838301122189,,
1782095009.9309597,train,32,1650,0.000133068837836303,0.36550626158714294,0.268414169549942,0.25629889965057373,0.06579192727804184,0.0012141691986471415,0.0065802354365587234,,
1782095019.3824575,train,32,1700,0.00013305938223385287,0.2223874181509018,0.1431812047958374,0.1849755495786667,0.0657695084810257,0.0007755630067549646,0.006408249493688345,,
1782095028.8662972,train,32,1750,0.00013304992629954392,0.20384849607944489,0.12300745397806168,0.19316305220127106,0.06493514031171799,0.000826968636829406,0.004454686306416988,,
1782095038.2556539,train,32,1800,0.00013304047003347114,0.2860614061355591,0.16801467537879944,0.3469497859477997,0.0623629204928875,0.001278261304832995,0.00624946691095829,,
1782095047.7210333,train,32,1850,0.00013303101343572956,0.1679939180612564,0.09681758284568787,0.1611918956041336,0.06151263415813446,0.0012205953244119883,0.00573296332731843,,
1782095057.0896928,train,32,1900,0.0001330215565064141,0.295535147190094,0.19574716687202454,0.2626468241214752,0.06799780577421188,0.0012737024808302522,0.005678872112184763,,
1782095066.4788353,train,32,1950,0.00013301209924561979,0.22477222979068756,0.12409254163503647,0.25801724195480347,0.07205688208341599,0.0014694046694785357,0.007127756252884865,,
1782095075.989973,train,32,2000,0.00013300264165344152,0.523949146270752,0.3917030990123749,0.40413805842399597,0.062195949256420135,0.0011354965390637517,0.008051792159676552,,
1782095085.4170384,train,32,2050,0.00013299318372997414,0.25652238726615906,0.15698830783367157,0.26639536023139954,0.0655888020992279,0.0014083043206483126,0.0068280682899057865,,
1782095094.9137886,train,32,2100,0.0001329837254753126,0.28332453966140747,0.19035975635051727,0.2464289516210556,0.06253346055746078,0.0009085115161724389,0.0056666224263608456,,
1782095104.247843,train,32,2150,0.0001329742668895518,0.2797427177429199,0.17439118027687073,0.282682329416275,0.0691412016749382,0.001103599090129137,0.006747778970748186,,
1782095113.620069,train,32,2200,0.00013296480797278678,0.23023368418216705,0.11728229373693466,0.3016338050365448,0.07465963810682297,0.002131184097379446,0.007271270267665386,,
1782095123.0619638,train,32,2250,0.00013295534872511232,0.2604260742664337,0.17020028829574585,0.22681257128715515,0.0667857751250267,0.001297599053941667,0.004830129444599152,,
1782095132.54251,train,32,2300,0.0001329458891466236,0.2540229856967926,0.17149120569229126,0.19694721698760986,0.06636880338191986,0.0011055278591811657,0.007214238401502371,,
1782095141.912152,train,32,2350,0.00013293642923741547,0.237952321767807,0.14194996654987335,0.24497920274734497,0.06918522715568542,0.0016493859002366662,0.00902679841965437,,
1782095151.2993312,train,32,2400,0.00013292696899758286,0.3200736939907074,0.20061548054218292,0.3322904109954834,0.07250736653804779,0.0013192860642448068,0.008256538771092892,,
1782095160.7356336,train,32,2450,0.00013291750842722087,0.31190308928489685,0.22134506702423096,0.2344064712524414,0.06362345069646835,0.0014468628214672208,0.008314110338687897,,
1782095170.1154444,train,32,2500,0.00013290804752642425,0.38107600808143616,0.24496980011463165,0.40299639105796814,0.07046081125736237,0.0012672233860939741,0.008136095479130745,,
1782095179.4933267,train,32,2550,0.00013289858629528817,0.24290557205677032,0.14488939940929413,0.2570236921310425,0.06715168803930283,0.001844031736254692,0.008005591109395027,,
1782095188.9031343,train,32,2600,0.00013288912473390752,0.2574778199195862,0.15416307747364044,0.2752666175365448,0.06870093196630478,0.0014762765495106578,0.010198078118264675,,
1782095198.2173524,train,32,2650,0.00013287966284237729,0.15592604875564575,0.07082684338092804,0.20235934853553772,0.06866778433322906,0.0017547347815707326,0.00843735784292221,,
1782095207.5980377,train,32,2700,0.0001328702006207925,0.27959808707237244,0.17111992835998535,0.30743369460105896,0.06293533742427826,0.0015206235693767667,0.006653964053839445,,
1782095217.0549562,train,32,2750,0.00013286073806924808,0.24928449094295502,0.16060762107372284,0.21534644067287445,0.06938453763723373,0.0014798574848100543,0.007758766412734985,,
1782095226.479722,train,32,2800,0.00013285127518783903,0.4623797535896301,0.33109331130981445,0.40786075592041016,0.058347754180431366,0.0014738267054781318,0.005968672689050436,,
1782095235.9413717,train,32,2850,0.00013284181197666044,0.23164032399654388,0.14700207114219666,0.20768247544765472,0.06522209942340851,0.0010659126564860344,0.0070934053510427475,,
1782095245.3746,train,32,2900,0.00013283234843580716,0.18805427849292755,0.10038278996944427,0.219282329082489,0.06541063636541367,0.001455778256058693,0.008420807309448719,,
1782095254.843046,train,32,2950,0.00013282288456537412,0.2061372697353363,0.13224072754383087,0.16421453654766083,0.06539686024188995,0.0014448717702180147,0.007034379988908768,,
1782095264.3075202,train,32,3000,0.0001328134203654565,0.37991926074028015,0.2783794403076172,0.2756895124912262,0.06503194570541382,0.0010146675631403923,0.0061078667640686035,,
1782095273.7747521,train,32,3050,0.0001328039558361493,0.2194117307662964,0.14082324504852295,0.1781872659921646,0.06786759942770004,0.0010786820203065872,0.00647550355643034,,
1782095283.2895262,train,32,3100,0.00013279449097754734,0.2810184955596924,0.19239428639411926,0.21829549968242645,0.06789176911115646,0.0010445141233503819,0.006506390403956175,,
1782095292.7488203,train,32,3150,0.0001327850257897458,0.14851172268390656,0.0676046758890152,0.19843153655529022,0.06228814274072647,0.0015509790973737836,0.005502291023731232,,
1782095302.2293515,train,32,3200,0.00013277556027283967,0.37248900532722473,0.23638564348220825,0.3949991762638092,0.0743245929479599,0.0019126607803627849,0.009155790321528912,,
1782095311.6430845,train,32,3250,0.00013276609442692397,0.19180920720100403,0.09978733956813812,0.22722956538200378,0.07016965001821518,0.0012965681962668896,0.007991439662873745,,
1782095321.0667152,train,32,3300,0.0001327566282520937,0.18149641156196594,0.09296734631061554,0.202174574136734,0.07575353980064392,0.0010864128125831485,0.008884706534445286,,
1782095330.4701128,train,32,3350,0.0001327471617484439,0.19902794063091278,0.1097676008939743,0.22980938851833344,0.0633874386548996,0.001142770517617464,0.006092745810747147,,
1782095339.9443595,train,32,3400,0.0001327376949160695,0.28436893224716187,0.1747264713048935,0.29891806840896606,0.06956898421049118,0.0012843982549384236,0.007579101715236902,,
1782095349.4339685,train,32,3450,0.00013272822775506568,0.2064555138349533,0.1340111494064331,0.17314404249191284,0.0581275075674057,0.0009461064473725855,0.006834216881543398,,
1782095358.8195672,train,32,3500,0.0001327187602655274,0.30060914158821106,0.20112045109272003,0.24973149597644806,0.07378891855478287,0.0016135727055370808,0.009261440485715866,,
1782095368.1870337,train,32,3550,0.00013270929244754964,0.2992812395095825,0.1981065720319748,0.2629489004611969,0.0706745833158493,0.0010013763094320893,0.00821040477603674,,
1782095377.5317156,train,32,3600,0.00013269982430122747,0.25793832540512085,0.16646532714366913,0.22450394928455353,0.07050233334302902,0.0009583506616763771,0.008772946894168854,,
1782095387.015131,train,32,3650,0.00013269035582665604,0.25772809982299805,0.16059090197086334,0.2518504559993744,0.06809736043214798,0.0012591542908921838,0.005419088993221521,,
1782095396.3922563,train,32,3700,0.0001326808870239303,0.36670297384262085,0.2533491253852844,0.31734031438827515,0.0677691176533699,0.0013420190662145615,0.008584867231547832,,
1782095405.795445,train,32,3750,0.00013267141789314533,0.18375734984874725,0.10764177143573761,0.16276881098747253,0.07062800973653793,0.0010937892366200686,0.005941401701420546,,
1782095415.2162898,train,32,3800,0.00013266194843439635,0.28794804215431213,0.17821259796619415,0.30815961956977844,0.0651836022734642,0.0010374510893598199,0.004636126104742289,,
1782095424.643411,train,32,3850,0.0001326524786477781,0.30427855253219604,0.22640493512153625,0.18885578215122223,0.061114732176065445,0.0010230373591184616,0.0048019601963460445,,
1782095434.059367,train,32,3900,0.00013264300853338572,0.38277092576026917,0.25339576601982117,0.3802626430988312,0.0683927834033966,0.0011309946421533823,0.005764274392277002,,
1782095443.5222042,train,32,3950,0.00013263353809131424,0.24973028898239136,0.16210123896598816,0.21313665807247162,0.06845257431268692,0.0011859924998134375,0.007083157543092966,,
1782095452.9410422,train,32,4000,0.00013262406732165904,0.3033795654773712,0.21388226747512817,0.2254307121038437,0.06607282906770706,0.0010320917936041951,0.009516953490674496,,
1782095462.393705,train,32,4050,0.00013261459622451488,0.293997198343277,0.20633439719676971,0.20710022747516632,0.07157201319932938,0.001017382019199431,0.0046300385147333145,,
1782095471.8657305,train,32,4100,0.00013260512479997696,0.21873483061790466,0.12269715219736099,0.23690855503082275,0.07339689880609512,0.0011210315860807896,0.007126142270863056,,
1782095481.299115,train,32,4150,0.00013259565304814039,0.1292150616645813,0.05672357231378555,0.1535947024822235,0.0680074617266655,0.0008907198789529502,0.006812254432588816,,
1782095490.6096504,train,32,4200,0.0001325861809691001,0.3658653199672699,0.2610742747783661,0.2828797399997711,0.06799396127462387,0.00074151367880404,0.004868387244641781,,
1782095499.9722672,train,32,4250,0.00013257670856295126,0.19343750178813934,0.11643929034471512,0.17028401792049408,0.06861698627471924,0.001187153160572052,0.008180759847164154,,
1782095509.3821242,train,32,4300,0.00013256723582978893,0.19279280304908752,0.10615536570549011,0.2120942622423172,0.06700140982866287,0.0011318136239424348,0.008035789243876934,,
1782095518.9106426,train,32,4350,0.00013255776276970832,0.29689571261405945,0.1843748539686203,0.30276817083358765,0.07331892102956772,0.0016935981111600995,0.007927730679512024,,
1782095528.429738,train,32,4400,0.00013254828938280436,0.23721958696842194,0.15195173025131226,0.21003501117229462,0.06530304998159409,0.0010757397394627333,0.004960863851010799,,
1782095537.9509864,train,32,4450,0.00013253881566917215,0.27585119009017944,0.18121515214443207,0.2426350712776184,0.06765405833721161,0.0015024496242403984,0.005556842777878046,,
1782095547.4154224,train,32,4500,0.00013252934162890693,0.3421459496021271,0.2531120479106903,0.24060775339603424,0.05759425461292267,0.0008484767749905586,0.005503038875758648,,
1782095556.874758,train,32,4550,0.0001325198672621037,0.4594147503376007,0.3330007791519165,0.3658512234687805,0.06961872428655624,0.0014182953163981438,0.009517936035990715,,
1782095566.2522006,train,32,4600,0.00013251039256885765,0.17166529595851898,0.08695592731237411,0.21314994990825653,0.06260320544242859,0.0012028655037283897,0.008554096333682537,,
1782095575.79891,train,32,4650,0.00013250091754926378,0.38257524371147156,0.2714386284351349,0.32033321261405945,0.061798468232154846,0.001540664117783308,0.006881578825414181,,
1782095585.233372,train,32,4700,0.00013249144220341732,0.2795315384864807,0.1671173870563507,0.30301710963249207,0.07299715280532837,0.0016127955168485641,0.00800641905516386,,
1782095594.6088257,train,32,4750,0.00013248196653141325,0.266623854637146,0.16135691106319427,0.29110053181648254,0.06464633345603943,0.001686352537944913,0.011014887131750584,,
1782095604.1353753,train,32,4800,0.0001324724905333468,0.2576476037502289,0.17478859424591064,0.18729031085968018,0.07186932116746902,0.001017638249322772,0.006948717869818211,,
1782095613.6472478,train,32,4850,0.0001324630142093131,0.263352632522583,0.1566244214773178,0.30318257212638855,0.06146900728344917,0.001980682834982872,0.0062527586705982685,,
1782095623.1070604,train,32,4900,0.00013245353755940716,0.24800969660282135,0.1393762230873108,0.28861311078071594,0.07270152121782303,0.0012944884365424514,0.011308169923722744,,
1782095632.613872,train,32,4950,0.00013244406058372408,0.20370784401893616,0.10045789182186127,0.2635454833507538,0.07438509166240692,0.0017103442223742604,0.0059907822869718075,,
1782095642.0786188,train,32,5000,0.0001324345832823591,0.38979050517082214,0.27573952078819275,0.3266528248786926,0.06448235362768173,0.0014661038294434547,0.006706814281642437,,
1782095651.535142,train,32,5050,0.00013242510565540747,0.2687515914440155,0.15601129829883575,0.3188559114933014,0.06579156965017319,0.0013053643051534891,0.006944543216377497,,
1782095661.0612075,train,32,5100,0.00013241562770296424,0.21478423476219177,0.12523840367794037,0.22244210541248322,0.06762762367725372,0.001214998890645802,0.005771644879132509,,
1782095670.5440204,train,32,5150,0.00013240614942512443,0.24896711111068726,0.1605118364095688,0.24020953476428986,0.05657428130507469,0.0011575061362236738,0.004478961229324341,,
1782095680.0069714,train,32,5200,0.0001323966708219833,0.1772681176662445,0.0941898450255394,0.20429672300815582,0.06376823782920837,0.0011997505789622664,0.005941538605839014,,
1782095689.472508,train,32,5250,0.00013238719189363594,0.26660048961639404,0.18099023401737213,0.1973176896572113,0.07236746698617935,0.0009710570448078215,0.006191938184201717,,
1782095698.990621,train,32,5300,0.00013237771264017754,0.23183323442935944,0.14244502782821655,0.22062483429908752,0.0681898444890976,0.0013708272017538548,0.0064293816685676575,,
1782095708.5381684,train,32,5350,0.00013236823306170327,0.19622427225112915,0.11205124109983444,0.20641323924064636,0.06484313309192657,0.0014814502792432904,0.009821544401347637,,
1782095718.0931292,train,32,5400,0.00013235875315830824,0.2022045999765396,0.11067631095647812,0.23612554371356964,0.0646461620926857,0.0017381665529683232,0.006143363658338785,,
1782095727.718109,train,32,5450,0.00013234927293008766,0.15016569197177887,0.08007118105888367,0.15603679418563843,0.061872128397226334,0.001492546172812581,0.007254802621901035,,
1782095737.2666698,train,32,5500,0.00013233979237713665,0.18405963480472565,0.10044737905263901,0.19693204760551453,0.06853527575731277,0.001116137020289898,0.007166111376136541,,
1782095746.7650595,train,32,5550,0.00013233031149955044,0.4177325367927551,0.28618454933166504,0.38243427872657776,0.07162686437368393,0.0012601000489667058,0.004862041212618351,,
1782095756.372514,train,32,5600,0.0001323208302974242,0.25225409865379333,0.16090092062950134,0.23052938282489777,0.06719443202018738,0.001236066920682788,0.006330595817416906,,
1782095765.8515418,train,32,5650,0.000132311348770853,0.25705310702323914,0.17254121601581573,0.2165013700723648,0.060588590800762177,0.0009227250702679157,0.004268091171979904,,
1782095775.2734866,train,32,5700,0.00013230186691993211,0.3093986511230469,0.1804552674293518,0.3746313452720642,0.0702238529920578,0.001735893078148365,0.0062058656476438046,,
1782095784.7725372,train,32,5750,0.00013229238474475662,0.22171571850776672,0.13563938438892365,0.21223339438438416,0.06579828262329102,0.0011885702842846513,0.00608976511284709,,
1782095794.2018888,train,32,5800,0.0001322829022454218,0.36934271454811096,0.2616080939769745,0.30611172318458557,0.062173016369342804,0.0012019813293591142,0.0060272556729614735,,
1782095803.6523244,train,32,5850,0.0001322734194220229,0.23131895065307617,0.13109882175922394,0.25360265374183655,0.07334504276514053,0.0014694236451759934,0.007637624628841877,,
1782095813.0992188,train,32,5900,0.00013226393627465492,0.26694661378860474,0.17519693076610565,0.24251961708068848,0.061969418078660965,0.0013506636023521423,0.006081114988774061,,
1782095822.4885023,train,32,5950,0.00013225445280341328,0.237265482544899,0.13174736499786377,0.2928714454174042,0.06435491889715195,0.0012277876958251,0.0052919164299964905,,
1782095831.8784945,train,32,6000,0.00013224496900839306,0.2605287730693817,0.16845132410526276,0.221427321434021,0.07318000495433807,0.0013062721118330956,0.005370845552533865,,
1782095841.3419104,train,32,6050,0.00013223548488968943,0.29806020855903625,0.2238970696926117,0.1712910681962967,0.06253089755773544,0.0007491895230486989,0.004924689419567585,,
1782095850.7661858,train,32,6100,0.00013222600044739756,0.21062630414962769,0.10425633937120438,0.28513211011886597,0.06980042904615402,0.0018671405268833041,0.005843793973326683,,
1782095860.1759596,train,32,6150,0.00013221651568161267,0.21997852623462677,0.13855202496051788,0.20359325408935547,0.06080503761768341,0.0012566351797431707,0.007265659514814615,,
1782095869.7018757,train,32,6200,0.00013220703059243005,0.2465229481458664,0.16620881855487823,0.2007124125957489,0.06009949743747711,0.0008628843352198601,0.007769507355988026,,
1782095879.1315832,train,32,6250,0.0001321975451799451,0.3231212794780731,0.23231320083141327,0.24181096255779266,0.06050372123718262,0.0010348042706027627,0.006473822519183159,,
1782095888.495974,train,32,6300,0.0001321880594442527,0.27085280418395996,0.1643616408109665,0.2801003158092499,0.07265865802764893,0.0013677743263542652,0.008334947749972343,,
1782095897.9418764,train,32,6350,0.00013217857338544816,0.3943062424659729,0.2663743495941162,0.3697100877761841,0.07069902122020721,0.001548551139421761,0.008258741348981857,,
1782095907.5643656,train,32,6400,0.00013216908700362676,0.1756066232919693,0.08833029866218567,0.21999505162239075,0.06433064490556717,0.001122452667914331,0.007299549877643585,,
1782095916.90095,train,32,6450,0.00013215960029888378,0.3785536289215088,0.28138330578804016,0.26684650778770447,0.060729607939720154,0.0009387001628056169,0.00562282046303153,,
1782095926.311995,train,32,6500,0.0001321501132713144,0.21539078652858734,0.12328189611434937,0.23365715146064758,0.06714045256376266,0.0012438672129064798,0.007950128056108952,,
1782095935.6941788,train,32,6550,0.00013214062592101377,0.26476457715034485,0.15707403421401978,0.3109135925769806,0.05965233966708183,0.0013597578508779407,0.009998275898396969,,
1782095945.1256897,train,32,6600,0.00013213113824807722,0.22963568568229675,0.14670434594154358,0.196928933262825,0.06718751788139343,0.001053523039445281,0.0054982611909508705,,
1782095954.5746143,train,32,6650,0.0001321216502525999,0.1872604787349701,0.10430563241243362,0.2013409584760666,0.06492000818252563,0.0015960264718160033,0.008402037434279919,,
1782095964.0224688,train,32,6700,0.00013211216193467705,0.23089247941970825,0.1469549983739853,0.21561488509178162,0.05983399599790573,0.0011677192524075508,0.0083644799888134,,
1782095973.5154912,train,32,6750,0.00013210267329440397,0.18291959166526794,0.1066804826259613,0.18273663520812988,0.06084926426410675,0.0013032013084739447,0.008351882919669151,,
1782095982.917047,train,32,6800,0.00013209318433187597,0.3409356474876404,0.20214661955833435,0.4118019640445709,0.07138228416442871,0.0014739972539246082,0.004835448227822781,,
1782095992.3946278,train,32,6850,0.00013208369504718836,0.17624036967754364,0.08330283313989639,0.2495308220386505,0.06090475991368294,0.0010244313161820173,0.006103549152612686,,
1782096001.8381705,train,32,6900,0.00013207420544043616,0.21814818680286407,0.1270192563533783,0.22719453275203705,0.06845252960920334,0.0010401970939710736,0.007729009725153446,,
1782096011.235896,train,32,6950,0.00013206471551171473,0.25919148325920105,0.16785454750061035,0.23196561634540558,0.066459059715271,0.0011602221056818962,0.006329533644020557,,
1782096020.7456768,train,32,7000,0.00013205522526111945,0.2912691533565521,0.19293111562728882,0.25931134819984436,0.06675344705581665,0.0013349594082683325,0.006313991732895374,,
1782096030.3111,train,32,7050,0.00013204573468874524,0.16870678961277008,0.09027934074401855,0.18455258011817932,0.06435858458280563,0.001100129447877407,0.006601044908165932,,
1782096039.7234674,train,32,7100,0.0001320362437946878,0.16907642781734467,0.08988397568464279,0.18361569941043854,0.06630003452301025,0.0013851068215444684,0.01192406378686428,,
1782096049.1440656,train,32,7150,0.00013202675257904223,0.35732772946357727,0.23583076894283295,0.3409360349178314,0.07224231958389282,0.0014180444413796067,0.007949428632855415,,
1782096058.581679,train,32,7200,0.00013201726104190378,0.35024294257164,0.23080521821975708,0.3471819758415222,0.06495732814073563,0.0016355121042579412,0.006711068097501993,,
1782096068.0072372,train,32,7250,0.0001320077691833675,0.2942955195903778,0.18816715478897095,0.28803551197052,0.0679699257016182,0.0013452604180201888,0.008871709927916527,,
1782096077.3789532,train,32,7300,0.00013199827700352922,0.1950320154428482,0.10472402721643448,0.21253249049186707,0.07394016534090042,0.002047858899459243,0.006357334554195404,,
1782096086.7667716,train,32,7350,0.0001319887845024839,0.14913295209407806,0.07917175441980362,0.14408233761787415,0.06773840636014938,0.000713996822014451,0.006234081462025642,,
1782096096.244176,train,32,7400,0.0001319792916803268,0.18051676452159882,0.10313936322927475,0.190938338637352,0.05907732993364334,0.00104162294883281,0.005303765181452036,,
1782096105.616606,train,32,7450,0.00013196979853715327,0.4092126488685608,0.26956912875175476,0.412514865398407,0.07277517765760422,0.001272131223231554,0.006544336676597595,,
1782096115.0649602,train,32,7500,0.00013196030507305856,0.21198631823062897,0.11974865198135376,0.24127984046936035,0.06354320794343948,0.001461019623093307,0.00955424178391695,,
1782096124.4989128,train,32,7550,0.0001319508112881381,0.22691181302070618,0.1227642372250557,0.27775564789772034,0.06908686459064484,0.0016521994257345796,0.008122916333377361,,
1782096133.8469777,train,32,7600,0.00013194131718248706,0.1729494035243988,0.09636276960372925,0.17672386765480042,0.06455423682928085,0.0012854622909799218,0.007122213486582041,,
1782096143.286131,train,32,7650,0.00013193182275620071,0.3239268660545349,0.21595115959644318,0.2964670658111572,0.0674591138958931,0.0012941611930727959,0.005383121781051159,,
1782096152.66448,train,32,7700,0.00013192232800937455,0.20655637979507446,0.12278174608945847,0.211619034409523,0.061496224254369736,0.0012175791198387742,0.006449026986956596,,
1782096162.0468311,train,32,7750,0.00013191283294210356,0.18066945672035217,0.09700950235128403,0.21386663615703583,0.06012728437781334,0.0012966238427907228,0.0072052315808832645,,
1782096171.4708698,train,32,7800,0.00013190333755448347,0.3965621292591095,0.2795275151729584,0.3440488576889038,0.06181029975414276,0.001172555610537529,0.0060515389777719975,,
1782096180.8792095,train,32,7850,0.00013189384184660927,0.2176840901374817,0.12505266070365906,0.24869517982006073,0.060679152607917786,0.0011805346002802253,0.0049508619122207165,,
1782096190.1986022,train,32,7900,0.00013188434581857636,0.2808629274368286,0.17165479063987732,0.301270991563797,0.06749321520328522,0.0014381041983142495,0.007189516443759203,,
1782096199.5304172,train,32,7950,0.00013187484947048015,0.27530819177627563,0.17302368581295013,0.27043306827545166,0.069094218313694,0.001291306340135634,0.005406419280916452,,
1782096208.9220343,train,32,8000,0.00013186535280241597,0.2096075415611267,0.11495160311460495,0.23857270181179047,0.06975515186786652,0.0013517612824216485,0.008591405116021633,,
1782096218.3580892,train,32,8050,0.0001318558558144791,0.1832510381937027,0.11279942095279694,0.1558515876531601,0.06277250498533249,0.00102464878000319,0.006657719612121582,,
1782096227.7192574,train,32,8100,0.00013184635850676496,0.23684586584568024,0.1496165245771408,0.22308868169784546,0.06271350383758545,0.001004252233542502,0.005080945324152708,,
1782096237.1634278,train,32,8150,0.00013183686087936866,0.23471277952194214,0.13758520781993866,0.24473866820335388,0.07157888263463974,0.0015346597647294402,0.007910171523690224,,
1782096246.5493171,train,32,8200,0.0001318273629323857,0.2820006012916565,0.1859932690858841,0.24503032863140106,0.069200798869133,0.0014934437349438667,0.0075255283154547215,,
1782096256.0412424,train,32,8250,0.00013181786466591144,0.235525444149971,0.15342360734939575,0.1985597014427185,0.06465381383895874,0.0013499815249815583,0.012447148561477661,,
1782096265.4974542,train,32,8300,0.00013180836608004106,0.16274495422840118,0.07004973292350769,0.2291923314332962,0.07052256911993027,0.0013585571432486176,0.004915903322398663,,
1782096274.9703176,train,32,8350,0.00013179886717487013,0.18955765664577484,0.10195454955101013,0.2179740071296692,0.06598210334777832,0.0011855578050017357,0.007824772968888283,,
1782096284.487276,train,32,8400,0.00013178936795049396,0.21719582378864288,0.12154823541641235,0.25150394439697266,0.06518352776765823,0.0017984927399083972,0.006967845372855663,,
1782096293.940589,train,32,8450,0.00013177986840700765,0.2427920550107956,0.1645534485578537,0.18178735673427582,0.06542356312274933,0.0007997435168363154,0.005563109647482634,,
1782096303.3947427,train,32,8500,0.00013177036854450686,0.18339774012565613,0.09214803576469421,0.23176492750644684,0.0663604587316513,0.0012824448058381677,0.00747917452827096,,
1782096312.7678678,train,32,8550,0.00013176086836308692,0.27300798892974854,0.17760436236858368,0.2492094784975052,0.0659995749592781,0.0010148389264941216,0.006999673321843147,,
1782096322.1688342,train,32,8600,0.00013175136786284307,0.2190197855234146,0.1424657255411148,0.18409834802150726,0.060861580073833466,0.0009868113556876779,0.008106539957225323,,
1782096331.549899,train,32,8650,0.00013174186704387073,0.3048194348812103,0.20448727905750275,0.2796225845813751,0.060590725392103195,0.0013112995075061917,0.005041762720793486,,
1782096340.8939216,train,32,8700,0.00013173236590626527,0.25127100944519043,0.16137777268886566,0.22620555758476257,0.06647881865501404,0.0010247085010632873,0.0056136418133974075,,
1782096350.3541877,train,32,8750,0.00013172286445012205,0.236755833029747,0.1336144506931305,0.2717452943325043,0.0701838806271553,0.0011310797417536378,0.005869969725608826,,
1782096359.7393198,train,32,8800,0.00013171336267553648,0.37554502487182617,0.26301997900009155,0.3241848945617676,0.06270424276590347,0.0012669323477894068,0.0052168043330311775,,
1782096369.1268873,train,32,8850,0.00013170386058260404,0.17293231189250946,0.08883575350046158,0.2002958357334137,0.06780412793159485,0.0012053168611600995,0.006667056120932102,,
1782096378.6279633,train,32,8900,0.00013169435817142,0.24407173693180084,0.14268256723880768,0.2550799548625946,0.0748971551656723,0.0017060092650353909,0.00769022386521101,,
1782096388.1461623,train,32,8950,0.00013168485544207974,0.29545849561691284,0.19915692508220673,0.25258731842041016,0.06606176495552063,0.0012386603048071265,0.008836940862238407,,
1782096397.5180888,train,32,9000,0.00013167535239467872,0.25179821252822876,0.15334147214889526,0.24636390805244446,0.07349861413240433,0.0011647013016045094,0.004922354128211737,,
1782096406.983289,train,32,9050,0.0001316658490293122,0.3080357015132904,0.21238411962985992,0.24545235931873322,0.06833312660455704,0.0012191047426313162,0.008054463192820549,,
1782096416.4109123,train,32,9100,0.0001316563453460756,0.1853920817375183,0.11514114588499069,0.15615099668502808,0.06213321536779404,0.0014657890424132347,0.004712454508990049,,
1782096425.8148277,train,32,9150,0.00013164684134506447,0.3650568723678589,0.2584451735019684,0.2908378541469574,0.06755147874355316,0.0012647337280213833,0.009002165868878365,,
1782096435.2762687,train,32,9200,0.00013163733702637403,0.19324390590190887,0.11179783940315247,0.19789975881576538,0.06370420008897781,0.0011902401456609368,0.005921860225498676,,
1782096444.7219937,train,32,9250,0.00013162783239009982,0.3263995051383972,0.21178708970546722,0.3123677968978882,0.07280147075653076,0.0011974148219451308,0.006357879843562841,,
1782096454.2315404,train,32,9300,0.00013161832743633725,0.15661388635635376,0.06871503591537476,0.2262919694185257,0.0624367818236351,0.0010747110936790705,0.005005217157304287,,
1782096463.6390734,train,32,9350,0.00013160882216518174,0.3771730065345764,0.2715507745742798,0.28368428349494934,0.06917479634284973,0.0011378888739272952,0.00807334017008543,,
1782096473.0935545,train,32,9400,0.00013159931657672866,0.12170954048633575,0.04787490516901016,0.15936654806137085,0.06775740534067154,0.0011428995057940483,0.0072678555734455585,,
1782096482.5399609,train,32,9450,0.00013158981067107336,0.18814070522785187,0.0858023464679718,0.2561200261116028,0.07631045579910278,0.0015312691684812307,0.007147806230932474,,
1782096492.0342994,train,32,9500,0.00013158030444831133,0.214320570230484,0.12833702564239502,0.19568493962287903,0.0738743394613266,0.0012514465488493443,0.007139678578823805,,
1782096501.4275193,train,32,9550,0.00013157079790853806,0.24043531715869904,0.14960971474647522,0.2324126809835434,0.06519477814435959,0.0012504291953518987,0.006903056986629963,,
1782096510.8345196,train,32,9600,0.000131561291051849,0.14289280772209167,0.07185900956392288,0.14675965905189514,0.06850644946098328,0.0009065845515578985,0.00799967534840107,,
1782096520.2446303,train,32,9650,0.00013155178387833945,0.27892571687698364,0.19170601665973663,0.219367116689682,0.06448691338300705,0.0013446854427456856,0.00667018536478281,,
1782096529.742665,train,32,9700,0.00013154227638810488,0.16697564721107483,0.08774235099554062,0.1756153702735901,0.07040581107139587,0.0012656294275075197,0.008159086108207703,,
1782096539.1839328,train,32,9750,0.00013153276858124074,0.28177934885025024,0.1684008538722992,0.29682162404060364,0.0779743492603302,0.001859127776697278,0.009249193593859673,,
1782096548.6370974,train,32,9800,0.00013152326045784256,0.2732763886451721,0.18352532386779785,0.2231571525335312,0.0676901564002037,0.0011669951491057873,0.0059946682304143906,,
1782096558.125851,train,32,9850,0.00013151375201800558,0.13777606189250946,0.06643699109554291,0.16329166293144226,0.06081051006913185,0.001108878175728023,0.006456619128584862,,
1782096567.5533273,train,32,9900,0.0001315042432618253,0.1428910344839096,0.08140220493078232,0.11838424950838089,0.0636226013302803,0.0008147165644913912,0.004953926429152489,,
1782096576.934082,train,32,9950,0.00013149473418939714,0.17941318452358246,0.10528694093227386,0.1753731220960617,0.060320544987916946,0.0012267711572349072,0.009112212806940079,,
1782096586.3193674,train,32,10000,0.00013148522480081694,0.38411542773246765,0.2673409879207611,0.34784239530563354,0.05943803861737251,0.0009482690948061645,0.005955434869974852,,
1782096595.8594253,train,32,10050,0.0001314757150961797,0.3731049597263336,0.24981991946697235,0.36026856303215027,0.0661904588341713,0.0012265433324500918,0.0054535348899662495,,
1782096605.2928483,train,32,10100,0.00013146620507558106,0.4798932671546936,0.36064308881759644,0.35415536165237427,0.06118376553058624,0.001194680342450738,0.004444127902388573,,
1782096614.6584892,train,32,10150,0.0001314566947391165,0.1517183482646942,0.06602930277585983,0.1860055774450302,0.07808686047792435,0.0014423537068068981,0.00863142404705286,,
1782096623.9755044,train,32,10200,0.00013144718408688143,0.25431784987449646,0.17643539607524872,0.18619592487812042,0.06246005743741989,0.0010343380272388458,0.006352884694933891,,
1782096633.3425214,train,32,10250,0.00013143767311897149,0.2539271116256714,0.15003149211406708,0.27641862630844116,0.06930124759674072,0.0014034014893695712,0.006384003907442093,,
1782096642.709161,train,32,10300,0.00013142816183548195,0.26557457447052,0.1763830929994583,0.21466560661792755,0.0707661435008049,0.0014200443401932716,0.007861064746975899,,
1782096652.075003,train,32,10350,0.00013141865023650834,0.19747799634933472,0.11903887987136841,0.18699273467063904,0.06312225759029388,0.0012979480670765042,0.008834951557219028,,
1782096661.5078254,train,32,10400,0.0001314091383221461,0.1931537240743637,0.10393459349870682,0.2330697774887085,0.061701271682977676,0.0010106343543156981,0.006366463843733072,,
1782096671.0072083,train,32,10450,0.00013139962609249087,0.2924070358276367,0.18841339647769928,0.2790221869945526,0.06829003989696503,0.0009307542932219803,0.005662550684064627,,
1782096680.5086036,train,32,10500,0.00013139011354763798,0.16117089986801147,0.08215413242578506,0.19725194573402405,0.05923250690102577,0.0008752775029279292,0.005869078915566206,,
1782096689.9255466,train,32,10550,0.00013138060068768298,0.424299955368042,0.32168883085250854,0.2826955318450928,0.06367063522338867,0.0010192901827394962,0.005456436891108751,,
1782096699.3248522,train,32,10600,0.00013137108751272135,0.1924828588962555,0.11774519085884094,0.17418433725833893,0.06210753321647644,0.0013782791793346405,0.006363085005432367,,
1782096708.7361805,train,32,10650,0.00013136157402284852,0.2525131106376648,0.15736019611358643,0.2515365183353424,0.06436076015233994,0.0008842548122629523,0.005707554053515196,,
1782096718.274966,train,32,10700,0.0001313520602181601,0.3178873360157013,0.21026186645030975,0.29408568143844604,0.06790125370025635,0.0015343145933002234,0.009399790316820145,,
1782096727.6195712,train,32,10750,0.00013134254609875154,0.25500017404556274,0.16983120143413544,0.2020316869020462,0.06906551867723465,0.0012829569168388844,0.008052105084061623,,
1782096737.1210425,train,32,10800,0.00013133303166471848,0.2809380888938904,0.16523613035678864,0.32945555448532104,0.06632060557603836,0.0017776194727048278,0.009926375932991505,,
1782096746.5698504,train,32,10850,0.00013132351691615623,0.18568800389766693,0.10360315442085266,0.19195494055747986,0.06798181682825089,0.001052039791829884,0.005657827481627464,,
1782096755.9876244,train,32,10900,0.00013131400185316047,0.27153947949409485,0.16705641150474548,0.2958422005176544,0.060759998857975006,0.0014252954861149192,0.005023271311074495,,
1782096765.3770072,train,32,10950,0.00013130448647582653,0.23652179539203644,0.15256617963314056,0.19983363151550293,0.06780336797237396,0.000955353258177638,0.007420028559863567,,
1782096774.761081,train,32,11000,0.00013129497078424995,0.27474963665008545,0.17548474669456482,0.27177274227142334,0.06241296976804733,0.0011520427651703358,0.005105100106447935,,
1782096784.1337376,train,32,11050,0.00013128545477852644,0.3251364827156067,0.19470134377479553,0.3814052939414978,0.06975574046373367,0.002059686230495572,0.006026064045727253,,
1782096793.5318744,train,32,11100,0.00013127593845875134,0.42688292264938354,0.3176770806312561,0.29785090684890747,0.06920644640922546,0.0013989430153742433,0.0090017793700099,,
1782096802.943687,train,32,11150,0.0001312664218250202,0.31112566590309143,0.21699926257133484,0.25016823410987854,0.06294453144073486,0.0011210134252905846,0.0060829101130366325,,
1782096812.4214473,train,32,11200,0.0001312569048774286,0.20498017966747284,0.10363122075796127,0.27971622347831726,0.06259560585021973,0.0012209838023409247,0.006582210306078196,,
1782096821.9180977,train,32,11250,0.00013124738761607213,0.2235424816608429,0.1293056160211563,0.23455850780010223,0.07098066806793213,0.0010690256021916866,0.006931568030267954,,
1782096831.4666605,train,32,11300,0.00013123787004104632,0.27511200308799744,0.16768760979175568,0.29993847012519836,0.06460757553577423,0.0013599161757156253,0.007225354667752981,,
1782096840.8580413,train,32,11350,0.0001312283521524467,0.18095853924751282,0.10632479190826416,0.19149848818778992,0.05329592153429985,0.0011116033419966698,0.009705095551908016,,
1782096850.3017495,train,32,11400,0.00013121883395036864,0.3658258318901062,0.237343892455101,0.37564435601234436,0.06889469176530838,0.0012349903117865324,0.007500690408051014,,
1782096859.8314636,train,32,11450,0.00013120931543490776,0.34807291626930237,0.2400299459695816,0.2967377007007599,0.06745950877666473,0.0012876397231593728,0.008688799105584621,,
1782096869.3121662,train,32,11500,0.00013119979660615986,0.2887254059314728,0.19189642369747162,0.24234674870967865,0.0723031535744667,0.0009071894455701113,0.006659299600869417,,
1782096878.8034525,train,32,11550,0.0001311902774642201,0.29909175634384155,0.19641433656215668,0.2767799198627472,0.06668135523796082,0.0014173833187669516,0.006896694656461477,,
1782096888.246349,train,32,11600,0.00013118075800918434,0.2367299348115921,0.14485496282577515,0.24915668368339539,0.05888805165886879,0.0014176220865920186,0.006163637153804302,,
1782096897.6312943,train,32,11650,0.00013117123824114805,0.3003496527671814,0.1859920471906662,0.3313235938549042,0.06279321014881134,0.001301149488426745,0.006245908327400684,,
1782096907.172406,train,32,11700,0.0001311617181602067,0.22862255573272705,0.13712625205516815,0.24627584218978882,0.05956495180726051,0.0014487563166767359,0.007051204796880484,,
1782096916.640606,train,32,11750,0.00013115219776645596,0.15938404202461243,0.08602118492126465,0.1719902604818344,0.06057159975171089,0.0007948339334689081,0.0075310226529836655,,
1782096926.1830988,train,32,11800,0.00013114267705999135,0.3063396215438843,0.16866207122802734,0.4138628840446472,0.0680706724524498,0.0017649773508310318,0.007312186062335968,,
1782096935.697876,train,32,11850,0.0001311331560409085,0.2047451138496399,0.1162617951631546,0.22334934771060944,0.06504666060209274,0.0012264424003660679,0.005548750516027212,,
1782096945.102155,train,32,11900,0.0001311236347093029,0.24859511852264404,0.15479426085948944,0.23627600073814392,0.06925923377275467,0.0010224813595414162,0.006321862805634737,,
1782096954.6488965,train,32,11950,0.00013111411306527014,0.3631509244441986,0.2721904218196869,0.23701408505439758,0.06325387209653854,0.0008005533600226045,0.004598160739988089,,
1782096964.1379132,train,32,12000,0.00013110459110890574,0.30875757336616516,0.205012708902359,0.2757647931575775,0.06932414323091507,0.001416022190824151,0.00681244907900691,,
1782096973.6303587,train,32,12050,0.00013109506884030552,0.21564842760562897,0.13177011907100677,0.20518922805786133,0.06486265361309052,0.0014967682072892785,0.007133788894861937,,
1782096983.141232,train,32,12100,0.00013108554625956479,0.2371572107076645,0.1567636877298355,0.19741450250148773,0.06188312545418739,0.000983376638032496,0.00677691912278533,,
1782096992.6591787,train,32,12150,0.00013107602336677923,0.29141131043434143,0.20539307594299316,0.21649548411369324,0.06354527920484543,0.0012172077549621463,0.0075946711003780365,,
1782097002.2628565,train,32,12200,0.0001310665001620445,0.23173081874847412,0.15192385017871857,0.18528127670288086,0.06680623441934586,0.000835335988085717,0.004643194377422333,,
1782097011.67527,train,32,12250,0.0001310569766454562,0.29715585708618164,0.20767034590244293,0.2426794320344925,0.05739491432905197,0.0011818723287433386,0.009140773676335812,,
1782097021.1218061,train,32,12300,0.00013104745281711003,0.21616917848587036,0.12622879445552826,0.2180113047361374,0.07059156894683838,0.0014176988042891026,0.009053995832800865,,
1782097030.547778,train,32,12350,0.00013103792867710142,0.2176479697227478,0.1342376321554184,0.20123861730098724,0.06594350934028625,0.0012892320519313216,0.007329808082431555,,
1782097040.082156,train,32,12400,0.00013102840422552596,0.24876552820205688,0.1546476036310196,0.25597116351127625,0.060029614716768265,0.0011033141054213047,0.006982441991567612,,
1782097049.515857,train,32,12450,0.00013101887946247919,0.2931208610534668,0.17631885409355164,0.33761271834373474,0.06457094103097916,0.001133269863203168,0.007778378203511238,,
1782097058.951162,train,32,12500,0.000131009354388057,0.17852173745632172,0.09254346787929535,0.21648788452148438,0.06349284946918488,0.0010986399138346314,0.005592695903033018,,
1782097068.4073484,train,32,12550,0.00013099982900235488,0.21263979375362396,0.12289725989103317,0.21438778936862946,0.07202904671430588,0.0013105944963172078,0.007366256322711706,,
1782097077.8463664,train,32,12600,0.00013099030330546832,0.1998748928308487,0.12648116052150726,0.1759873628616333,0.05860420688986778,0.0009478179272264242,0.006104090716689825,,
1782097087.2683685,train,32,12650,0.00013098077729749313,0.26104456186294556,0.16999123990535736,0.23709259927272797,0.06330816447734833,0.0012608448741957545,0.006490347441285849,,
1782097096.7727568,train,32,12700,0.0001309712509785247,0.3629596531391144,0.26487284898757935,0.26777657866477966,0.06207942217588425,0.001029223552905023,0.003643299452960491,,
1782097106.3576734,train,32,12750,0.00013096172434865893,0.2585470974445343,0.17436820268630981,0.20743660628795624,0.06434769183397293,0.0014589243801310658,0.005182121880352497,,
1782097115.7822325,train,32,12800,0.0001309521974079913,0.24235136806964874,0.13892462849617004,0.2753048837184906,0.06882838904857635,0.0018631091807037592,0.007399238180369139,,
1782097125.2158053,train,32,12850,0.00013094267015661753,0.3209526240825653,0.2020968645811081,0.34008488059043884,0.06740664690732956,0.0013123082462698221,0.0060417004860937595,,
1782097134.5838292,train,32,12900,0.00013093314259463314,0.22720295190811157,0.1303621381521225,0.2563062310218811,0.0652412474155426,0.0014363644877448678,0.006531026680022478,,
1782097144.0701063,train,32,12950,0.00013092361472213384,0.22016586363315582,0.13083826005458832,0.21768662333488464,0.06960529088973999,0.0010330753866583109,0.005249845329672098,,
1782097153.4980142,train,32,13000,0.0001309140865392153,0.16722150146961212,0.0800759419798851,0.20584623515605927,0.07109789550304413,0.0013505462557077408,0.008025131188333035,,
1782097162.9396744,train,32,13050,0.0001309045580459731,0.26628148555755615,0.17141909897327423,0.23336820304393768,0.07259614020586014,0.0022225494030863047,0.007333648391067982,,
1782097290.1244967,val,32,,,0.29669079995893716,0.18303722943496506,0.3119574009972025,0.07104932051111952,0.0013956024862860888,0.006933852147528781,,
1782097301.0421822,train,33,50,0.00013089217054098158,0.24860639870166779,0.13531430065631866,0.31074392795562744,0.0708797499537468,0.0016623568953946233,0.00937344878911972,,
1782097310.599859,train,33,100,0.00013088264133435793,0.32206183671951294,0.19694022834300995,0.3553600013256073,0.07223125547170639,0.0016599391819909215,0.005519253667443991,,
1782097320.0802321,train,33,150,0.00013087311181772638,0.27509358525276184,0.184934601187706,0.23661574721336365,0.061738599091768265,0.0013575805351138115,0.008363205939531326,,
1782097329.5601082,train,33,200,0.00013086358199118248,0.3931659162044525,0.2609458565711975,0.39630454778671265,0.06600087136030197,0.0014347670366987586,0.006795061752200127,,
1782097338.933276,train,33,250,0.00013085405185482205,0.2241697758436203,0.1304621398448944,0.24062800407409668,0.06682515144348145,0.0013805394992232323,0.005760025233030319,,
1782097348.2499504,train,33,300,0.00013084452140874062,0.264288067817688,0.15684303641319275,0.30582940578460693,0.06169532239437103,0.0014001460513100028,0.00616175401955843,,
1782097357.594706,train,33,350,0.0001308349906530337,0.2707176208496094,0.17409926652908325,0.24865159392356873,0.06869588792324066,0.0010750708170235157,0.006393777206540108,,
1782097367.0564575,train,33,400,0.00013082545958779712,0.3396410048007965,0.23739519715309143,0.2791939377784729,0.06462022662162781,0.0013718751724809408,0.005836952477693558,,
1782097376.4511054,train,33,450,0.0001308159282131267,0.26063117384910583,0.15399378538131714,0.28154173493385315,0.0722537711262703,0.001250765286386013,0.00671343132853508,,
1782097385.9069712,train,33,500,0.00013080639652911805,0.31796717643737793,0.22211408615112305,0.25999629497528076,0.06139842048287392,0.00154796929564327,0.0073852683417499065,,
1782097395.3065891,train,33,550,0.00013079686453586675,0.24170978367328644,0.1417350471019745,0.262155681848526,0.06858374178409576,0.001439566956833005,0.00864623486995697,,
1782097404.7538066,train,33,600,0.00013078733223346857,0.2832057476043701,0.18577240407466888,0.259184867143631,0.06498762965202332,0.0014327513054013252,0.005063427146524191,,
1782097414.131422,train,33,650,0.00013077779962201904,0.2135048806667328,0.1316787153482437,0.19501036405563354,0.06587517261505127,0.0013599436497315764,0.00644272193312645,,
1782097423.5913758,train,33,700,0.00013076826670161407,0.25219371914863586,0.16633032262325287,0.2190752625465393,0.06200668588280678,0.0009123411728069186,0.005398364271968603,,
1782097433.0352755,train,33,750,0.00013075873347234918,0.19799216091632843,0.12337679415941238,0.1751466691493988,0.06146571785211563,0.0009583766805008054,0.005559471435844898,,
1782097442.4461124,train,33,800,0.00013074919993432004,0.22326816618442535,0.1331801861524582,0.23262035846710205,0.06361524015665054,0.0012527849758043885,0.006534896790981293,,
1782097451.9617472,train,33,850,0.00013073966608762253,0.2310190200805664,0.14092105627059937,0.22907300293445587,0.06532252579927444,0.0016845283098518848,0.0038572289049625397,,
1782097461.425501,train,33,900,0.00013073013193235227,0.1584104597568512,0.07764441519975662,0.1846691519021988,0.06898605823516846,0.0010571765014901757,0.009861357510089874,,
1782097470.8426049,train,33,950,0.0001307205974686049,0.2150702029466629,0.12535439431667328,0.2252550572156906,0.06647156924009323,0.001662506372667849,0.007518818136304617,,
1782097480.2584798,train,33,1000,0.00013071106269647634,0.33475857973098755,0.22483809292316437,0.2989160716533661,0.07012194395065308,0.0013049845583736897,0.006069574039429426,,
1782097489.7275872,train,33,1050,0.00013070152761606208,0.2997698485851288,0.1992930918931961,0.25874751806259155,0.07129237800836563,0.0014366758987307549,0.006548894103616476,,
1782097499.3297715,train,33,1100,0.00013069199222745786,0.28533679246902466,0.19863227009773254,0.21423617005348206,0.06603861600160599,0.001261810539290309,0.0062619526870548725,,
1782097508.9045951,train,33,1150,0.00013068245653075937,0.13397175073623657,0.06553580611944199,0.14244452118873596,0.06546448916196823,0.0009257192723453045,0.0062195612117648125,,
1782097518.3153458,train,33,1200,0.00013067292052606252,0.3120366334915161,0.20745521783828735,0.29361096024513245,0.06217171251773834,0.0009282499086111784,0.00560042355209589,,
1782097527.766853,train,33,1250,0.0001306633842134629,0.20582841336727142,0.12585937976837158,0.1823032796382904,0.06854718178510666,0.0011961166746914387,0.0048919981345534325,,
1782097537.2624192,train,33,1300,0.00013065384759305618,0.33000847697257996,0.2229217290878296,0.2952811121940613,0.0663224384188652,0.0010523602832108736,0.006223006639629602,,
1782097546.724076,train,33,1350,0.00013064431066493818,0.257154643535614,0.17110903561115265,0.22146187722682953,0.06113390624523163,0.0011317767202854156,0.007526835892349482,,
1782097556.1105726,train,33,1400,0.00013063477342920466,0.24253937602043152,0.16121037304401398,0.18937936425209045,0.06779874116182327,0.0008478331728838384,0.005876977927982807,,
1782097565.5552611,train,33,1450,0.00013062523588595141,0.2550605535507202,0.14345410466194153,0.31124091148376465,0.0673658549785614,0.0011330136330798268,0.0055475300177931786,,
1782097574.9739506,train,33,1500,0.00013061569803527397,0.2977629005908966,0.19478842616081238,0.27591031789779663,0.0677184984087944,0.0013764671748504043,0.006347438786178827,,
1782097584.4680617,train,33,1550,0.0001306061598772684,0.24310436844825745,0.1532927304506302,0.22909437119960785,0.06472409516572952,0.0017599686980247498,0.005751354154199362,,
1782097593.9345865,train,33,1600,0.0001305966214120301,0.2589603066444397,0.1584022492170334,0.25961747765541077,0.07093179225921631,0.0018779048696160316,0.006521687842905521,,
1782097603.3467534,train,33,1650,0.000130587082639655,0.24538689851760864,0.1515759527683258,0.2398020625114441,0.06749400496482849,0.0011342070065438747,0.005971616134047508,,
1782097612.814374,train,33,1700,0.00013057754356023875,0.23434017598628998,0.13802039623260498,0.2580154836177826,0.06337277591228485,0.0012951111420989037,0.0068385605700314045,,
1782097622.2939286,train,33,1750,0.00013056800417387713,0.2593933939933777,0.14763405919075012,0.319999635219574,0.06327245384454727,0.0012321204412728548,0.00586878415197134,,
1782097631.7994714,train,33,1800,0.000130558464480666,0.18047338724136353,0.09889604896306992,0.19866476953029633,0.06355974823236465,0.0013127726269885898,0.006424205843359232,,
1782097641.2941806,train,33,1850,0.00013054892448070114,0.23212240636348724,0.14220628142356873,0.2393612116575241,0.059948865324258804,0.0010138603392988443,0.00768837658688426,,
1782097650.785726,train,33,1900,0.00013053938417407834,0.25671789050102234,0.16383227705955505,0.24625441431999207,0.062487367540597916,0.0007831345428712666,0.00554598867893219,,
1782097660.2035985,train,33,1950,0.00013052984356089312,0.34221404790878296,0.2367548793554306,0.29455432295799255,0.0633436068892479,0.0014880490489304066,0.008733109571039677,,
1782097669.5755613,train,33,2000,0.00013052030264124138,0.318634569644928,0.1909998655319214,0.3794596791267395,0.06520558148622513,0.001670143217779696,0.011139942333102226,,
1782097679.0111299,train,33,2050,0.00013051076141521896,0.616087794303894,0.43034496903419495,0.613835334777832,0.0642949715256691,0.0013656937517225742,0.006973257288336754,,
1782097688.5044281,train,33,2100,0.00013050121988292154,0.32231152057647705,0.21541357040405273,0.29087018966674805,0.06811242550611496,0.0012419739505276084,0.009868907742202282,,
1782097697.94866,train,33,2150,0.0001304916780444448,0.23761773109436035,0.14294186234474182,0.24756494164466858,0.06533017754554749,0.0011955609079450369,0.006878050044178963,,
1782097707.4178586,train,33,2200,0.00013048213589988473,0.16169150173664093,0.09236104041337967,0.15851664543151855,0.05918499082326889,0.0010880461195483804,0.00716623617336154,,
1782097716.866997,train,33,2250,0.0001304725934493371,0.31435105204582214,0.21990486979484558,0.2433452010154724,0.06701282411813736,0.0010346195194870234,0.006475321017205715,,
1782097726.294299,train,33,2300,0.00013046305069289768,0.29135003685951233,0.19018061459064484,0.2788674235343933,0.06263464689254761,0.0013524004025384784,0.006977721583098173,,
1782097735.8636005,train,33,2350,0.00013045350763066224,0.2710059583187103,0.1845090240240097,0.21022345125675201,0.06763176620006561,0.0012519534211605787,0.007952778600156307,,
1782097745.3312786,train,33,2400,0.0001304439642627265,0.20673523843288422,0.11509823054075241,0.2546859383583069,0.05568905174732208,0.0012101440224796534,0.007383265998214483,,
1782097754.886359,train,33,2450,0.0001304344205891865,0.17901599407196045,0.10058899968862534,0.1719338446855545,0.07062787562608719,0.0012959269806742668,0.00566097954288125,,
1782097764.4711032,train,33,2500,0.00013042487661013775,0.21492433547973633,0.1359381377696991,0.18850451707839966,0.06350665539503098,0.001067334902472794,0.007082690019160509,,
1782097774.098582,train,33,2550,0.00013041533232567625,0.3472774624824524,0.24352805316448212,0.28209176659584045,0.0662047266960144,0.0012409823248162866,0.004905248526483774,,
1782097783.6813827,train,33,2600,0.00013040578773589783,0.2068767547607422,0.12076184153556824,0.21502743661403656,0.06454285979270935,0.0008662701002322137,0.005938993766903877,,
1782097793.1643648,train,33,2650,0.0001303962428408982,0.2532743513584137,0.14325472712516785,0.30700597167015076,0.06626970320940018,0.0013326839543879032,0.005688589531928301,,
1782097802.68308,train,33,2700,0.00013038669764077305,0.16787980496883392,0.08370784670114517,0.2051173746585846,0.06558357179164886,0.0010083374800160527,0.0061047375202178955,,
1782097812.2269607,train,33,2750,0.00013037715213561844,0.3036069869995117,0.2099144011735916,0.24560679495334625,0.06431020796298981,0.0013577000936493278,0.009179987944662571,,
1782097821.835693,train,33,2800,0.00013036760632552998,0.2578139007091522,0.1721963882446289,0.21546025574207306,0.06331003457307816,0.0009742063703015447,0.0077278390526771545,,
1782097831.2973576,train,33,2850,0.00013035806021060366,0.3348318040370941,0.21423520147800446,0.35718217492103577,0.06231500208377838,0.0014354678569361567,0.007051789667457342,,
1782097840.859067,train,33,2900,0.00013034851379093516,0.1730033904314041,0.08016019314527512,0.2321188896894455,0.06938183307647705,0.0012256732443347573,0.0045006247237324715,,
1782097850.4837043,train,33,2950,0.00013033896706662047,0.27523940801620483,0.17395129799842834,0.26340946555137634,0.07059244811534882,0.0013949768617749214,0.006839460227638483,,
1782097860.0027978,train,33,3000,0.00013032942003775536,0.24501246213912964,0.15674109756946564,0.20774784684181213,0.07235655188560486,0.001561250421218574,0.006273377686738968,,
1782097869.574361,train,33,3050,0.0001303198727044356,0.32932454347610474,0.22748418152332306,0.2605093717575073,0.07319535315036774,0.0011534205405041575,0.006091602612286806,,
1782097879.1544445,train,33,3100,0.00013031032506675703,0.3691909611225128,0.2694636285305023,0.27026617527008057,0.06410600990056992,0.0010780716547742486,0.004670255817472935,,
1782097888.699818,train,33,3150,0.00013030077712481553,0.27946171164512634,0.19467470049858093,0.21229501068592072,0.06325839459896088,0.0008406026172451675,0.006344620604068041,,
1782097898.2595007,train,33,3200,0.00013029122887870694,0.422807902097702,0.3037581741809845,0.3541644811630249,0.060829948633909225,0.0009363392600789666,0.004882301669567823,,
1782097907.894971,train,33,3250,0.00013028168032852712,0.2256394624710083,0.13203392922878265,0.2526199221611023,0.06069172918796539,0.0010469980770722032,0.004914666060358286,,
1782097917.4103706,train,33,3300,0.00013027213147437215,0.413737952709198,0.29641783237457275,0.3258262872695923,0.0713292583823204,0.001989247277379036,0.005599535536020994,,
1782097927.0229616,train,33,3350,0.00013026258231633767,0.2597382664680481,0.1550264060497284,0.2778976559638977,0.07011310011148453,0.0018089679069817066,0.009945865720510483,,
1782097936.636791,train,33,3400,0.00013025303285451936,0.24978075921535492,0.13976387679576874,0.30445554852485657,0.06747262924909592,0.001666690455749631,0.0074404519982635975,,
1782097946.1388226,train,33,3450,0.00013024348308901326,0.2883889377117157,0.1815962791442871,0.29431992769241333,0.06610306352376938,0.001611742191016674,0.006995431613177061,,
1782097955.7980099,train,33,3500,0.00013023393301991534,0.3275550305843353,0.22195111215114594,0.2987760007381439,0.06151881068944931,0.001505260239355266,0.0064537557773292065,,
1782097965.378949,train,33,3550,0.00013022438264732116,0.2042536586523056,0.11834865063428879,0.20669636130332947,0.06818395853042603,0.0013893217546865344,0.01080416515469551,,
1782097974.9031126,train,33,3600,0.0001302148319713268,0.33240699768066406,0.21844705939292908,0.33400169014930725,0.06069711968302727,0.0011094750370830297,0.0057945335283875465,,
1782097984.4859133,train,33,3650,0.00013020528099202803,0.15378612279891968,0.07539291679859161,0.17753440141677856,0.06780882924795151,0.0010518465423956513,0.005295894108712673,,
1782097994.1046147,train,33,3700,0.00013019572970952089,0.4224942922592163,0.28984662890434265,0.38779667019844055,0.07108352333307266,0.0015671763103455305,0.006721168756484985,,
1782098003.6563885,train,33,3750,0.00013018617812390117,0.28040796518325806,0.16849224269390106,0.3059121072292328,0.07065548002719879,0.0010997499339282513,0.008198256604373455,,
1782098013.2447028,train,33,3800,0.00013017662623526484,0.2617999315261841,0.1556243896484375,0.2815083861351013,0.07133793085813522,0.0012949982192367315,0.006114831659942865,,
1782098022.817665,train,33,3850,0.00013016707404370757,0.23824502527713776,0.16227450966835022,0.18004852533340454,0.061725493520498276,0.0009563440689817071,0.005346379708498716,,
1782098032.3372521,train,33,3900,0.00013015752154932553,0.3431909680366516,0.21599583327770233,0.3750869333744049,0.06663254648447037,0.0010712306248024106,0.005583605263382196,,
1782098041.9558775,train,33,3950,0.00013014796875221446,0.22748325765132904,0.13203725218772888,0.24656492471694946,0.0673270970582962,0.0014122136635705829,0.006137971766293049,,
1782098051.5153124,train,33,4000,0.00013013841565247012,0.16616016626358032,0.09241047501564026,0.16658449172973633,0.06403738260269165,0.0008487056475132704,0.005283833015710115,,
1782098061.0423865,train,33,4050,0.00013012886225018857,0.22273574769496918,0.1395309418439865,0.19564902782440186,0.06838734447956085,0.0009886217303574085,0.008055735379457474,,
1782098070.6062315,train,33,4100,0.00013011930854546573,0.264038622379303,0.15650667250156403,0.30464860796928406,0.0625147894024849,0.001124292379245162,0.005768333096057177,,
1782098080.1942997,train,33,4150,0.00013010975453839744,0.21034835278987885,0.1332947313785553,0.19673413038253784,0.055510006844997406,0.001150770578533411,0.008015143685042858,,
1782098089.7648365,train,33,4200,0.00013010020022907962,0.1815536618232727,0.0991610735654831,0.1967429667711258,0.06621250510215759,0.001005997764877975,0.005820383317768574,,
1782098099.3583398,train,33,4250,0.00013009064561760814,0.3707125186920166,0.2705559730529785,0.26701000332832336,0.0665946751832962,0.0010673175565898418,0.005918471608310938,,
1782098108.9406376,train,33,4300,0.00013008109070407881,0.583848774433136,0.43391895294189453,0.4650478959083557,0.06704997271299362,0.001428987248800695,0.007909532636404037,,
1782098118.5509217,train,33,4350,0.0001300715354885878,0.1421671211719513,0.06539516150951385,0.18012039363384247,0.06331164389848709,0.0008604114991612732,0.006065933033823967,,
1782098128.0906193,train,33,4400,0.00013006197997123095,0.23125821352005005,0.14714837074279785,0.20601190626621246,0.06497214734554291,0.001207881374284625,0.007158880587667227,,
1782098137.6717174,train,33,4450,0.00013005242415210403,0.27118033170700073,0.18351592123508453,0.2261350303888321,0.06210462003946304,0.0007834927528165281,0.004903648979961872,,
1782098147.150568,train,33,4500,0.00013004286803130298,0.2940680980682373,0.202281653881073,0.24069906771183014,0.06293140351772308,0.0014597134431824088,0.010006939060986042,,
1782098156.6945941,train,33,4550,0.00013003331160892404,0.40853971242904663,0.29100048542022705,0.35144633054733276,0.059128835797309875,0.0011323165381327271,0.005798448342829943,,
1782098166.2185097,train,33,4600,0.0001300237548850627,0.2972795367240906,0.18100318312644958,0.31413573026657104,0.07523868978023529,0.0012307367287576199,0.006801651790738106,,
1782098175.8114467,train,33,4650,0.00013001419785981525,0.3144630789756775,0.1992279589176178,0.32718461751937866,0.0665576159954071,0.0016017038142308593,0.005914332345128059,,
1782098185.3947835,train,33,4700,0.0001300046405332774,0.37215304374694824,0.25912028551101685,0.2976057231426239,0.07696817070245743,0.0014722819905728102,0.005747993942350149,,
1782098194.9692595,train,33,4750,0.00012999508290554527,0.30684563517570496,0.18121369183063507,0.36744341254234314,0.0672171413898468,0.0016252635978162289,0.007400436792522669,,
1782098204.6231725,train,33,4800,0.00012998552497671466,0.2493884116411209,0.15817995369434357,0.2351255565881729,0.06457968056201935,0.0013722890289500356,0.005162926856428385,,
1782098214.3112562,train,33,4850,0.00012997596674688158,0.24934077262878418,0.15757210552692413,0.2294255793094635,0.06854279339313507,0.0014086945448070765,0.0055697159841656685,,
1782098223.8853266,train,33,4900,0.00012996640821614204,0.2329913079738617,0.14627517759799957,0.22493362426757812,0.06078358739614487,0.0009092536056414247,0.004761144518852234,,
1782098233.5154347,train,33,4950,0.00012995684938459182,0.25916334986686707,0.16942158341407776,0.2265494018793106,0.06599578261375427,0.0010655310470610857,0.005760583095252514,,
1782098243.1281865,train,33,5000,0.0001299472902523269,0.2715598940849304,0.163651242852211,0.3004724383354187,0.06530611962080002,0.0013747275806963444,0.0063850716687738895,,
1782098252.6681886,train,33,5050,0.00012993773081944332,0.2173328548669815,0.13064008951187134,0.2025652378797531,0.07173523306846619,0.001838391413912177,0.007529007270932198,,
1782098262.2921133,train,33,5100,0.000129928171086037,0.3719400465488434,0.2630557417869568,0.30266621708869934,0.06616190075874329,0.001368305180221796,0.005960230249911547,,
1782098271.8785148,train,33,5150,0.0001299186110522038,0.26705440878868103,0.1750468760728836,0.2321929782629013,0.06753121316432953,0.001936821499839425,0.0067448862828314304,,
1782098281.4903555,train,33,5200,0.00012990905071804,0.25820887088775635,0.1564921736717224,0.2795546352863312,0.06337997317314148,0.0013804404297843575,0.006377228535711765,,
1782098291.0689092,train,33,5250,0.00012989949008364134,0.21378931403160095,0.12752468883991241,0.21826742589473724,0.06310674548149109,0.0014438756043091416,0.012272337451577187,,
1782098300.7076082,train,33,5300,0.00012988992914910388,0.31213822960853577,0.20830614864826202,0.2930305004119873,0.06091373413801193,0.0011761346831917763,0.005846499931067228,,
1782098310.2398267,train,33,5350,0.0001298803679145235,0.25529786944389343,0.15116555988788605,0.30071747303009033,0.05771246924996376,0.0009670068975538015,0.005819669459015131,,
1782098319.828729,train,33,5400,0.00012987080637999623,0.27675923705101013,0.18019627034664154,0.2554794251918793,0.0651874914765358,0.0009936951100826263,0.006875977385789156,,
1782098329.4945045,train,33,5450,0.0001298612445456181,0.22387337684631348,0.12142340838909149,0.2626984119415283,0.07319007068872452,0.0018033181549981236,0.008305407129228115,,
1782098339.1249778,train,33,5500,0.000129851682411485,0.25478917360305786,0.15522527694702148,0.27330511808395386,0.062259528785943985,0.0010786361526697874,0.006780443713068962,,
1782098348.7082527,train,33,5550,0.0001298421199776929,0.2936691641807556,0.1813182383775711,0.3019118905067444,0.07335776835680008,0.0019406439969316125,0.005830918904393911,,
1782098358.2608948,train,33,5600,0.00012983255724433797,0.28112637996673584,0.18669331073760986,0.24124319851398468,0.06803884357213974,0.0010284183081239462,0.006856368854641914,,
1782098367.8765008,train,33,5650,0.00012982299421151588,0.4078810214996338,0.29186782240867615,0.33724740147590637,0.06314580887556076,0.0012843721779063344,0.006283762864768505,,
1782098377.559578,train,33,5700,0.00012981343087932292,0.20140580832958221,0.10967576503753662,0.2264849692583084,0.06996013224124908,0.0012873020023107529,0.007048461586236954,,
1782098387.2062879,train,33,5750,0.00012980386724785497,0.2253764420747757,0.1416843682527542,0.19294680655002594,0.07064229995012283,0.0013423125492408872,0.007426244206726551,,
1782098396.7516932,train,33,5800,0.0001297943033172081,0.2941448986530304,0.19732870161533356,0.2560366988182068,0.06537876278162003,0.0011761931236833334,0.006476679816842079,,
1782098406.3021235,train,33,5850,0.00012978473908747831,0.3951038718223572,0.2882910668849945,0.2909772992134094,0.06795553863048553,0.0009070205269381404,0.006760413758456707,,
1782098415.9232047,train,33,5900,0.0001297751745587616,0.30688413977622986,0.20052918791770935,0.2961922883987427,0.0643068328499794,0.0015345660503953695,0.006978748831897974,,
1782098425.6121244,train,33,5950,0.00012976560973115386,0.3013027608394623,0.19741389155387878,0.29115551710128784,0.06191343069076538,0.0014327637618407607,0.005548982415348291,,
1782098435.2540658,train,33,6000,0.00012975604460475112,0.2913595139980316,0.1955774426460266,0.26256558299064636,0.06007055565714836,0.0010538523783907294,0.009365684352815151,,
1782098444.8956141,train,33,6050,0.00012974647917964957,0.3042343556880951,0.1870417296886444,0.3374137282371521,0.06528240442276001,0.001980055123567581,0.0069123911671340466,,
1782098454.6097674,train,33,6100,0.00012973691345594503,0.35161617398262024,0.25748297572135925,0.24638433754444122,0.06483171880245209,0.0012123803608119488,0.008547351695597172,,
1782098464.2487504,train,33,6150,0.0001297273474337337,0.23597702383995056,0.1430237591266632,0.23250800371170044,0.06935423612594604,0.001491517061367631,0.006971684284508228,,
1782098473.8721743,train,33,6200,0.00012971778111311153,0.23699219524860382,0.1362142115831375,0.26779523491859436,0.06746374070644379,0.0009729262092150748,0.007414687890559435,,
1782098483.4174023,train,33,6250,0.00012970821449417462,0.3214908540248871,0.23457516729831696,0.20590050518512726,0.07060142606496811,0.0013987477868795395,0.007685431279242039,,
1782098493.0394762,train,33,6300,0.0001296986475770189,0.2595823407173157,0.1610155999660492,0.2531294822692871,0.07030059397220612,0.001340760150924325,0.007722823414951563,,
1782098502.6392653,train,33,6350,0.00012968908036174024,0.3023235499858856,0.21544405817985535,0.23193281888961792,0.05758029595017433,0.0010614796774461865,0.006065020803362131,,
1782098512.1917708,train,33,6400,0.0001296795128484351,0.35410040616989136,0.2516522705554962,0.281764954328537,0.06380107998847961,0.0010633075144141912,0.00624439911916852,,
1782098521.795402,train,33,6450,0.00012966994503719922,0.18786628544330597,0.11394082009792328,0.1789855808019638,0.05813451483845711,0.0011181000154465437,0.0056854235008358955,,
1782098531.305704,train,33,6500,0.00012966037692812874,0.21831367909908295,0.12472055107355118,0.23827140033245087,0.0677834004163742,0.001335914945229888,0.006211305968463421,,
1782098540.8849635,train,33,6550,0.0001296508085213197,0.21318355202674866,0.10346666723489761,0.2851601839065552,0.07656309008598328,0.0014530038461089134,0.006563036702573299,,
1782098550.404771,train,33,6600,0.00012964123981686821,0.35211461782455444,0.2461998164653778,0.3015960454940796,0.060841821134090424,0.000949027540627867,0.005735818296670914,,
1782098559.967623,train,33,6650,0.00012963167081487018,0.2917702794075012,0.19454151391983032,0.2564859390258789,0.06593162566423416,0.0014148583868518472,0.007936624810099602,,
1782098569.5589454,train,33,6700,0.00012962210151542177,0.38556423783302307,0.24745048582553864,0.41815030574798584,0.0669461190700531,0.001030844054184854,0.005152502562850714,,
1782098579.0783737,train,33,6750,0.00012961253191861894,0.4191259741783142,0.3024192452430725,0.34072360396385193,0.06286969780921936,0.0009097058791667223,0.005061116069555283,,
1782098588.5812705,train,33,6800,0.00012960296202455795,0.36914584040641785,0.25282052159309387,0.3372357487678528,0.06384831666946411,0.0009221204672940075,0.006690335460007191,,
1782098598.1089027,train,33,6850,0.00012959339183333455,0.1975003182888031,0.11491359770298004,0.2057531177997589,0.061988964676856995,0.0015395539812743664,0.006766679231077433,,
1782098607.7343764,train,33,6900,0.0001295838213450451,0.1797964870929718,0.10108630359172821,0.18983761966228485,0.06231994554400444,0.0009081374737434089,0.0058502210304141045,,
1782098617.2825103,train,33,6950,0.00012957425055978562,0.5126333832740784,0.3681536316871643,0.45922374725341797,0.0590873546898365,0.0013009149115532637,0.0048826392740011215,,
1782098626.8397954,train,33,7000,0.00012956467947765197,0.16040433943271637,0.07662887126207352,0.20752525329589844,0.06355834752321243,0.0011498696403577924,0.006884722504764795,,
1782098636.3572788,train,33,7050,0.0001295551080987404,0.2735394835472107,0.15569573640823364,0.322479248046875,0.07414334267377853,0.0015224743401631713,0.006389982998371124,,
1782098645.9702172,train,33,7100,0.000129545536423147,0.2065575122833252,0.12377392500638962,0.20036159455776215,0.06519387662410736,0.0009625527309253812,0.006629304029047489,,
1782098655.5781505,train,33,7150,0.00012953596445096783,0.24883750081062317,0.16384796798229218,0.2127954214811325,0.06335516273975372,0.001130931545048952,0.007313912734389305,,
1782098665.118117,train,33,7200,0.00012952639218229899,0.33515307307243347,0.22124840319156647,0.31434208154678345,0.07019727677106857,0.0022049909457564354,0.00720228161662817,,
1782098674.679057,train,33,7250,0.00012951681961723661,0.2623630464076996,0.18022418022155762,0.1916801929473877,0.06825801730155945,0.0008979285485111177,0.00548084732145071,,
1782098684.307647,train,33,7300,0.00012950724675587667,0.2222936600446701,0.1273818463087082,0.24562785029411316,0.06675203144550323,0.0012885251780971885,0.006563635542988777,,
1782098693.805692,train,33,7350,0.00012949767359831532,0.32638975977897644,0.2155870646238327,0.3248710036277771,0.05897880345582962,0.0009553554118610919,0.007213552016764879,,
1782098703.3518856,train,33,7400,0.0001294881001446486,0.2537041902542114,0.1701238602399826,0.200535848736763,0.0666622519493103,0.001152527634985745,0.007508681621402502,,
1782098712.866916,train,33,7450,0.00012947852639497273,0.25002261996269226,0.16378508508205414,0.2175723910331726,0.06349387764930725,0.0009748717420734465,0.005029960069805384,,
1782098722.4508603,train,33,7500,0.00012946895234938378,0.15810661017894745,0.0720660462975502,0.2128891795873642,0.065425343811512,0.0010560064110904932,0.00616461131721735,,
1782098732.0592716,train,33,7550,0.0001294593780079779,0.31340107321739197,0.2164454609155655,0.26204395294189453,0.06271309405565262,0.0008809756836853921,0.0053727817721664906,,
1782098741.6353986,train,33,7600,0.00012944980337085103,0.28401878476142883,0.17242954671382904,0.3199117183685303,0.0629694014787674,0.0012658718042075634,0.006285833660513163,,
1782098751.1891758,train,33,7650,0.00012944022843809942,0.4193921685218811,0.28902021050453186,0.3887122869491577,0.06613067537546158,0.00128544878680259,0.005289843305945396,,
1782098760.8068511,train,33,7700,0.00012943065320981907,0.3211202025413513,0.22104336321353912,0.27869659662246704,0.06046713516116142,0.0016911550192162395,0.006550011225044727,,
1782098770.3519669,train,33,7750,0.0001294210776861063,0.1805831491947174,0.08670125156641006,0.23984746634960175,0.06761711835861206,0.001114819198846817,0.005796866491436958,,
1782098779.9038522,train,33,7800,0.00012941150186705707,0.2556966245174408,0.1579185277223587,0.2512044608592987,0.06977077573537827,0.0009160331101156771,0.005677357781678438,,
1782098789.4624314,train,33,7850,0.00012940192575276762,0.3033158481121063,0.21305367350578308,0.22275972366333008,0.06891811639070511,0.0011318167671561241,0.005829300731420517,,
1782098799.0962586,train,33,7900,0.00012939234934333406,0.31428107619285583,0.20692335069179535,0.30838602781295776,0.06037033721804619,0.0007606507861055434,0.004982735030353069,,
1782098808.6953938,train,33,7950,0.0001293827726388523,0.16871385276317596,0.091311976313591,0.18572457134723663,0.06164739653468132,0.0014703921042382717,0.005764806643128395,,
1782098818.266087,train,33,8000,0.00012937319563941876,0.23097117245197296,0.14465667307376862,0.19821679592132568,0.0732584074139595,0.0013109906576573849,0.007241559214890003,,
1782098827.8703952,train,33,8050,0.00012936361834512932,0.17522498965263367,0.10253338515758514,0.15817572176456451,0.06604166328907013,0.001268367632292211,0.007338099181652069,,
1782098837.4268963,train,33,8100,0.00012935404075608027,0.23736825585365295,0.15491381287574768,0.20891746878623962,0.06025461480021477,0.0009777031373232603,0.0055619399063289165,,
1782098846.9996126,train,33,8150,0.00012934446287236773,0.38678380846977234,0.2893988788127899,0.26282668113708496,0.06315577775239944,0.0010036504827439785,0.007650569546967745,,
1782098856.59008,train,33,8200,0.00012933488469408784,0.2594273090362549,0.15403318405151367,0.2841503322124481,0.06847812980413437,0.0011747434036806226,0.006601517554372549,,
1782098866.0778677,train,33,8250,0.0001293253062213367,0.21680866181850433,0.13945281505584717,0.1875258833169937,0.06070639193058014,0.0012118519516661763,0.007729222998023033,,
1782098875.6534154,train,33,8300,0.0001293157274542106,0.18940617144107819,0.10620389133691788,0.2048702836036682,0.06372307986021042,0.001231555943377316,0.007242674473673105,,
1782098885.2019923,train,33,8350,0.00012930614839280568,0.31277230381965637,0.19411833584308624,0.3362954556941986,0.06883479654788971,0.0016271808417513967,0.007370377890765667,,
1782098894.7994983,train,33,8400,0.0001292965690372179,0.2667032480239868,0.16831950843334198,0.24821504950523376,0.07242802530527115,0.001159492414444685,0.006575831677764654,,
1782098904.3968005,train,33,8450,0.00012928698938754365,0.3174559772014618,0.20891575515270233,0.30432915687561035,0.06461149454116821,0.0015215968014672399,0.006863086950033903,,
1782098913.9304826,train,33,8500,0.00012927740944387888,0.2902703285217285,0.1660161167383194,0.34393224120140076,0.0761902928352356,0.0017602016450837255,0.0077224732376635075,,
1782098923.582015,train,33,8550,0.00012926782920631995,0.2030879259109497,0.11915273219347,0.20199285447597504,0.06665226817131042,0.0011084702564403415,0.0067442297004163265,,
1782098933.2266276,train,33,8600,0.00012925824867496288,0.20391207933425903,0.10308297723531723,0.25941383838653564,0.07161514461040497,0.0016805778723210096,0.008336707949638367,,
1782098942.8343794,train,33,8650,0.00012924866784990393,0.5656401515007019,0.39617210626602173,0.53116375207901,0.07298486679792404,0.001847145496867597,0.007188364397734404,,
1782098952.4091063,train,33,8700,0.0001292390867312392,0.28859037160873413,0.18812501430511475,0.25603923201560974,0.07259539514780045,0.0015784542774781585,0.005335154011845589,,
1782098962.018243,train,33,8750,0.000129229505319065,0.19409894943237305,0.1085679680109024,0.22120672464370728,0.060232728719711304,0.0011293105781078339,0.0056440201587975025,,
1782098971.5755181,train,33,8800,0.0001292199236134775,0.26428747177124023,0.17738400399684906,0.21482273936271667,0.06621013581752777,0.0009272183524444699,0.005767046939581633,,
1782098981.0992844,train,33,8850,0.00012921034161457272,0.22464381158351898,0.13462816178798676,0.23673264682292938,0.06143271178007126,0.0011612006928771734,0.005226827692240477,,
1782098990.6214535,train,33,8900,0.00012920075932244682,0.27368855476379395,0.16663260757923126,0.3071919083595276,0.06029992923140526,0.001080127083696425,0.006660496350377798,,
1782099000.2552395,train,33,8950,0.00012919117673719624,0.2537097632884979,0.15696020424365997,0.2458750456571579,0.070297010242939,0.0013229134492576122,0.0047724610194563866,,
1782099009.9397686,train,33,9000,0.0001291815938589169,0.126664400100708,0.05842597782611847,0.15050198137760162,0.060970552265644073,0.0012766155414283276,0.00650967238470912,,
1782099019.5207255,train,33,9050,0.00012917201068770519,0.3229568302631378,0.22673842310905457,0.24706882238388062,0.06866851449012756,0.0011696933070197701,0.005561563186347485,,
1782099029.0156927,train,33,9100,0.00012916242722365727,0.21966297924518585,0.14355328679084778,0.1806774139404297,0.061668798327445984,0.0010592796606943011,0.00525275431573391,,
1782099038.685865,train,33,9150,0.00012915284346686943,0.34242549538612366,0.21747134625911713,0.3662077486515045,0.06647851318120956,0.0016296693356707692,0.005490080453455448,,
1782099048.2732627,train,33,9200,0.00012914325941743783,0.2189171016216278,0.1413467675447464,0.1819576919078827,0.06397900730371475,0.0009142474154941738,0.006011159159243107,,
1782099057.8434663,train,33,9250,0.00012913367507545853,0.36514192819595337,0.23604770004749298,0.3739428222179413,0.07097645848989487,0.0012030963553115726,0.008455983363091946,,
1782099067.4832218,train,33,9300,0.00012912409044102781,0.3862302005290985,0.2674004137516022,0.3532923758029938,0.06077449023723602,0.0011945009464398026,0.00787233654409647,,
1782099077.1716118,train,33,9350,0.00012911450551424195,0.3938688039779663,0.2648068368434906,0.38571697473526,0.06494836509227753,0.0015850492054596543,0.009007434360682964,,
1782099086.7051225,train,33,9400,0.00012910492029519712,0.3065904974937439,0.1953718066215515,0.3068840205669403,0.06856975704431534,0.00212777778506279,0.00896818470209837,,
1782099096.317296,train,33,9450,0.0001290953347839895,0.22539573907852173,0.13972733914852142,0.17922820150852203,0.08137720823287964,0.0017275434220209718,0.009461271576583385,,
1782099105.9636261,train,33,9500,0.00012908574898071534,0.19153709709644318,0.1154632419347763,0.1887923926115036,0.05758717656135559,0.000821692927274853,0.005942525342106819,,
1782099115.6074317,train,33,9550,0.00012907616288547087,0.3291868269443512,0.22452694177627563,0.27128562331199646,0.0732947513461113,0.0019108522683382034,0.008564332500100136,,
1782099125.1433728,train,33,9600,0.0001290665764983524,0.24043463170528412,0.14439982175827026,0.25402525067329407,0.06480776518583298,0.0012462108861654997,0.0059265922755002975,,
1782099134.6672373,train,33,9650,0.00012905698981945587,0.3954497277736664,0.26655951142311096,0.3612886667251587,0.07673981040716171,0.0019816516432911158,0.00703961867839098,,
1782099144.2347262,train,33,9700,0.00012904740284887785,0.1504591703414917,0.062042295932769775,0.2035411149263382,0.07476186752319336,0.0015066721243783832,0.007502782624214888,,
1782099153.7360268,train,33,9750,0.00012903781558671452,0.20973317325115204,0.12098194658756256,0.2257479578256607,0.06437338888645172,0.0012754122726619244,0.006899402942508459,,
1782099163.3567796,train,33,9800,0.00012902822803306194,0.310515433549881,0.2039332538843155,0.28652265667915344,0.06964680552482605,0.0012812369968742132,0.005743025802075863,,
1782099172.8558426,train,33,9850,0.00012901864018801656,0.28603383898735046,0.19802846014499664,0.232195645570755,0.059731293469667435,0.0009079949813894928,0.004501936491578817,,
1782099182.4747212,train,33,9900,0.00012900905205167446,0.21840663254261017,0.13873930275440216,0.19067300856113434,0.06382647901773453,0.0008584611350670457,0.006224488373845816,,
1782099192.0228088,train,33,9950,0.00012899946362413193,0.2233138382434845,0.13154898583889008,0.23862923681735992,0.06401033699512482,0.0010237842798233032,0.004433919209986925,,
1782099201.553001,train,33,10000,0.00012898987490548528,0.2560064494609833,0.1548096090555191,0.2729837894439697,0.06568387150764465,0.001089522265829146,0.007862835191190243,,
1782099211.0366347,train,33,10050,0.0001289802858958308,0.24968397617340088,0.16734424233436584,0.2137090563774109,0.057669054716825485,0.0007795478450134397,0.005299597512930632,,
1782099220.4462023,train,33,10100,0.00012897069659526458,0.23747698962688446,0.13438358902931213,0.2793021500110626,0.0663456991314888,0.0009502551984041929,0.007656780071556568,,
1782099229.8867412,train,33,10150,0.000128961107003883,0.20733976364135742,0.11922818422317505,0.21650703251361847,0.06769372522830963,0.0013795781414955854,0.007173289079219103,,
1782099239.3873105,train,33,10200,0.00012895151712178233,0.2252245843410492,0.13784129917621613,0.20545655488967896,0.07182513177394867,0.001065733376890421,0.007565367501229048,,
1782099248.833465,train,33,10250,0.0001289419269490589,0.2653619945049286,0.1584732085466385,0.2978476285934448,0.06460599601268768,0.0012389119947329164,0.00764415692538023,,
1782099258.2890341,train,33,10300,0.00012893233648580873,0.2385852187871933,0.1460944414138794,0.23484724760055542,0.06738749891519547,0.0008522639982402325,0.006975904572755098,,
1782099267.8306298,train,33,10350,0.00012892274573212832,0.21390503644943237,0.12857350707054138,0.20927642285823822,0.0657564327120781,0.001341946772299707,0.005753848701715469,,
1782099277.3283188,train,33,10400,0.0001289131546881138,0.18488015234470367,0.07602888345718384,0.2880938947200775,0.0733661949634552,0.0014469169545918703,0.0058234441094100475,,
1782099286.7699883,train,33,10450,0.00012890356335386156,0.2319992631673813,0.15292362868785858,0.1822996586561203,0.06681045144796371,0.0009548600064590573,0.008081546984612942,,
1782099296.2649493,train,33,10500,0.00012889397172946787,0.27413129806518555,0.1590145379304886,0.32573845982551575,0.06700078397989273,0.0018172517884522676,0.008179987780749798,,
1782099311.0142612,train,33,10550,0.00012888437981502896,0.29123350977897644,0.19551976025104523,0.2545018196105957,0.06396680325269699,0.0010489809792488813,0.006745184771716595,,
1782099320.5509715,train,33,10600,0.00012887478761064105,0.21680514514446259,0.12204606086015701,0.24233952164649963,0.06803661584854126,0.0015590038383379579,0.006532283034175634,,
1782099329.9810965,train,33,10650,0.00012886519511640053,0.2768927812576294,0.1805189549922943,0.24437159299850464,0.07031850516796112,0.0012169249821454287,0.0062750037759542465,,
1782099339.455262,train,33,10700,0.00012885560233240375,0.2654210329055786,0.17626921832561493,0.2259199619293213,0.06514295935630798,0.0010035154409706593,0.005971713922917843,,
1782099349.0656004,train,33,10750,0.00012884600925874693,0.24937191605567932,0.16192741692066193,0.2263861447572708,0.06151576712727547,0.0009008331689983606,0.005055805668234825,,
1782099358.530923,train,33,10800,0.0001288364158955265,0.15580463409423828,0.059231095016002655,0.24446265399456024,0.0705435648560524,0.001861002529039979,0.006842765957117081,,
1782099367.9962418,train,33,10850,0.00012882682224283853,0.2569401264190674,0.15831933915615082,0.27669021487236023,0.05858471989631653,0.0015585690271109343,0.005497596692293882,,
1782099377.5386083,train,33,10900,0.0001288172283007795,0.192436084151268,0.11333723366260529,0.17911405861377716,0.06841263920068741,0.0011402445379644632,0.0057150679640471935,,
1782099387.0387442,train,33,10950,0.0001288076340694456,0.21000131964683533,0.12441392242908478,0.1911820024251938,0.0753878578543663,0.0009795892983675003,0.0073792296461761,,
1782099396.5860364,train,33,11000,0.0001287980395489331,0.25074535608291626,0.15390339493751526,0.26509013772010803,0.0609610341489315,0.0008892862242646515,0.006875433027744293,,
1782099406.0142019,train,33,11050,0.00012878844473933842,0.1963454633951187,0.11497630178928375,0.1962714046239853,0.06440982222557068,0.000963904894888401,0.005708574317395687,,
1782099415.4750595,train,33,11100,0.00012877884964075786,0.22696278989315033,0.1322457194328308,0.2498684972524643,0.0642637088894844,0.0011809889692813158,0.006567593663930893,,
1782099424.9340115,train,33,11150,0.00012876925425328792,0.23376207053661346,0.13113391399383545,0.26757436990737915,0.07129130512475967,0.0008891619509086013,0.0065405284985899925,,
1782099434.3174887,train,33,11200,0.00012875965857702456,0.35047635436058044,0.2580595314502716,0.22817093133926392,0.0705433189868927,0.001024259370751679,0.00501990457996726,,
1782099443.8710022,train,33,11250,0.00012875006261206425,0.32516157627105713,0.1985798180103302,0.3771739900112152,0.06432339549064636,0.0012653121957555413,0.0068236649967730045,,
1782099453.3104382,train,33,11300,0.00012874046635850332,0.26806628704071045,0.18612948060035706,0.2148129791021347,0.05626988038420677,0.0009861602447926998,0.005608959123492241,,
1782099462.7534428,train,33,11350,0.00012873086981643827,0.23956364393234253,0.13964876532554626,0.26276904344558716,0.06803235411643982,0.0020643649622797966,0.009499947540462017,,
1782099472.286457,train,33,11400,0.00012872127298596515,0.4004974067211151,0.2775239646434784,0.37011533975601196,0.06067337095737457,0.0010792872635647655,0.00573115237057209,,
1782099481.7211244,train,33,11450,0.00012871167586718044,0.27421796321868896,0.1851370930671692,0.23535090684890747,0.06028532236814499,0.0010048631811514497,0.006012126803398132,,
1782099491.1552017,train,33,11500,0.00012870207846018045,0.24350984394550323,0.15435796976089478,0.22211477160453796,0.06703510880470276,0.0010562257375568151,0.006519913673400879,,
1782099500.5984828,train,33,11550,0.0001286924807650616,0.21781781315803528,0.13329735398292542,0.21690522134304047,0.06039733812212944,0.000954842718783766,0.004738037008792162,,
1782099510.0785985,train,33,11600,0.0001286828827819201,0.3111676275730133,0.19120800495147705,0.3473711311817169,0.06582570821046829,0.002039853250607848,0.008656270802021027,,
1782099519.4277587,train,33,11650,0.00012867328451085253,0.42634493112564087,0.300208181142807,0.3743935823440552,0.06477925181388855,0.0014870832674205303,0.0063145775347948074,,
1782099528.8972585,train,33,11700,0.00012866368595195498,0.2095308005809784,0.1112961396574974,0.2579418420791626,0.06728453934192657,0.001069278339855373,0.006158672738820314,,
1782099538.3238726,train,33,11750,0.0001286540871053239,0.16587722301483154,0.08945170789957047,0.19349971413612366,0.05591587349772453,0.000926565146073699,0.00479371752589941,,
1782099547.8672814,train,33,11800,0.00012864448797105568,0.2613659203052521,0.18030329048633575,0.2118459790945053,0.055982496589422226,0.0010986699489876628,0.006544048897922039,,
1782099557.2903447,train,33,11850,0.00012863488854924663,0.24157990515232086,0.16079244017601013,0.1983555257320404,0.062219709157943726,0.0008871881291270256,0.00370972347445786,,
1782099566.7085104,train,33,11900,0.00012862528883999315,0.2170931100845337,0.13180771470069885,0.20964860916137695,0.06552736461162567,0.0010954677127301693,0.008569967932999134,,
1782099576.231411,train,33,11950,0.00012861568884339167,0.20225420594215393,0.10206463932991028,0.26520609855651855,0.06742475926876068,0.0017566002206876874,0.00817191507667303,,
1782099585.5488863,train,33,12000,0.00012860608855953836,0.19140802323818207,0.09270231425762177,0.25632739067077637,0.06893794983625412,0.0015488815261051059,0.004660220816731453,,
1782099594.9576814,train,33,12050,0.00012859648798852966,0.2614114284515381,0.1748892068862915,0.2156933844089508,0.06495736539363861,0.0012019227724522352,0.006271327380090952,,
1782099604.4354777,train,33,12100,0.00012858688713046214,0.3280840814113617,0.20550072193145752,0.3532109260559082,0.0682113766670227,0.0017494607018306851,0.006371315568685532,,
1782099613.9147322,train,33,12150,0.0001285772859854318,0.15778322517871857,0.08732391893863678,0.15531772375106812,0.06306105852127075,0.0009934573899954557,0.005961497314274311,,
1782099623.3899777,train,33,12200,0.00012856768455353523,0.17488111555576324,0.09056246280670166,0.2116091549396515,0.06254595518112183,0.0014338968321681023,0.007506160531193018,,
1782099632.8837953,train,33,12250,0.00012855808283486893,0.3515382707118988,0.26099079847335815,0.2271868884563446,0.06729091703891754,0.001052806037478149,0.006662418134510517,,
1782099642.3826077,train,33,12300,0.00012854848082952908,0.28281792998313904,0.16777092218399048,0.33270469307899475,0.06355196237564087,0.0009486833005212247,0.006626467686146498,,
1782099651.7862794,train,33,12350,0.00012853887853761213,0.35276100039482117,0.24386939406394958,0.3022591471672058,0.06640300154685974,0.0012531988322734833,0.0078338123857975,,
1782099661.148494,train,33,12400,0.00012852927595921452,0.27781400084495544,0.17192193865776062,0.2797231376171112,0.071597158908844,0.0016269916668534279,0.007845624350011349,,
1782099670.5503845,train,33,12450,0.0001285196730944328,0.21692565083503723,0.1277146190404892,0.21782414615154266,0.06931547820568085,0.000972446461673826,0.006885283160954714,,
1782099680.0092545,train,33,12500,0.00012851006994336311,0.19142307341098785,0.10818692296743393,0.20421841740608215,0.06407295912504196,0.0014506741426885128,0.008131097070872784,,
1782099689.483118,train,33,12550,0.00012850046650610193,0.28677114844322205,0.17975714802742004,0.2865554988384247,0.07040845602750778,0.0017090102192014456,0.007872417569160461,,
1782099699.0062554,train,33,12600,0.00012849086278274557,0.31036078929901123,0.1918024718761444,0.3448731303215027,0.06449546664953232,0.000923371990211308,0.0057095810770988464,,
1782099708.4501352,train,33,12650,0.0001284812587733907,0.29641035199165344,0.1946270614862442,0.2618018686771393,0.07238997519016266,0.0013784872135147452,0.008707154542207718,,
1782099717.8349872,train,33,12700,0.0001284716544781336,0.16717034578323364,0.07733751833438873,0.21453994512557983,0.0719941034913063,0.002007954753935337,0.011690440587699413,,
1782099727.3387942,train,33,12750,0.0001284620498970705,0.3386070728302002,0.19998331367969513,0.4289269745349884,0.06259284168481827,0.0009557949961163104,0.004156464245170355,,
1782099736.8540416,train,33,12800,0.00012845244503029797,0.27395567297935486,0.1743098795413971,0.24637050926685333,0.07579440623521805,0.001559554715640843,0.007210791110992432,,
1782099746.2890573,train,33,12850,0.0001284428398779122,0.4276403486728668,0.2740890085697174,0.4688679277896881,0.07219671458005905,0.0023600144777446985,0.007670051418244839,,
1782099755.6870232,train,33,12900,0.00012843323444001006,0.24527470767498016,0.15038786828517914,0.25557059049606323,0.06178532540798187,0.0010152463801205158,0.006369361188262701,,
1782099765.0949159,train,33,12950,0.00012842362871668753,0.28459781408309937,0.18049496412277222,0.29090145230293274,0.06250787526369095,0.0012355853104963899,0.00782032310962677,,
1782099774.5336952,train,33,13000,0.00012841402270804132,0.24143370985984802,0.1563340574502945,0.22403675317764282,0.05796282738447189,0.0010904312366619706,0.006371437106281519,,
1782099783.9586143,train,33,13050,0.0001284044164141678,0.31084394454956055,0.2108626663684845,0.2697220742702484,0.06488928198814392,0.001060917740687728,0.005275481380522251,,
1782099911.1724255,val,33,,,0.30091550170107845,0.18921370114615568,0.3060069563208349,0.07012005250635746,0.0014003557893235684,0.006976876398729888,,
1782099921.924342,train,34,50,0.00012839192780587594,0.4385513663291931,0.32677921652793884,0.32150667905807495,0.0625542625784874,0.0011836790945380926,0.005870826076716185,,
1782099931.4578485,train,34,100,0.00012838232085634542,0.2747393250465393,0.17444521188735962,0.2714432179927826,0.06456735730171204,0.0014959643594920635,0.005821004509925842,,
1782099941.0188591,train,34,150,0.0001283727136219058,0.1921849101781845,0.10611863434314728,0.1998208612203598,0.07196693867444992,0.00127586186863482,0.010832342319190502,,
1782099950.4561508,train,34,200,0.0001283631061026535,0.2427481710910797,0.15461838245391846,0.23029446601867676,0.06085585802793503,0.001282413024455309,0.006673694122582674,,
1782099959.8598988,train,34,250,0.00012835349829868508,0.2054424285888672,0.11113857477903366,0.2454596310853958,0.06547465175390244,0.002016184153035283,0.007347528822720051,,
1782099969.3738961,train,34,300,0.00012834389021009688,0.20911455154418945,0.12600257992744446,0.21594659984111786,0.05805940926074982,0.0009560504695400596,0.00530491815879941,,
1782099978.822827,train,34,350,0.00012833428183698536,0.32380691170692444,0.2277512401342392,0.261414110660553,0.061188723891973495,0.0010780863231047988,0.007811285555362701,,
1782099988.1807404,train,34,400,0.00012832467317944692,0.2424333393573761,0.154231458902359,0.23210102319717407,0.060131724923849106,0.0011076463852077723,0.007284251507371664,,
1782099997.637256,train,34,450,0.00012831506423757798,0.22076191008090973,0.13254719972610474,0.22576355934143066,0.06328849494457245,0.0012956325663253665,0.0057286755181849,,
1782100006.984388,train,34,500,0.00012830545501147503,0.18657851219177246,0.11096642166376114,0.1749514639377594,0.06351717561483383,0.0011563152074813843,0.007706771604716778,,
1782100016.462917,train,34,550,0.00012829584550123462,0.29710787534713745,0.1784336417913437,0.34457674622535706,0.06479949504137039,0.0013028153916820884,0.009319447912275791,,
1782100025.8790016,train,34,600,0.00012828623570695314,0.37689125537872314,0.277702659368515,0.26452967524528503,0.0658690556883812,0.0012166417436674237,0.006686659529805183,,
1782100035.2749696,train,34,650,0.00012827662562872719,0.2680513262748718,0.1690911203622818,0.26593393087387085,0.06464473903179169,0.0015434983652085066,0.006924194749444723,,
1782100044.6637878,train,34,700,0.00012826701526665317,0.36557474732398987,0.23262596130371094,0.38789817690849304,0.07165012508630753,0.0014916704967617989,0.009077511727809906,,
1782100054.0085843,train,34,750,0.00012825740462082727,0.42159292101860046,0.2886304557323456,0.38484835624694824,0.0732748731970787,0.0011295792646706104,0.0054240757599473,,
1782100063.410328,train,34,800,0.00012824779369134635,0.1679903119802475,0.08410513401031494,0.207932248711586,0.06364637613296509,0.0007892590947449207,0.004754768218845129,,
1782100072.8779922,train,34,850,0.0001282381824783067,0.2383427768945694,0.1478392332792282,0.22850452363491058,0.06656051427125931,0.0009715123451314867,0.004429179709404707,,
1782100082.4019852,train,34,900,0.00012822857098180487,0.2209903597831726,0.12598420679569244,0.2518863379955292,0.06383457779884338,0.001172940363176167,0.008131507784128189,,
1782100091.8378282,train,34,950,0.00012821895920193732,0.4829009473323822,0.37263917922973633,0.314948171377182,0.06286900490522385,0.0009020402212627232,0.006825282704085112,,
1782100101.3827558,train,34,1000,0.00012820934713880054,0.2620598077774048,0.17923003435134888,0.20306046307086945,0.06394520401954651,0.0009205781971104443,0.006833476945757866,,
1782100110.9495907,train,34,1050,0.00012819973479249097,0.3136075437068939,0.20911449193954468,0.2881840467453003,0.06458936631679535,0.0015235599130392075,0.009744024835526943,,
1782100120.418759,train,34,1100,0.0001281901221631052,0.18288671970367432,0.10212598741054535,0.19579650461673737,0.06344129145145416,0.0009095167042687535,0.006174550391733646,,
1782100129.9445558,train,34,1150,0.0001281805092507396,0.25142762064933777,0.15747272968292236,0.25904154777526855,0.05821327492594719,0.0008786973194219172,0.005368733778595924,,
1782100139.3460972,train,34,1200,0.00012817089605549078,0.2733921408653259,0.17687535285949707,0.25945186614990234,0.06301688402891159,0.0014538662508130074,0.008533238433301449,,
1782100148.7231495,train,34,1250,0.0001281612825774552,0.162541925907135,0.08688287436962128,0.1783628612756729,0.061925239861011505,0.0010571678867563605,0.006746214814484119,,
1782100158.1434042,train,34,1300,0.00012815166881672928,0.2452045977115631,0.15688887238502502,0.22693002223968506,0.06295133382081985,0.0010755654657259583,0.008933558128774166,,
1782100167.4476974,train,34,1350,0.00012814205477340967,0.19438417255878448,0.10801411420106888,0.2114795744419098,0.06668736040592194,0.0015647681429982185,0.006861850153654814,,
1782100176.9621127,train,34,1400,0.00012813244044759277,0.2892132103443146,0.19562476873397827,0.24104814231395721,0.06643516570329666,0.0010884786024689674,0.0063226306810975075,,
1782100186.4222958,train,34,1450,0.00012812282583937507,0.23672011494636536,0.14820295572280884,0.2139235883951187,0.0697326734662056,0.0016992887249216437,0.006037214305251837,,
1782100195.8931282,train,34,1500,0.00012811321094885315,0.16379666328430176,0.09193446487188339,0.14838175475597382,0.0692872479557991,0.0012314547784626484,0.007281119003891945,,
1782100205.3619926,train,34,1550,0.00012810359577612355,0.3180059492588043,0.22183553874492645,0.24724680185317993,0.068436399102211,0.0014050478348508477,0.008693519048392773,,
1782100214.754965,train,34,1600,0.00012809398032128267,0.2652795612812042,0.16241127252578735,0.27938365936279297,0.06577325612306595,0.0013575359480455518,0.0059748925268650055,,
1782100224.226246,train,34,1650,0.00012808436458442706,0.2980564534664154,0.20056472718715668,0.2501465380191803,0.06964054703712463,0.0013478806940838695,0.006829994264990091,,
1782100233.718847,train,34,1700,0.00012807474856565352,0.23409537971019745,0.13169929385185242,0.26983383297920227,0.06962698698043823,0.0012414761586114764,0.006275680847465992,,
1782100243.1423395,train,34,1750,0.00012806513226505821,0.2544153928756714,0.15949827432632446,0.24277880787849426,0.06814514100551605,0.0014984251465648413,0.007294118870049715,,
1782100252.5221727,train,34,1800,0.00012805551568273782,0.4927881956100464,0.33974194526672363,0.4812987148761749,0.06523440033197403,0.001043807016685605,0.006231128703802824,,
1782100261.9055116,train,34,1850,0.00012804589881878887,0.241643026471138,0.14611157774925232,0.2568380534648895,0.06243439018726349,0.0010474123992025852,0.005689915735274553,,
1782100271.3156807,train,34,1900,0.00012803628167330788,0.1878279745578766,0.09640027582645416,0.23174327611923218,0.06680099666118622,0.000913750845938921,0.005215073470026255,,
1782100280.697786,train,34,1950,0.00012802666424639134,0.20219585299491882,0.11771869659423828,0.20235005021095276,0.06753788143396378,0.001207118621096015,0.007894196547567844,,
1782100290.1000962,train,34,2000,0.00012801704653813597,0.16451889276504517,0.07874926924705505,0.19678430259227753,0.07293124496936798,0.0010791136883199215,0.008311185985803604,,
1782100299.4623406,train,34,2050,0.00012800742854863814,0.1421796828508377,0.06618057936429977,0.15094256401062012,0.07626549899578094,0.0013071189168840647,0.0062649925239384174,,
1782100308.814692,train,34,2100,0.0001279978102779945,0.252638578414917,0.1571427285671234,0.2495078295469284,0.06589938700199127,0.001691943034529686,0.01025594025850296,,
1782100318.182739,train,34,2150,0.00012798819172630152,0.28636789321899414,0.2084868848323822,0.18463796377182007,0.06321665644645691,0.0011317635653540492,0.010388975031673908,,
1782100327.5095663,train,34,2200,0.00012797857289365588,0.28882896900177,0.20168927311897278,0.20642325282096863,0.07080616801977158,0.001307958853431046,0.007878283970057964,,
1782100336.869067,train,34,2250,0.00012796895378015396,0.23709852993488312,0.14383405447006226,0.24304814636707306,0.06465257704257965,0.0017615297110751271,0.008686261251568794,,
1782100346.254877,train,34,2300,0.00012795933438589243,0.20016397535800934,0.11132456362247467,0.22180518507957458,0.06646551191806793,0.001553781097754836,0.008612129837274551,,
1782100355.6787682,train,34,2350,0.0001279497147109679,0.2607128620147705,0.1657133847475052,0.2669101059436798,0.05637569725513458,0.0008411246235482395,0.004943318665027618,,
1782100365.1651483,train,34,2400,0.0001279400947554769,0.18946705758571625,0.11459088325500488,0.18355102837085724,0.05769162252545357,0.001426044967956841,0.007707870565354824,,
1782100374.5561028,train,34,2450,0.00012793047451951597,0.30911076068878174,0.2030099779367447,0.28910765051841736,0.06743968278169632,0.0010403626365587115,0.0044709001667797565,,
1782100383.9309099,train,34,2500,0.00012792085400318168,0.29394450783729553,0.19434122741222382,0.2358279675245285,0.08093167096376419,0.001804469502530992,0.006200104020535946,,
1782100393.332072,train,34,2550,0.0001279112332065706,0.19313499331474304,0.11727772653102875,0.171421617269516,0.06569802016019821,0.001528611988760531,0.006919697392731905,,
1782100402.7160394,train,34,2600,0.0001279016121297792,0.1912781000137329,0.10044458508491516,0.2302657663822174,0.06635446101427078,0.0008986133616417646,0.004267626442015171,,
1782100412.1589732,train,34,2650,0.00012789199077290424,0.29045525193214417,0.18617618083953857,0.29216116666793823,0.06224581226706505,0.0011585928732529283,0.005400369875133038,,
1782100421.6034794,train,34,2700,0.00012788236913604221,0.3821863830089569,0.2767692506313324,0.2909473776817322,0.06513521820306778,0.001126680290326476,0.006104713771492243,,
1782100431.062619,train,34,2750,0.00012787274721928966,0.18283894658088684,0.1059073731303215,0.17863154411315918,0.06432592123746872,0.001107181771658361,0.006792639382183552,,
1782100440.4498162,train,34,2800,0.00012786312502274322,0.29086774587631226,0.17219102382659912,0.34943699836730957,0.062398020178079605,0.001184539869427681,0.0064628347754478455,,
1782100449.8741214,train,34,2850,0.00012785350254649962,0.33457788825035095,0.2011071890592575,0.39635753631591797,0.06834478676319122,0.002089028712362051,0.0067156157456338406,,
1782100459.2546325,train,34,2900,0.00012784387979065508,0.22066231071949005,0.13678032159805298,0.20866219699382782,0.06327949464321136,0.00076692970469594,0.006310106720775366,,
1782100468.6349926,train,34,2950,0.0001278342567553066,0.39196401834487915,0.2563847303390503,0.400079607963562,0.07080177217721939,0.0015849241754040122,0.005950379651039839,,
1782100477.9965377,train,34,3000,0.0001278246334405506,0.3296874761581421,0.23350569605827332,0.2588900327682495,0.06264420598745346,0.0013717188267037272,0.009100748226046562,,
1782100487.3457346,train,34,3050,0.0001278150098464837,0.49150195717811584,0.35331934690475464,0.42267686128616333,0.0647546574473381,0.001360832480713725,0.008647346869111061,,
1782100496.6922426,train,34,3100,0.0001278053859732026,0.20422779023647308,0.10786636173725128,0.2608541250228882,0.06200246512889862,0.0014666912611573935,0.007336410228163004,,
1782100506.1205993,train,34,3150,0.00012779576182080378,0.3216647505760193,0.2067192792892456,0.3330715596675873,0.06308157742023468,0.0013678475515916944,0.00796034187078476,,
1782100515.4900196,train,34,3200,0.0001277861373893839,0.3857593536376953,0.2648300528526306,0.3605637550354004,0.061335571110248566,0.0012059418950229883,0.005624157376587391,,
1782100524.8364406,train,34,3250,0.00012777651267903948,0.24105395376682281,0.15305957198143005,0.21425065398216248,0.06867453455924988,0.0009443987510167062,0.005559544079005718,,
1782100534.2327867,train,34,3300,0.0001277668876898673,0.29795601963996887,0.2013850212097168,0.252677857875824,0.06655365228652954,0.0012468482600525022,0.010734564624726772,,
1782100543.6171193,train,34,3350,0.00012775726242196381,0.3148946464061737,0.2159261852502823,0.24790474772453308,0.07371742278337479,0.0013357935240492225,0.005369754508137703,,
1782100553.005716,train,34,3400,0.00012774763687542566,0.348659873008728,0.24493087828159332,0.2896418869495392,0.06241440773010254,0.0011130637722089887,0.005472199060022831,,
1782100562.4363456,train,34,3450,0.0001277380110503496,0.2336769998073578,0.1479291468858719,0.20968495309352875,0.06638181954622269,0.0013569777365773916,0.005354381166398525,,
1782100571.8189242,train,34,3500,0.00012772838494683208,0.2069271355867386,0.12188000977039337,0.21856561303138733,0.0605643093585968,0.001235674018971622,0.009074205532670021,,
1782100581.3206487,train,34,3550,0.00012771875856496982,0.3651111423969269,0.2540222108364105,0.31770145893096924,0.06301702558994293,0.0015505042392760515,0.00843773689121008,,
1782100590.7306929,train,34,3600,0.00012770913190485961,0.2960268557071686,0.18725258111953735,0.29884833097457886,0.0679214745759964,0.001014425535686314,0.005397948902100325,,
1782100600.1654305,train,34,3650,0.000127699504966598,0.3909727931022644,0.2689322233200073,0.3466135561466217,0.07041759788990021,0.0017838403582572937,0.007846598513424397,,
1782100609.51449,train,34,3700,0.00012768987775028137,0.36243709921836853,0.2459060251712799,0.3216466009616852,0.07195042073726654,0.0014421240193769336,0.007107292767614126,,
1782100618.870614,train,34,3750,0.0001276802502560066,0.437953382730484,0.2978783845901489,0.4101050794124603,0.07482904940843582,0.0013419159222394228,0.006131228990852833,,
1782100628.2989638,train,34,3800,0.00012767062248387022,0.21079431474208832,0.12154882401227951,0.23208893835544586,0.062167271971702576,0.0013960784999653697,0.006038427818566561,,
1782100637.7603922,train,34,3850,0.000127660994433969,0.2786254286766052,0.17928412556648254,0.2670307457447052,0.06489405781030655,0.0013659871183335781,0.008116685785353184,,
1782100647.2258978,train,34,3900,0.0001276513661063995,0.19393064081668854,0.12408838421106339,0.13309575617313385,0.07283439487218857,0.0015112010296434164,0.011700626462697983,,
1782100656.6647146,train,34,3950,0.00012764173750125834,0.2055748552083969,0.12388454377651215,0.2024262398481369,0.06200750172138214,0.000800024252384901,0.004743281286209822,,
1782100666.0963387,train,34,4000,0.00012763210861864227,0.3292138874530792,0.22540457546710968,0.2698027789592743,0.07245561480522156,0.0013080111239105463,0.005952730309218168,,
1782100675.4789834,train,34,4050,0.00012762247945864803,0.35270941257476807,0.24093832075595856,0.3107055723667145,0.06796083599328995,0.0011425380362197757,0.0064185988157987595,,
1782100684.8937442,train,34,4100,0.00012761285002137218,0.18727712333202362,0.10023755580186844,0.21482834219932556,0.06638498604297638,0.0013999252114444971,0.008003593422472477,,
1782100694.2925045,train,34,4150,0.00012760322030691134,0.30963626503944397,0.20295359194278717,0.29595085978507996,0.06512925773859024,0.0013033109717071056,0.007008901331573725,,
1782100703.6349883,train,34,4200,0.00012759359031536222,0.30095991492271423,0.18695037066936493,0.33318978548049927,0.0611119419336319,0.0015612328425049782,0.007189389783889055,,
1782100713.0700567,train,34,4250,0.0001275839600468214,0.24912546575069427,0.1541026383638382,0.2478403002023697,0.06588443368673325,0.0012053006794303656,0.0033896102104336023,,
1782100722.458451,train,34,4300,0.00012757432950138566,0.2467464655637741,0.1539284586906433,0.23126274347305298,0.06969062983989716,0.0015701225493103266,0.007679016795009375,,
1782100731.9127986,train,34,4350,0.00012756469867915166,0.3059736490249634,0.2217516005039215,0.20283035933971405,0.06680325418710709,0.001128325005993247,0.007778484374284744,,
1782100741.296775,train,34,4400,0.00012755506758021593,0.3557891845703125,0.25583380460739136,0.2688678205013275,0.0652727261185646,0.0010204494465142488,0.006336366292089224,,
1782100750.6588323,train,34,4450,0.00012754543620467542,0.251620888710022,0.15874777734279633,0.23860152065753937,0.06617146730422974,0.001369933132082224,0.00638537434861064,,
1782100760.053727,train,34,4500,0.00012753580455262663,0.14294344186782837,0.05990561470389366,0.19705934822559357,0.06721661984920502,0.0016469411784783006,0.006537118460983038,,
1782100769.4003332,train,34,4550,0.00012752617262416636,0.2558510899543762,0.14929963648319244,0.2815394103527069,0.07204100489616394,0.0014610311482101679,0.00891222432255745,,
1782100778.901832,train,34,4600,0.00012751654041939114,0.31022146344184875,0.21144486963748932,0.24957305192947388,0.07249928265810013,0.0013369206571951509,0.0051201339811086655,,
1782100788.3269634,train,34,4650,0.00012750690793839766,0.419930100440979,0.2854272425174713,0.3980136513710022,0.06966182589530945,0.001684908871538937,0.008433252573013306,,
1782100797.8133328,train,34,4700,0.00012749727518128286,0.13812269270420074,0.06805533170700073,0.15328934788703918,0.06331614404916763,0.0008694521966390312,0.005024240352213383,,
1782100807.2087107,train,34,4750,0.0001274876421481431,0.3827384412288666,0.27134108543395996,0.3185283839702606,0.06327954679727554,0.0012546945363283157,0.00660606287419796,,
1782100816.6302893,train,34,4800,0.00012747800883907524,0.18981821835041046,0.08904355019330978,0.254435658454895,0.07400564104318619,0.001629234291613102,0.0057809497229754925,,
1782100825.9742503,train,34,4850,0.0001274683752541761,0.21077574789524078,0.12013019621372223,0.22733239829540253,0.06727971881628036,0.0017258758889511228,0.010366653092205524,,
1782100835.3879213,train,34,4900,0.00012745874139354212,0.249258354306221,0.14722362160682678,0.2798014283180237,0.06394273787736893,0.001130062504671514,0.007069360464811325,,
1782100844.780176,train,34,4950,0.00012744910725727025,0.3129734396934509,0.21767176687717438,0.226311594247818,0.07719413936138153,0.0012670325813814998,0.006241540890187025,,
1782100854.165783,train,34,5000,0.00012743947284545718,0.21392278373241425,0.12159159779548645,0.221868634223938,0.07348284125328064,0.0012261242372915149,0.006057214457541704,,
1782100863.494702,train,34,5050,0.00012742983815819953,0.18598906695842743,0.08508699387311935,0.27196842432022095,0.06551209092140198,0.0015392242930829525,0.007988098077476025,,
1782100872.87501,train,34,5100,0.0001274202031955939,0.1913307160139084,0.0990556851029396,0.22636865079402924,0.07112371921539307,0.0012101423926651478,0.009895825758576393,,
1782100882.258068,train,34,5150,0.00012741056795773732,0.35123494267463684,0.23804739117622375,0.31310126185417175,0.06957118958234787,0.0012663210509344935,0.008080435916781425,,
1782100891.7445583,train,34,5200,0.00012740093244472634,0.3314429223537445,0.23115326464176178,0.25780728459358215,0.07145227491855621,0.0011168605415150523,0.005446743220090866,,
1782100901.146536,train,34,5250,0.00012739129665665763,0.19433924555778503,0.11454932391643524,0.19267307221889496,0.06294629722833633,0.001485086395405233,0.00641506677493453,,
1782100910.6267552,train,34,5300,0.00012738166059362793,0.5224758982658386,0.39681360125541687,0.37900951504707336,0.0615851916372776,0.001172818010672927,0.006355386693030596,,
1782100920.045598,train,34,5350,0.00012737202425573409,0.2785327136516571,0.18549123406410217,0.23301458358764648,0.06930333375930786,0.0013617627555504441,0.006480078212916851,,
1782100929.436249,train,34,5400,0.00012736238764307268,0.17523697018623352,0.09344235807657242,0.19496367871761322,0.06590317189693451,0.0010209974134340882,0.006638994440436363,,
1782100938.791729,train,34,5450,0.00012735275075574054,0.1981569528579712,0.10387495160102844,0.23307092487812042,0.07165959477424622,0.0018447443144395947,0.007487906143069267,,
1782100948.2037454,train,34,5500,0.00012734311359383435,0.4268336892127991,0.2883693277835846,0.4226178228855133,0.06528279930353165,0.001684985007159412,0.0066762808710336685,,
1782100957.5720105,train,34,5550,0.0001273334761574508,0.253786563873291,0.16101545095443726,0.23209089040756226,0.06925566494464874,0.0012053954415023327,0.00899131502956152,,
1782100966.9025004,train,34,5600,0.00012732383844668682,0.19729231297969818,0.11185821890830994,0.19219765067100525,0.07443800568580627,0.0016566625563427806,0.00602835975587368,,
1782100976.3764307,train,34,5650,0.00012731420046163908,0.4279120862483978,0.3145339787006378,0.32031935453414917,0.0663982704281807,0.0009914716938510537,0.005083832424134016,,
1782100985.7945483,train,34,5700,0.00012730456220240425,0.392611026763916,0.2682155966758728,0.3519093692302704,0.07255253940820694,0.001417915802448988,0.0095971105620265,,
1782100995.202207,train,34,5750,0.00012729492366907915,0.4271249771118164,0.30895647406578064,0.3353140354156494,0.06838901340961456,0.0014548588078469038,0.009020695462822914,,
1782101004.5948908,train,34,5800,0.0001272852848617605,0.16965621709823608,0.10043906420469284,0.14700947701931,0.06468524038791656,0.0012216144241392612,0.0069742160849273205,,
1782101014.0039494,train,34,5850,0.00012727564578054508,0.29008328914642334,0.17648521065711975,0.3212231993675232,0.06633207947015762,0.0012625748058781028,0.004743519239127636,,
1782101023.3837128,train,34,5900,0.00012726600642552958,0.23990720510482788,0.15606626868247986,0.21188415586948395,0.061485759913921356,0.001270240405574441,0.010422038845717907,,
1782101032.982611,train,34,5950,0.00012725636679681077,0.22212715446949005,0.14243799448013306,0.1867402344942093,0.06576786935329437,0.0012017646804451942,0.0073982831090688705,,
1782101043.559406,train,34,6000,0.00012724672689448552,0.2575066089630127,0.14154399931430817,0.31297311186790466,0.07514461874961853,0.0014703096821904182,0.007487237919121981,,
1782101054.5093842,train,34,6050,0.00012723708671865045,0.4280768632888794,0.29691651463508606,0.3813377916812897,0.07128120213747025,0.001853233203291893,0.010834314860403538,,
1782101067.069209,train,34,6100,0.00012722744626940258,0.403413861989975,0.2959778308868408,0.3082760274410248,0.06055356562137604,0.0009024655446410179,0.005234068259596825,,
1782101081.5382965,train,34,6150,0.00012721780554683852,0.17452940344810486,0.09312988072633743,0.19488853216171265,0.06508875638246536,0.0013301316648721695,0.005981462076306343,,
1782101097.20028,train,34,6200,0.00012720816455105504,0.24845433235168457,0.15533635020256042,0.236217200756073,0.06781233102083206,0.0015752408653497696,0.007150314748287201,,
1782101116.493217,train,34,6250,0.0001271985232821489,0.19333426654338837,0.11006041616201401,0.20524092018604279,0.06362670660018921,0.0015026932815089822,0.0058729941956698895,,
1782101134.914298,train,34,6300,0.00012718888174021692,0.27957653999328613,0.16251032054424286,0.3376156985759735,0.06508030742406845,0.0012214775197207928,0.009953889064490795,,
1782101151.1611922,train,34,6350,0.00012717923992535592,0.35251176357269287,0.23752613365650177,0.3269185423851013,0.06628450006246567,0.001137527055107057,0.005352172069251537,,
1782101166.605,train,34,6400,0.00012716959783766262,0.25383687019348145,0.161981001496315,0.24704143404960632,0.05996311083436012,0.0011396571062505245,0.007918787188827991,,
1782101180.388597,train,34,6450,0.00012715995547723388,0.2598806917667389,0.17205463349819183,0.22644276916980743,0.06225955858826637,0.0008557976107113063,0.006154690403491259,,
1782101193.8661928,train,34,6500,0.00012715031284416634,0.36522403359413147,0.25607097148895264,0.3141506314277649,0.06098641827702522,0.001222077989950776,0.005804897285997868,,
1782101205.5923648,train,34,6550,0.00012714066993855706,0.3044924736022949,0.20951461791992188,0.24601951241493225,0.06674455851316452,0.00100700615439564,0.00773952342569828,,
1782101216.8674636,train,34,6600,0.0001271310267605025,0.22838237881660461,0.14725808799266815,0.1819075495004654,0.07108365744352341,0.0010558190988376737,0.007139113266021013,,
1782101227.9754837,train,34,6650,0.00012712138331009992,0.26691368222236633,0.17678728699684143,0.23288561403751373,0.06360435485839844,0.0010280710412189364,0.0053331200033426285,,
1782101238.6171787,train,34,6700,0.00012711173958744569,0.2955831289291382,0.15163105726242065,0.42243891954421997,0.07624885439872742,0.0021791961044073105,0.006779438350349665,,
1782101249.2113516,train,34,6750,0.0001271020955926367,0.287141352891922,0.18628370761871338,0.26700541377067566,0.06799615174531937,0.0010820396710187197,0.0069174752570688725,,
1782101259.7474875,train,34,6800,0.00012709245132576992,0.29367151856422424,0.20480003952980042,0.22631008923053741,0.06435028463602066,0.0011879384983330965,0.005483145825564861,,
1782101269.7017655,train,34,6850,0.00012708280678694204,0.19031396508216858,0.1103380098938942,0.2035495489835739,0.057922713458538055,0.0012720490340143442,0.005268093664199114,,
1782101279.3937526,train,34,6900,0.0001270731619762498,0.3154897689819336,0.21112558245658875,0.2784216105937958,0.06926445662975311,0.0012653375742956996,0.007105047814548016,,
1782101288.9471965,train,34,6950,0.00012706351689379018,0.30158308148384094,0.19340623915195465,0.296526163816452,0.06772665679454803,0.001819674507714808,0.007869978435337543,,
1782101298.4748025,train,34,7000,0.00012705387153966012,0.35508304834365845,0.268819123506546,0.22451800107955933,0.06007985398173332,0.0009449735516682267,0.007059045135974884,,
1782101307.9078166,train,34,7050,0.00012704422591395617,0.20748591423034668,0.1351906955242157,0.1642151176929474,0.062284670770168304,0.0009910312946885824,0.006511427462100983,,
1782101317.3984249,train,34,7100,0.0001270345800167753,0.2077050507068634,0.11814187467098236,0.22711744904518127,0.06523261219263077,0.0016750760842114687,0.00700345216318965,,
1782101326.8698537,train,34,7150,0.00012702493384821425,0.2810542583465576,0.16235393285751343,0.33650434017181396,0.06881467252969742,0.0016690220218151808,0.007956454530358315,,
1782101336.3453915,train,34,7200,0.00012701528740836977,0.26923924684524536,0.1635158658027649,0.28033673763275146,0.07100975513458252,0.0013432529522106051,0.007614159025251865,,
1782101345.7131557,train,34,7250,0.00012700564069733893,0.25564953684806824,0.15008531510829926,0.2962604761123657,0.06273870170116425,0.0012976879952475429,0.0064624701626598835,,
1782101355.1831207,train,34,7300,0.00012699599371521843,0.38928303122520447,0.283449649810791,0.282270222902298,0.0702974796295166,0.0011709732934832573,0.006335875950753689,,
1782101364.566489,train,34,7350,0.00012698634646210517,0.2436840832233429,0.15671703219413757,0.21548627316951752,0.06596815586090088,0.001114014652557671,0.005873912945389748,,
1782101373.9999132,train,34,7400,0.00012697669893809596,0.17475800216197968,0.1013343408703804,0.1761048436164856,0.058544497936964035,0.001252051442861557,0.0053031351417303085,,
1782101383.3523462,train,34,7450,0.00012696705114328757,0.26555731892585754,0.183795765042305,0.19474412500858307,0.06598588079214096,0.0008258067537099123,0.0060173338279128075,,
1782101392.7695942,train,34,7500,0.00012695740307777694,0.2963360846042633,0.189349964261055,0.3006118834018707,0.06343270093202591,0.0011679910821840167,0.006831738632172346,,
1782101402.2459207,train,34,7550,0.00012694775474166096,0.28191468119621277,0.17459070682525635,0.3036768436431885,0.06239084154367447,0.0020934464409947395,0.006834172643721104,,
1782101411.689493,train,34,7600,0.00012693810613503633,0.24255238473415375,0.16073596477508545,0.19205600023269653,0.06730528920888901,0.0014977592509239912,0.009343761019408703,,
1782101421.122456,train,34,7650,0.00012692845725799994,0.18380196392536163,0.1090037152171135,0.1699734777212143,0.06444689631462097,0.0008143062004819512,0.006256753113120794,,
1782101430.5391536,train,34,7700,0.00012691880811064874,0.19051280617713928,0.11106155067682266,0.18294364213943481,0.06719707697629929,0.0011680253082886338,0.005149461794644594,,
1782101439.9668677,train,34,7750,0.00012690915869307948,0.2441004514694214,0.14384779334068298,0.26157525181770325,0.06942979246377945,0.0014396602055057883,0.0070361122488975525,,
1782101449.3477771,train,34,7800,0.00012689950900538914,0.21911872923374176,0.1249890848994255,0.2444034367799759,0.06568153202533722,0.0018801112892106175,0.008397531695663929,,
1782101458.7803037,train,34,7850,0.0001268898590476747,0.3187861442565918,0.20832784473896027,0.3041624426841736,0.06861761957406998,0.0010887340176850557,0.008169164881110191,,
1782101468.2618225,train,34,7900,0.0001268802088200328,0.32145023345947266,0.20904377102851868,0.3223690986633301,0.06340104341506958,0.0011366865364834666,0.00736656179651618,,
1782101477.7706842,train,34,7950,0.00012687055832256026,0.16570700705051422,0.09195885807275772,0.1547417938709259,0.06987525522708893,0.0012506006751209497,0.008002646267414093,,
1782101487.1851027,train,34,8000,0.00012686090755535402,0.29689496755599976,0.19225890934467316,0.28158628940582275,0.0681893602013588,0.0014479231322184205,0.008014081045985222,,
1782101496.5910084,train,34,8050,0.00012685125651851114,0.23708920180797577,0.14543437957763672,0.23634003102779388,0.06496796756982803,0.000858236919157207,0.005362146534025669,,
1782101505.9991202,train,34,8100,0.0001268416052121283,0.25403955578804016,0.1474575400352478,0.2964731454849243,0.06456028670072556,0.001835743198171258,0.006304187700152397,,
1782101515.432128,train,34,8150,0.00012683195363630243,0.22420644760131836,0.14662286639213562,0.18527159094810486,0.06230272352695465,0.0011432715691626072,0.006905780639499426,,
1782101524.9017062,train,34,8200,0.00012682230179113056,0.23563192784786224,0.15241289138793945,0.19573116302490234,0.06833306699991226,0.0011971669737249613,0.0055440329015254974,,
1782101534.278802,train,34,8250,0.0001268126496767094,0.2858990728855133,0.18506254255771637,0.28506407141685486,0.05889967828989029,0.0012068046489730477,0.007368258200585842,,
1782101543.7060215,train,34,8300,0.0001268029972931358,0.37156587839126587,0.2744141221046448,0.2535909414291382,0.06728476285934448,0.0011165421456098557,0.005886848550289869,,
1782101553.1469786,train,34,8350,0.00012679334464050677,0.2655665874481201,0.17363256216049194,0.24081988632678986,0.06325821578502655,0.0009996033040806651,0.005597951356321573,,
1782101562.5682182,train,34,8400,0.00012678369171891923,0.2836267650127411,0.19166556000709534,0.2302943617105484,0.06858428567647934,0.000954741146415472,0.006206511054188013,,
1782101571.9724586,train,34,8450,0.00012677403852847014,0.36792537569999695,0.24905648827552795,0.33708757162094116,0.06896025687456131,0.0011689601233229041,0.007676898967474699,,
1782101581.4095247,train,34,8500,0.0001267643850692562,0.1662880927324295,0.07591798156499863,0.231016606092453,0.06494922190904617,0.0014135556994006038,0.006660889834165573,,
1782101590.8285747,train,34,8550,0.0001267547313413744,0.21331070363521576,0.11701694875955582,0.26122841238975525,0.06175442039966583,0.0010945367394015193,0.004607762675732374,,
1782101600.234403,train,34,8600,0.00012674507734492167,0.23708060383796692,0.15317438542842865,0.19776874780654907,0.06857023388147354,0.0017892330652102828,0.009032228030264378,,
1782101609.6001675,train,34,8650,0.0001267354230799949,0.30544883012771606,0.20128537714481354,0.2891789972782135,0.0635218694806099,0.001077580964192748,0.005838178563863039,,
1782101618.9780264,train,34,8700,0.00012672576854669105,0.28827014565467834,0.18952149152755737,0.24890676140785217,0.07279570400714874,0.0012412165524438024,0.0066697485744953156,,
1782101628.3555214,train,34,8750,0.00012671611374510695,0.17718298733234406,0.10016992688179016,0.17022183537483215,0.06869246065616608,0.0011139034759253263,0.00568775087594986,,
1782101637.7343035,train,34,8800,0.00012670645867533952,0.3245562016963959,0.20858603715896606,0.33116382360458374,0.06606487184762955,0.001467534457333386,0.00781812984496355,,
1782101647.0827177,train,34,8850,0.00012669680333748573,0.1866794377565384,0.09832540899515152,0.21341466903686523,0.06976994127035141,0.00115394766908139,0.006624567322432995,,
1782101656.4741955,train,34,8900,0.00012668714773164254,0.15326601266860962,0.07926077395677567,0.14613009989261627,0.07471392303705215,0.0011575757525861263,0.00624970393255353,,
1782101665.8987448,train,34,8950,0.00012667749185790687,0.2234831601381302,0.12362930923700333,0.2460159957408905,0.07642704993486404,0.0013632603222504258,0.006285615265369415,,
1782101675.2426376,train,34,9000,0.00012666783571637554,0.22280533611774445,0.12761707603931427,0.254158079624176,0.06307685375213623,0.0011030792957171798,0.006042280700057745,,
1782101684.678422,train,34,9050,0.0001266581793071456,0.24517275393009186,0.1535489708185196,0.23679976165294647,0.06461970508098602,0.001139768515713513,0.005556747317314148,,
1782101694.032028,train,34,9100,0.00012664852263031385,0.31750038266181946,0.20451606810092926,0.30868467688560486,0.0712844654917717,0.0017090910114347935,0.005638402421027422,,
1782101703.4074078,train,34,9150,0.00012663886568597735,0.2102087438106537,0.12693998217582703,0.1990022212266922,0.06687828153371811,0.0007906553219072521,0.006129137706011534,,
1782101712.8575811,train,34,9200,0.00012662920847423284,0.36472681164741516,0.25410327315330505,0.3219220042228699,0.06006797403097153,0.0010908929398283362,0.005663282237946987,,
1782101722.2686048,train,34,9250,0.0001266195509951776,0.28508850932121277,0.17709402740001678,0.3035919666290283,0.06396358460187912,0.0011466461000964046,0.007260620128363371,,
1782101731.7479978,train,34,9300,0.00012660989324890824,0.27819177508354187,0.19138699769973755,0.22943177819252014,0.05868735909461975,0.0010315141407772899,0.005079014226794243,,
1782101741.0743089,train,34,9350,0.00012660023523552194,0.28557097911834717,0.20260553061962128,0.2145407348871231,0.05848795548081398,0.0008628427749499679,0.006547586061060429,,
1782101750.4537785,train,34,9400,0.00012659057695511557,0.2826486825942993,0.17688415944576263,0.297619104385376,0.06251750886440277,0.001009791623800993,0.004206001292914152,,
1782101759.8260796,train,34,9450,0.0001265809184077861,0.2994767725467682,0.17863962054252625,0.34209874272346497,0.07036546617746353,0.0012972702970728278,0.005082580726593733,,
1782101769.1947138,train,34,9500,0.00012657125959363046,0.21648600697517395,0.12462257593870163,0.23176822066307068,0.06735357642173767,0.002445896854624152,0.007450265344232321,,
1782101778.6190069,train,34,9550,0.0001265616005127457,0.24209341406822205,0.14385774731636047,0.2705937922000885,0.06091972440481186,0.0012736381031572819,0.008159930817782879,,
1782101787.982011,train,34,9600,0.00012655194116522863,0.33663055300712585,0.2176210731267929,0.3459567725658417,0.06469181180000305,0.0017438241047784686,0.00637433584779501,,
1782101797.3416102,train,34,9650,0.00012654228155117628,0.32352083921432495,0.22235329449176788,0.28127750754356384,0.06144768372178078,0.0012434844393283129,0.005166770424693823,,
1782101806.697775,train,34,9700,0.00012653262167068566,0.19169990718364716,0.10466266423463821,0.2184954583644867,0.06446999311447144,0.0017838404746726155,0.006942216772586107,,
1782101816.0905635,train,34,9750,0.00012652296152385368,0.20682668685913086,0.12983061373233795,0.17384499311447144,0.0668780505657196,0.0009580073528923094,0.006454001180827618,,
1782101825.443756,train,34,9800,0.00012651330111077732,0.2264389991760254,0.1332847625017166,0.2344551831483841,0.0687963142991066,0.0014229844091460109,0.004881511442363262,,
1782101834.8306074,train,34,9850,0.00012650364043155347,0.20088569819927216,0.10965817421674728,0.21648146212100983,0.07382841408252716,0.0019294770900160074,0.007945341989398003,,
1782101844.2001982,train,34,9900,0.00012649397948627918,0.21787992119789124,0.11617814004421234,0.2627190351486206,0.07155901938676834,0.002425100188702345,0.0054483492858707905,,
1782101853.5890293,train,34,9950,0.00012648431827505147,0.24781951308250427,0.15862977504730225,0.22312350571155548,0.06653256714344025,0.0014256935101002455,0.006193549372255802,,
1782101862.9664874,train,34,10000,0.00012647465679796731,0.2978096902370453,0.2072024941444397,0.23844365775585175,0.06175761669874191,0.0011747510870918632,0.005869124550372362,,
1782101872.2634976,train,34,10050,0.0001264649950551237,0.3034639060497284,0.1977013349533081,0.26332366466522217,0.07944760471582413,0.0020785003434866667,0.009377351962029934,,
1782101881.5937154,train,34,10100,0.00012645533304661745,0.29964950680732727,0.19574880599975586,0.2877489924430847,0.0637483224272728,0.000892988289706409,0.005425403360277414,,
1782101890.92768,train,34,10150,0.00012644567077254576,0.2516293525695801,0.15108346939086914,0.2757784426212311,0.0629655122756958,0.0011852523311972618,0.007372625637799501,,
1782101900.3757238,train,34,10200,0.00012643600823300554,0.3437419533729553,0.22545477747917175,0.33810505270957947,0.06726399064064026,0.0012891547521576285,0.007865017279982567,,
1782101909.7198787,train,34,10250,0.00012642634542809383,0.20744945108890533,0.11107903718948364,0.25070950388908386,0.06710191071033478,0.0014208270004019141,0.0075846267864108086,,
1782101919.077599,train,34,10300,0.00012641668235790753,0.266044944524765,0.17411132156848907,0.23411817848682404,0.06650387495756149,0.0015214880695566535,0.007039754185825586,,
1782101928.4664905,train,34,10350,0.0001264070190225437,0.2378426194190979,0.16811761260032654,0.1512189358472824,0.06367259472608566,0.0008396338089369237,0.005553980357944965,,
1782101937.8790967,train,34,10400,0.00012639735542209948,0.35442590713500977,0.20992687344551086,0.43340086936950684,0.0719357430934906,0.0018095588311553001,0.004937601275742054,,
1782101947.2112322,train,34,10450,0.00012638769155667168,0.2666863203048706,0.1560259610414505,0.2846820056438446,0.07862957566976547,0.0017508806195110083,0.006712121423333883,,
1782101956.522371,train,34,10500,0.00012637802742635742,0.21234817802906036,0.11073466390371323,0.27533018589019775,0.06522659212350845,0.0016766933258622885,0.005972230341285467,,
1782101965.9557557,train,34,10550,0.00012636836303125376,0.30238616466522217,0.1968979835510254,0.29542243480682373,0.06286516785621643,0.0019997688941657543,0.0074318936094641685,,
1782101975.3433313,train,34,10600,0.0001263586983714575,0.1775505542755127,0.10047180950641632,0.1803899109363556,0.063757985830307,0.0010226673912256956,0.00445688096806407,,
1782101984.6677015,train,34,10650,0.00012634903344706577,0.23815132677555084,0.1396821290254593,0.2631587088108063,0.06510140001773834,0.0012882641749456525,0.006812731269747019,,
1782101994.0412428,train,34,10700,0.00012633936825817555,0.2703392803668976,0.17097856104373932,0.26974648237228394,0.0635751411318779,0.0013653605710715055,0.007299563381820917,,
1782102003.4586189,train,34,10750,0.0001263297028048841,0.20882463455200195,0.12126275897026062,0.20911957323551178,0.07035913318395615,0.0010241788113489747,0.0059061250649392605,,
1782102012.8944263,train,34,10800,0.0001263200370872881,0.28133219480514526,0.1774132400751114,0.2835690379142761,0.06584028154611588,0.0010654195211827755,0.004491164814680815,,
1782102022.3491244,train,34,10850,0.0001263103711054847,0.3664136230945587,0.27269673347473145,0.2524833381175995,0.060974590480327606,0.0010873720748350024,0.007806567475199699,,
1782102031.7425647,train,34,10900,0.0001263007048595711,0.24674144387245178,0.1537751853466034,0.23876893520355225,0.06630661338567734,0.0012071921955794096,0.007589115761220455,,
1782102041.149847,train,34,10950,0.0001262910383496441,0.18512177467346191,0.09978082776069641,0.2129683941602707,0.06392229348421097,0.0013770500663667917,0.005882411263883114,,
1782102050.56489,train,34,11000,0.00012628137157580076,0.28848060965538025,0.18869459629058838,0.26833587884902954,0.06507012993097305,0.0016698449617251754,0.007471259217709303,,
1782102060.009394,train,34,11050,0.0001262717045381381,0.2599368989467621,0.16416217386722565,0.24466553330421448,0.0689525231719017,0.001320859999395907,0.006725929211825132,,
1782102069.3995333,train,34,11100,0.00012626203723675335,0.2005603015422821,0.09753765910863876,0.25570160150527954,0.07789520174264908,0.001496584853157401,0.006937387865036726,,
1782102078.731853,train,34,11150,0.00012625236967174342,0.3107587397098541,0.1975199431180954,0.3304636776447296,0.06101222336292267,0.001167614245787263,0.006476046983152628,,
1782102088.233011,train,34,11200,0.0001262427018432054,0.24219965934753418,0.15487423539161682,0.21237333118915558,0.0681501105427742,0.0015704191755503416,0.006020132917910814,,
1782102097.5461466,train,34,11250,0.00012623303375123646,0.4061821401119232,0.27859002351760864,0.3795487582683563,0.06516630202531815,0.0012177955359220505,0.006929760333150625,,
1782102106.886904,train,34,11300,0.00012622336539593341,0.2945958971977234,0.195160374045372,0.2670224606990814,0.06510835140943527,0.0012573461281135678,0.006660499610006809,,
1782102116.3053951,train,34,11350,0.00012621369677739348,0.1555107831954956,0.0829145684838295,0.15849840641021729,0.0657392144203186,0.0010201698169112206,0.00745933223515749,,
1782102125.7303052,train,34,11400,0.0001262040278957136,0.21804405748844147,0.13017638027668,0.21904818713665009,0.06598494946956635,0.0011315071024000645,0.005406543146818876,,
1782102135.120095,train,34,11450,0.00012619435875099087,0.2524387538433075,0.1550804078578949,0.25922176241874695,0.06479284167289734,0.001564890961162746,0.007171822711825371,,
1782102144.4706798,train,34,11500,0.0001261846893433224,0.23462828993797302,0.1509823501110077,0.21254251897335052,0.06073954701423645,0.0014053075574338436,0.00669836113229394,,
1782102153.8972356,train,34,11550,0.00012617501967280512,0.19475547969341278,0.09905905276536942,0.24305878579616547,0.06960178166627884,0.0013084765523672104,0.006854359060525894,,
1782102163.4283428,train,34,11600,0.00012616534973953637,0.3114260137081146,0.2067643404006958,0.27754560112953186,0.07032781094312668,0.0011135987006127834,0.007304769475013018,,
1782102172.796322,train,34,11650,0.00012615567954361287,0.15538303554058075,0.06648311764001846,0.22674843668937683,0.06410698592662811,0.001593107357621193,0.00618402287364006,,
1782102182.227198,train,34,11700,0.00012614600908513195,0.39716535806655884,0.27260711789131165,0.3675033152103424,0.064976766705513,0.001940424437634647,0.006016794126480818,,
1782102191.5588732,train,34,11750,0.00012613633836419056,0.3628086745738983,0.2520524561405182,0.29846665263175964,0.07198664546012878,0.0014624857576563954,0.006435114424675703,,
1782102200.981982,train,34,11800,0.0001261266673808859,0.3227101266384125,0.19297926127910614,0.3682006597518921,0.07498868554830551,0.0018637620378285646,0.007530625909566879,,
1782102210.3850636,train,34,11850,0.00012611699613531495,0.394989550113678,0.2895911931991577,0.31010282039642334,0.05555455759167671,0.0009537116275168955,0.005415479652583599,,
1782102219.7421536,train,34,11900,0.00012610732462757474,0.3765469789505005,0.2792087197303772,0.2569728493690491,0.06596596539020538,0.0011207959614694118,0.010078014805912971,,
1782102229.134609,train,34,11950,0.00012609765285776246,0.23749493062496185,0.1504465788602829,0.21693702042102814,0.0653470829129219,0.0014056626241654158,0.005277740303426981,,
1782102238.5984085,train,34,12000,0.00012608798082597506,0.1761510819196701,0.0943206250667572,0.19221077859401703,0.06725548207759857,0.0015000366838648915,0.010035287588834763,,
1782102247.980884,train,34,12050,0.00012607830853230976,0.3293728232383728,0.22213365137577057,0.3051508665084839,0.06165417283773422,0.0012436534743756056,0.004971223417669535,,
1782102257.307027,train,34,12100,0.00012606863597686363,0.2839567959308624,0.17814286053180695,0.29298484325408936,0.0649181455373764,0.0010863336501643062,0.007615983951836824,,
1782102266.6525366,train,34,12150,0.0001260589631597339,0.18506765365600586,0.10007867962121964,0.21304412186145782,0.0631994903087616,0.0012819151161238551,0.007290791720151901,,
1782102275.964894,train,34,12200,0.00012604929008101743,0.20588678121566772,0.1147550567984581,0.23501436412334442,0.06445763260126114,0.0014932178892195225,0.00701458053663373,,
1782102285.3509045,train,34,12250,0.00012603961674081143,0.22000962495803833,0.14459526538848877,0.1687776893377304,0.06621666997671127,0.0011158857960253954,0.007327835075557232,,
1782102294.655812,train,34,12300,0.00012602994313921302,0.33558234572410583,0.2259947657585144,0.3076915442943573,0.06507951021194458,0.0012492905370891094,0.006057663355022669,,
1782102304.073386,train,34,12350,0.00012602026927631928,0.19972658157348633,0.11254803091287613,0.22239407896995544,0.06286120414733887,0.0014943181304261088,0.008125944063067436,,
1782102313.5688384,train,34,12400,0.00012601059515222722,0.23109330236911774,0.13866637647151947,0.23083288967609406,0.06923525780439377,0.0010107671841979027,0.007652064319700003,,
1782102322.8998222,train,34,12450,0.00012600092076703404,0.2518264353275299,0.15492433309555054,0.24996080994606018,0.06861487030982971,0.0010446771048009396,0.006889642216265202,,
1782102332.428616,train,34,12500,0.00012599124612083684,0.18171042203903198,0.10013759881258011,0.19210286438465118,0.06677667796611786,0.0015876312972977757,0.007758558727800846,,
1782102341.8074052,train,34,12550,0.0001259815712137328,0.19422835111618042,0.10912453383207321,0.21277911961078644,0.063574880361557,0.001215923111885786,0.007748348638415337,,
1782102351.2278578,train,34,12600,0.00012597189604581887,0.2552221715450287,0.14921525120735168,0.2912117838859558,0.06617589294910431,0.0011603154707700014,0.005034280475229025,,
1782102360.714771,train,34,12650,0.0001259622206171924,0.28051888942718506,0.1703922003507614,0.30907192826271057,0.06550318747758865,0.0010711902286857367,0.007912201806902885,,
1782102370.0788734,train,34,12700,0.00012595254492795045,0.2931824326515198,0.17430651187896729,0.34458670020103455,0.06509822607040405,0.0018013654043897986,0.007597326301038265,,
1782102379.5932136,train,34,12750,0.00012594286897818995,0.21768368780612946,0.13093872368335724,0.21900786459445953,0.06381524354219437,0.0008539072587154806,0.006243258249014616,,
1782102389.0018983,train,34,12800,0.00012593319276800848,0.23258540034294128,0.13915464282035828,0.25024324655532837,0.06140463799238205,0.0016763036837801337,0.010065285488963127,,
1782102398.3672433,train,34,12850,0.00012592351629750278,0.24317428469657898,0.1658698320388794,0.18682348728179932,0.06096890941262245,0.0011413010070100427,0.009214715100824833,,
1782102407.7848945,train,34,12900,0.0001259138395667701,0.2985518276691437,0.20407181978225708,0.23410622775554657,0.07164391130208969,0.0013152430765330791,0.00669101532548666,,
1782102417.1434336,train,34,12950,0.0001259041625759075,0.27947166562080383,0.18720366060733795,0.24198004603385925,0.06327155977487564,0.0013721719151362777,0.0060217962600290775,,
1782102426.4841058,train,34,13000,0.00012589448532501226,0.13959933817386627,0.07034120708703995,0.13974446058273315,0.06843250244855881,0.0010577535722404718,0.005545467603951693,,
1782102435.8406308,train,34,13050,0.00012588480781418134,0.24899041652679443,0.15474256873130798,0.23997032642364502,0.0682290717959404,0.0014072272460907698,0.006317727733403444,,
1782102562.2717395,val,34,,,0.29452291280233245,0.1825674981925494,0.3075695802349866,0.0698466696118127,0.0013968457146935182,0.007013814263998084,,
1782102572.8276021,train,35,50,0.00012587222666165734,0.19740179181098938,0.10642923414707184,0.2276533991098404,0.0678587257862091,0.0012985153589397669,0.006967767141759396,,
1782102582.329746,train,35,100,0.00012586254855334334,0.23830698430538177,0.13467247784137726,0.271138995885849,0.07142559438943863,0.0013697829563170671,0.009819455444812775,,
1782102591.8171778,train,35,150,0.0001258528701854143,0.20373283326625824,0.09903469681739807,0.2960537075996399,0.061048876494169235,0.001602770178578794,0.004804398864507675,,
1782102601.226687,train,35,200,0.00012584319155796743,0.30530670285224915,0.21780045330524445,0.22373545169830322,0.06289221346378326,0.0012628607219085097,0.007391259539872408,,
1782102610.6485903,train,35,250,0.00012583351267109985,0.2847464680671692,0.1804089993238449,0.30048367381095886,0.058097053319215775,0.0016803306061774492,0.0056662410497665405,,
1782102620.144546,train,35,300,0.00012582383352490888,0.1797107607126236,0.1058984249830246,0.16813057661056519,0.06334597617387772,0.0010670911287888885,0.007996948435902596,,
1782102629.578511,train,35,350,0.00012581415411949145,0.29886478185653687,0.19869071245193481,0.27558234333992004,0.06234975531697273,0.001036168308928609,0.006553201470524073,,
1782102639.018285,train,35,400,0.00012580447445494482,0.42083683609962463,0.3050209879875183,0.341671884059906,0.060576826333999634,0.0010947774862870574,0.006689939647912979,,
1782102648.4342253,train,35,450,0.00012579479453136638,0.24223589897155762,0.14640682935714722,0.2559104263782501,0.06346952170133591,0.0011670396197587252,0.005503559485077858,,
1782102657.8340733,train,35,500,0.00012578511434885303,0.15803755819797516,0.08532687276601791,0.1621605008840561,0.06417790055274963,0.0008160689612850547,0.0068467287346720695,,
1782102667.2238631,train,35,550,0.00012577543390750198,0.20177675783634186,0.10072524100542068,0.25185462832450867,0.07591091841459274,0.0013240075204521418,0.0068136947229504585,,
1782102676.6238418,train,35,600,0.00012576575320741046,0.5234969854354858,0.4021203815937042,0.36026036739349365,0.06228642538189888,0.001683416310697794,0.006063495296984911,,
1782102686.0389779,train,35,650,0.0001257560722486755,0.4945076107978821,0.3466145992279053,0.45908844470977783,0.06597543507814407,0.0013320110738277435,0.004631222225725651,,
1782102695.4381838,train,35,700,0.00012574639103139437,0.30409809947013855,0.195102259516716,0.2896089553833008,0.07292056828737259,0.001332910847850144,0.0071630580350756645,,
1782102704.9326544,train,35,750,0.00012573670955566435,0.25544098019599915,0.16716715693473816,0.2111315131187439,0.07070394605398178,0.0013898276956751943,0.005585169419646263,,
1782102714.412452,train,35,800,0.0001257270278215825,0.2184135913848877,0.13190308213233948,0.21488304436206818,0.0653960108757019,0.0009175225277431309,0.005249894689768553,,
1782102723.8821065,train,35,850,0.00012571734582924614,0.23335279524326324,0.15166741609573364,0.20035304129123688,0.06292608380317688,0.0013408624799922109,0.009784091264009476,,
1782102733.2868495,train,35,900,0.00012570766357875235,0.3535327911376953,0.25240519642829895,0.2779442369937897,0.06303878128528595,0.0012214815942570567,0.008358506485819817,,
1782102742.6070886,train,35,950,0.0001256979810701984,0.19573000073432922,0.1130809485912323,0.20390640199184418,0.06300858408212662,0.0016815587878227234,0.007594182621687651,,
1782102751.9361415,train,35,1000,0.00012568829830368134,0.28211456537246704,0.1796494573354721,0.26851925253868103,0.07040346413850784,0.0013357835123315454,0.007988382130861282,,
1782102761.4494653,train,35,1050,0.00012567861527929848,0.31950947642326355,0.21724112331867218,0.28446218371391296,0.06194506585597992,0.0018028828781098127,0.0064818765968084335,,
1782102770.8358293,train,35,1100,0.00012566893199714702,0.2804770767688751,0.17654229700565338,0.26750701665878296,0.07388047873973846,0.0011779159540310502,0.006452637724578381,,
1782102780.3504157,train,35,1150,0.00012565924845732416,0.3915364742279053,0.28642982244491577,0.2886306643486023,0.06567537039518356,0.0011128694750368595,0.005885289050638676,,
1782102789.7549386,train,35,1200,0.0001256495646599272,0.2764827013015747,0.18180042505264282,0.26085472106933594,0.05870206654071808,0.0011755567975342274,0.005620588082820177,,
1782102799.223141,train,35,1250,0.00012563988060505313,0.18431855738162994,0.11207202076911926,0.16110749542713165,0.06375175714492798,0.0009378978866152465,0.006603028625249863,,
1782102808.6810663,train,35,1300,0.00012563019629279924,0.3171145021915436,0.21930789947509766,0.25851231813430786,0.06606977432966232,0.001436513033695519,0.007391995284706354,,
1782102818.1019976,train,35,1350,0.00012562051172326292,0.19648535549640656,0.11346690356731415,0.19436822831630707,0.06865819543600082,0.0009729710291139781,0.007279130630195141,,
1782102827.54548,train,35,1400,0.0001256108268965412,0.1945863515138626,0.10494150221347809,0.23466889560222626,0.06172158569097519,0.0011682492913678288,0.00495685962960124,,
1782102836.9154663,train,35,1450,0.00012560114181273127,0.2930113971233368,0.19472213089466095,0.258333295583725,0.06708615273237228,0.0016287360340356827,0.008869366720318794,,
1782102846.3230991,train,35,1500,0.00012559145647193044,0.28298333287239075,0.1843988299369812,0.2692035436630249,0.06229899451136589,0.0013409691164270043,0.007615851704031229,,
1782102855.75057,train,35,1550,0.00012558177087423585,0.29163670539855957,0.18729281425476074,0.2884185314178467,0.06425486505031586,0.001118216896429658,0.007781066931784153,,
1782102865.118795,train,35,1600,0.000125572085019745,0.23247408866882324,0.15300768613815308,0.1845426857471466,0.06643349677324295,0.0011398724745959044,0.007829120382666588,,
1782102874.690586,train,35,1650,0.00012556239890855478,0.2424270361661911,0.148598313331604,0.25513356924057007,0.05992238223552704,0.0008415075717493892,0.006146217696368694,,
1782102884.1598325,train,35,1700,0.00012555271254076263,0.36450499296188354,0.25610265135765076,0.3023924231529236,0.06535422801971436,0.0012714468175545335,0.005437846295535564,,
1782102893.5415163,train,35,1750,0.00012554302591646563,0.30410081148147583,0.18135833740234375,0.34501609206199646,0.07268571108579636,0.0014558947877958417,0.005766940303146839,,
1782102902.9023392,train,35,1800,0.00012553333903576097,0.23506079614162445,0.15490220487117767,0.19839516282081604,0.06094031408429146,0.000896264158654958,0.0068485792726278305,,
1782102912.3139532,train,35,1850,0.0001255236518987462,0.31431540846824646,0.2176925539970398,0.2563695013523102,0.0647573471069336,0.0015182008501142263,0.006708161905407906,,
1782102921.6146762,train,35,1900,0.00012551396450551832,0.261846125125885,0.17743530869483948,0.20180724561214447,0.06770063191652298,0.0010868569370359182,0.009019389748573303,,
1782102931.117213,train,35,1950,0.00012550427685617478,0.15800005197525024,0.08324266225099564,0.17630888521671295,0.06111876294016838,0.0012079003499820828,0.006443525664508343,,
1782102940.4906507,train,35,2000,0.00012549458895081255,0.362578809261322,0.25447407364845276,0.31012392044067383,0.06085692346096039,0.0014529912732541561,0.007002557627856731,,
1782102949.9453027,train,35,2050,0.0001254849007895291,0.19706358015537262,0.10958845913410187,0.22178420424461365,0.06369324773550034,0.001824522390961647,0.0065596275962889194,,
1782102959.4448993,train,35,2100,0.00012547521237242162,0.3172241151332855,0.2074926197528839,0.29649341106414795,0.07092312723398209,0.001465752488002181,0.00732613168656826,,
1782102968.8663926,train,35,2150,0.00012546552369958717,0.24385370314121246,0.15405522286891937,0.24038532376289368,0.05921389162540436,0.0009519719169475138,0.006204372271895409,,
1782102978.174385,train,35,2200,0.0001254558347711233,0.29044538736343384,0.20308777689933777,0.22970543801784515,0.05964399129152298,0.001092438935302198,0.007499453611671925,,
1782102987.571721,train,35,2250,0.00012544614558712716,0.36984726786613464,0.24920527637004852,0.3354817032814026,0.0733192190527916,0.001119806431233883,0.006538870744407177,,
1782102996.9493563,train,35,2300,0.00012543645614769604,0.19876067340373993,0.10733896493911743,0.22654461860656738,0.06935746967792511,0.0010682393331080675,0.004570814780890942,,
1782103006.358439,train,35,2350,0.00012542676645292718,0.21037410199642181,0.12669502198696136,0.2165360301733017,0.05884072557091713,0.0012470762012526393,0.00863919872790575,,
1782103015.7591214,train,35,2400,0.00012541707650291764,0.3432575762271881,0.236769899725914,0.3014637231826782,0.06203034892678261,0.001065870514139533,0.007265118882060051,,
1782103025.1094868,train,35,2450,0.00012540738629776498,0.20278163254261017,0.11120449751615524,0.22471679747104645,0.0704990029335022,0.0014843790559098125,0.0076525588519871235,,
1782103034.493948,train,35,2500,0.00012539769583756638,0.21506188809871674,0.11657555401325226,0.25122565031051636,0.07104196399450302,0.0015893912641331553,0.008334772661328316,,
1782103043.8439262,train,35,2550,0.00012538800512241916,0.16443920135498047,0.08981961011886597,0.1636964976787567,0.06719859689474106,0.0009615255403332412,0.0061661978252232075,,
1782103053.2752676,train,35,2600,0.00012537831415242046,0.20629316568374634,0.11771547794342041,0.23587048053741455,0.05895625054836273,0.0013193754712119699,0.008374479599297047,,
1782103062.670116,train,35,2650,0.00012536862292766756,0.30288583040237427,0.19377769529819489,0.304121196269989,0.06580398231744766,0.0017582883592694998,0.006284698378294706,,
1782103072.067342,train,35,2700,0.00012535893144825796,0.2721051573753357,0.17802457511425018,0.2545081079006195,0.06068174168467522,0.0011268159141764045,0.007213738281279802,,
1782103081.3965065,train,35,2750,0.00012534923971428875,0.19539323449134827,0.11530528217554092,0.1898515522480011,0.06501477211713791,0.0011767776450142264,0.005700311157852411,,
1782103090.78444,train,35,2800,0.00012533954772585726,0.24653902649879456,0.1580018848180771,0.22938644886016846,0.06215876340866089,0.0011114476947113872,0.007277277763932943,,
1782103100.206479,train,35,2850,0.00012532985548306078,0.3161049485206604,0.2086641639471054,0.29788151383399963,0.06572701781988144,0.0010690860217437148,0.008688592351973057,,
1782103109.597193,train,35,2900,0.0001253201629859968,0.17912636697292328,0.07854964584112167,0.24803292751312256,0.07673025876283646,0.0020335251465439796,0.007937736809253693,,
1782103119.0526333,train,35,2950,0.0001253104702347623,0.20085488259792328,0.10832369327545166,0.22851207852363586,0.07052143663167953,0.0014245548518374562,0.006543833762407303,,
1782103128.4628072,train,35,3000,0.00012530077722945485,0.20922912657260895,0.12278175354003906,0.2189636081457138,0.06320676952600479,0.0010308731580153108,0.00573293212801218,,
1782103137.843039,train,35,3050,0.00012529108397017164,0.32231405377388,0.2321193963289261,0.24306228756904602,0.05863519385457039,0.0011148174526169896,0.005437622778117657,,
1782103147.1898847,train,35,3100,0.00012528139045700991,0.20442305505275726,0.11783972382545471,0.20036596059799194,0.07277048379182816,0.0010661022970452905,0.004693017341196537,,
1782103156.5493684,train,35,3150,0.00012527169669006692,0.3268495500087738,0.23174719512462616,0.2506938576698303,0.06460510194301605,0.0012632852885872126,0.0053830393590033054,,
1782103165.9546843,train,35,3200,0.00012526200266944025,0.23991911113262177,0.1556764841079712,0.20316964387893677,0.06670902669429779,0.0009571242262609303,0.005720384884625673,,
1782103175.337905,train,35,3250,0.0001252523083952268,0.19262242317199707,0.10417644679546356,0.22079932689666748,0.06625401228666306,0.0011912945192307234,0.005761220119893551,,
1782103184.7198536,train,35,3300,0.0001252426138675241,0.275454044342041,0.16792236268520355,0.28714627027511597,0.07121670246124268,0.00136753439437598,0.0063338372856378555,,
1782103194.1154556,train,35,3350,0.00012523291908642954,0.19395561516284943,0.12525935471057892,0.14872992038726807,0.06270454823970795,0.001615126384422183,0.00826362706720829,,
1782103203.4906812,train,35,3400,0.00012522322405204053,0.2465020716190338,0.1410055011510849,0.28638336062431335,0.06757484376430511,0.0011330947745591402,0.006596398539841175,,
1782103212.9423892,train,35,3450,0.00012521352876445407,0.24896743893623352,0.13076165318489075,0.3405172824859619,0.0657363012433052,0.002083214931190014,0.008468511514365673,,
1782103222.4316387,train,35,3500,0.00012520383322376784,0.3124879002571106,0.19902023673057556,0.3179716467857361,0.06765828281641006,0.001456228899769485,0.009170138277113438,,
1782103231.7837489,train,35,3550,0.00012519413743007892,0.2810175120830536,0.18870840966701508,0.23751194775104523,0.06566433608531952,0.0009893907699733973,0.005085675977170467,,
1782103241.1692896,train,35,3600,0.00012518444138348464,0.3008168041706085,0.21620982885360718,0.21052604913711548,0.06375353038311005,0.0009869416244328022,0.006092583294957876,,
1782103250.5941734,train,35,3650,0.0001251747450840825,0.2982048988342285,0.18252494931221008,0.32516780495643616,0.06850786507129669,0.00134073116350919,0.008138889446854591,,
1782103260.0040715,train,35,3700,0.00012516504853196967,0.2390221208333969,0.1320107877254486,0.2880464792251587,0.06979941576719284,0.0009999900357797742,0.00565256318077445,,
1782103269.3280869,train,35,3750,0.00012515535172724358,0.25919684767723083,0.14974942803382874,0.28601276874542236,0.07564107328653336,0.0012367622694000602,0.006064527202397585,,
1782103278.7646956,train,35,3800,0.00012514565467000151,0.2381342202425003,0.13002274930477142,0.3015725910663605,0.06511863321065903,0.0015899165300652385,0.007573133334517479,,
1782103288.0994947,train,35,3850,0.00012513595736034084,0.3122970759868622,0.20527176558971405,0.29147881269454956,0.06802725046873093,0.0014197973068803549,0.006437236443161964,,
1782103297.434395,train,35,3900,0.000125126259798359,0.2586413025856018,0.17077390849590302,0.21522966027259827,0.06790948659181595,0.0010522077791392803,0.006751169450581074,,
1782103306.8070476,train,35,3950,0.0001251165619841531,0.22073668241500854,0.13084693253040314,0.22601179778575897,0.06653835624456406,0.0011762107023969293,0.0072504086419939995,,
1782103316.1434422,train,35,4000,0.00012510686391782065,0.2599911391735077,0.17425552010536194,0.21978308260440826,0.0613245964050293,0.001275555812753737,0.007712972350418568,,
1782103325.5423887,train,35,4050,0.000125097165599459,0.21703635156154633,0.12646669149398804,0.2028466761112213,0.07934809476137161,0.0018394875805824995,0.00906167458742857,,
1782103334.9166362,train,35,4100,0.00012508746702916566,0.2311057448387146,0.15444505214691162,0.17756013572216034,0.06429189443588257,0.001247071078978479,0.0056311325170099735,,
1782103344.3550484,train,35,4150,0.00012507776820703758,0.20557259023189545,0.126006081700325,0.18591146171092987,0.06595759093761444,0.0010983222164213657,0.005877132993191481,,
1782103353.7287347,train,35,4200,0.00012506806913317227,0.28642868995666504,0.18612435460090637,0.25239667296409607,0.07413723319768906,0.0013654765207320452,0.004830334335565567,,
1782103363.168975,train,35,4250,0.00012505836980766726,0.23388852179050446,0.14184071123600006,0.23185715079307556,0.06779976934194565,0.001836469047702849,0.008495432324707508,,
1782103372.5072377,train,35,4300,0.00012504867023061976,0.3794909417629242,0.26201432943344116,0.33124062418937683,0.06892375648021698,0.0020455389749258757,0.00722166895866394,,
1782103381.8799295,train,35,4350,0.00012503897040212726,0.23452597856521606,0.1442401260137558,0.23071898519992828,0.06496358662843704,0.0012432142393663526,0.006035324651747942,,
1782103391.3552556,train,35,4400,0.00012502927032228704,0.17423661053180695,0.08996033668518066,0.19219273328781128,0.07220019400119781,0.00127982662525028,0.010039801709353924,,
1782103400.8140328,train,35,4450,0.00012501956999119647,0.21307432651519775,0.1215890496969223,0.2349560260772705,0.06512272357940674,0.0018490528455004096,0.009444315917789936,,
1782103410.20425,train,35,4500,0.00012500986940895302,0.19521945714950562,0.10973120480775833,0.20392295718193054,0.06883556395769119,0.0008973663207143545,0.005532427690923214,,
1782103419.6662905,train,35,4550,0.00012500016857565398,0.32407721877098083,0.2042326033115387,0.33858874440193176,0.07005462050437927,0.0017014275072142482,0.008640462532639503,,
1782103429.1043522,train,35,4600,0.0001249904674913967,0.3168320059776306,0.22000034153461456,0.25430697202682495,0.06625925004482269,0.001253008609637618,0.008259138092398643,,
1782103438.5167706,train,35,4650,0.00012498076615627868,0.26563674211502075,0.1690135896205902,0.24687661230564117,0.06935831904411316,0.0022482711356133223,0.0068641966208815575,,
1782103447.865609,train,35,4700,0.0001249710645703971,0.2601427435874939,0.18643911182880402,0.17664408683776855,0.05881677195429802,0.0013424147618934512,0.005618205759674311,,
1782103457.2157135,train,35,4750,0.0001249613627338496,0.34672102332115173,0.2262534350156784,0.3335437774658203,0.07388073951005936,0.001412615762092173,0.006099306512624025,,
1782103466.6529639,train,35,4800,0.00012495166064673344,0.3309647738933563,0.2119574099779129,0.3352018892765045,0.07005543261766434,0.0017917017685249448,0.009658261202275753,,
1782103476.037253,train,35,4850,0.00012494195830914612,0.3758575916290283,0.2594016492366791,0.34614962339401245,0.05960962548851967,0.0011373604647815228,0.008245440199971199,,
1782103485.4171345,train,35,4900,0.00012493225572118486,0.15317882597446442,0.0764862522482872,0.17513206601142883,0.06553998589515686,0.0013955743052065372,0.011278312653303146,,
1782103494.798313,train,35,4950,0.00012492255288294726,0.22850120067596436,0.14237132668495178,0.21277214586734772,0.0656333938241005,0.0012015239335596561,0.006585449445992708,,
1782103504.1027942,train,35,5000,0.0001249128497945304,0.32506489753723145,0.18562032282352448,0.4306125342845917,0.06329376250505447,0.0014457489596679807,0.005861133337020874,,
1782103513.9308023,train,35,5050,0.00012490314645603192,0.16350781917572021,0.09006868302822113,0.15609633922576904,0.06861062347888947,0.0010973026510328054,0.0061697340570390224,,
1782103523.3906364,train,35,5100,0.00012489344286754916,0.3606070578098297,0.24848636984825134,0.3180597424507141,0.06497777998447418,0.0011684125056490302,0.005561347585171461,,
1782103532.8072655,train,35,5150,0.00012488373902917963,0.2276672124862671,0.13688413798809052,0.23154108226299286,0.06553789973258972,0.0012885186588391662,0.009243196807801723,,
1782103542.1776433,train,35,5200,0.00012487403494102048,0.2790311574935913,0.18756571412086487,0.2256184071302414,0.06982433795928955,0.0014865656848996878,0.0073300134390592575,,
1782103551.7258403,train,35,5250,0.00012486433060316946,0.20758387446403503,0.13039812445640564,0.18070387840270996,0.06383465975522995,0.0009244324755854905,0.0052100797183811665,,
1782103561.1246948,train,35,5300,0.00012485462601572386,0.3133016526699066,0.2157094031572342,0.25632113218307495,0.06676831096410751,0.001278189360164106,0.005411307327449322,,
1782103570.4179919,train,35,5350,0.00012484492117878105,0.24544548988342285,0.1521575003862381,0.25031283497810364,0.06114710122346878,0.0013622419210150838,0.008230400271713734,,
1782103579.8240433,train,35,5400,0.00012483521609243838,0.2092229276895523,0.1348794549703598,0.15925320982933044,0.06889421492815018,0.0008307193638756871,0.005905159283429384,,
1782103589.2087755,train,35,5450,0.0001248255107567934,0.2798437476158142,0.1999475359916687,0.18835903704166412,0.06544876843690872,0.0008208769140765071,0.004286097828298807,,
1782103598.6555116,train,35,5500,0.00012481580517194357,0.2329854965209961,0.13303032517433167,0.2691153585910797,0.06512398272752762,0.0011435846099629998,0.007630317937582731,,
1782103608.0506651,train,35,5550,0.00012480609933798628,0.24398107826709747,0.14365780353546143,0.26830801367759705,0.06625770777463913,0.0011740424670279026,0.008440743200480938,,
1782103617.379863,train,35,5600,0.00012479639325501884,0.2570786774158478,0.1426306515932083,0.30562183260917664,0.07562385499477386,0.0023063216358423233,0.011158861219882965,,
1782103626.746601,train,35,5650,0.00012478668692313873,0.17448115348815918,0.10239118337631226,0.16610853374004364,0.060906264930963516,0.001097078900784254,0.007108429446816444,,
1782103636.1341028,train,35,5700,0.0001247769803424434,0.2578795552253723,0.17405013740062714,0.2065700888633728,0.06420248001813889,0.0008566551841795444,0.006973702926188707,,
1782103645.5363197,train,35,5750,0.0001247672735130303,0.24865543842315674,0.1524270921945572,0.23558245599269867,0.07439430058002472,0.0013556989142671227,0.007637683767825365,,
1782103654.8721642,train,35,5800,0.00012475756643499702,0.18545718491077423,0.11370288580656052,0.15762609243392944,0.06448664516210556,0.0010445622028782964,0.007041890174150467,,
1782103664.3166082,train,35,5850,0.0001247478591084407,0.29060453176498413,0.1978778839111328,0.23348383605480194,0.0685100331902504,0.0010066000977531075,0.006781329400837421,,
1782103673.6832387,train,35,5900,0.000124738151533459,0.30185097455978394,0.18631230294704437,0.339676171541214,0.06098421290516853,0.0012753733899444342,0.00431391317397356,,
1782103683.0944264,train,35,5950,0.00012472844371014935,0.1710226833820343,0.09916321933269501,0.1635405272245407,0.06176414340734482,0.0009225604590028524,0.0059934514574706554,,
1782103692.4875894,train,35,6000,0.00012471873563860915,0.26314085721969604,0.16279734671115875,0.26966747641563416,0.06561696529388428,0.0011816230835393071,0.008947543799877167,,
1782103701.843565,train,35,6050,0.00012470902731893574,0.26090461015701294,0.1828862428665161,0.18024452030658722,0.06562203168869019,0.001462117419578135,0.006746524013578892,,
1782103711.2589226,train,35,6100,0.00012469931875122678,0.2540043890476227,0.15816424787044525,0.2603905498981476,0.06123081222176552,0.0012708028079941869,0.007095712702721357,,
1782103720.6071844,train,35,6150,0.00012468960993557954,0.2103458195924759,0.13669618964195251,0.15808889269828796,0.06804496049880981,0.0010491685243323445,0.007879797369241714,,
1782103730.0019374,train,35,6200,0.00012467990087209165,0.2131771296262741,0.13836081326007843,0.18330827355384827,0.057825859636068344,0.0007630702457390726,0.007220452185720205,,
1782103739.3445666,train,35,6250,0.00012467019156086058,0.19913610816001892,0.11847653239965439,0.17888328433036804,0.07161642611026764,0.001305297133512795,0.007520787417888641,,
1782103748.8821151,train,35,6300,0.00012466048200198364,0.2200847864151001,0.1295340657234192,0.2136935442686081,0.07395738363265991,0.001486453227698803,0.006575525272637606,,
1782103758.3070111,train,35,6350,0.0001246507721955584,0.26464012265205383,0.1568945348262787,0.29140082001686096,0.06955257058143616,0.001191093702800572,0.005980301182717085,,
1782103767.7138872,train,35,6400,0.00012464106214168228,0.2598024308681488,0.17753484845161438,0.20714634656906128,0.06077102944254875,0.0009547236259095371,0.008201864548027515,,
1782103777.2021058,train,35,6450,0.00012463135184045273,0.3473905324935913,0.23909026384353638,0.2981513738632202,0.06731323152780533,0.001057859743013978,0.006969963200390339,,
1782103786.6668158,train,35,6500,0.00012462164129196736,0.24593251943588257,0.15527619421482086,0.2215307056903839,0.07027614861726761,0.0013557813363149762,0.008482771925628185,,
1782103796.0918221,train,35,6550,0.00012461193049632352,0.2481849193572998,0.17044824361801147,0.18922752141952515,0.060670819133520126,0.0009438637644052505,0.008184755221009254,,
1782103805.5268354,train,35,6600,0.0001246022194536187,0.3670853078365326,0.26169273257255554,0.28739407658576965,0.06681040674448013,0.0013885378139093518,0.005640004295855761,,
1782103814.9163983,train,35,6650,0.00012459250816395046,0.271260529756546,0.19168780744075775,0.19338011741638184,0.0622221939265728,0.0011658756993710995,0.0059934575110673904,,
1782103824.3282766,train,35,6700,0.00012458279662741625,0.2622106373310089,0.16278184950351715,0.2788461744785309,0.059188298881053925,0.0012308929581195116,0.007089178543537855,,
1782103833.718396,train,35,6750,0.00012457308484411348,0.2918072044849396,0.19660215079784393,0.2504166066646576,0.06501234322786331,0.000947538239415735,0.007512845564633608,,
1782103843.088185,train,35,6800,0.0001245633728141397,0.2476189285516739,0.1459375023841858,0.2769533395767212,0.06462307274341583,0.0013156021013855934,0.0052126385271549225,,
1782103852.531656,train,35,6850,0.00012455366053759254,0.14593228697776794,0.05866475775837898,0.21310994029045105,0.06766341626644135,0.0015833568759262562,0.0064713004976511,,
1782103861.995956,train,35,6900,0.00012454394801456926,0.2443854808807373,0.15968529880046844,0.20799541473388672,0.06513287872076035,0.0013488067779690027,0.0073140403255820274,,
1782103871.4166238,train,35,6950,0.00012453423524516735,0.35140275955200195,0.23145490884780884,0.33358094096183777,0.07271640747785568,0.0019440574105829,0.008663452230393887,,
1782103880.8082442,train,35,7000,0.00012452452222948444,0.23701262474060059,0.15357640385627747,0.21210798621177673,0.06066872179508209,0.0007486977847293019,0.005153007805347443,,
1782103890.239038,train,35,7050,0.00012451480896761812,0.22339315712451935,0.13827651739120483,0.2127145677804947,0.0636770948767662,0.0009944529738277197,0.00628494331613183,,
1782103899.6714132,train,35,7100,0.00012450509545966569,0.23843488097190857,0.1334669142961502,0.27839311957359314,0.07050147652626038,0.0011895825155079365,0.00618387944996357,,
1782103909.097751,train,35,7150,0.00012449538170572477,0.22010353207588196,0.14446766674518585,0.1760215312242508,0.06305797398090363,0.0010151180904358625,0.0066396500915288925,,
1782103918.4692998,train,35,7200,0.00012448566770589288,0.18228095769882202,0.10137953609228134,0.21137426793575287,0.055874329060316086,0.0012069515651091933,0.006414626259356737,,
1782103927.8844109,train,35,7250,0.00012447595346026742,0.27191388607025146,0.17545688152313232,0.25802814960479736,0.06373560428619385,0.0008216748828999698,0.005310267675668001,,
1782103937.273012,train,35,7300,0.00012446623896894597,0.25298872590065,0.16747286915779114,0.21028108894824982,0.06563197076320648,0.0012961752945557237,0.006795266177505255,,
1782103946.7553303,train,35,7350,0.00012445652423202612,0.27069419622421265,0.16294920444488525,0.30328428745269775,0.06354209035634995,0.0015288544818758965,0.007741565350443125,,
1782103956.1234207,train,35,7400,0.0001244468092496052,0.3222876489162445,0.20955970883369446,0.31581687927246094,0.06734135001897812,0.0010304957395419478,0.004851803183555603,,
1782103965.4959016,train,35,7450,0.00012443709402178092,0.2847680151462555,0.18536797165870667,0.26911666989326477,0.0640658587217331,0.000879379571415484,0.004876496735960245,,
1782103974.866231,train,35,7500,0.00012442737854865068,0.1711626946926117,0.08078187704086304,0.2173856645822525,0.07179510593414307,0.0013685047160834074,0.006834322586655617,,
1782103984.2861536,train,35,7550,0.00012441766283031216,0.15173503756523132,0.07497898489236832,0.179656520485878,0.06336776912212372,0.001580457086674869,0.007731915917247534,,
1782103993.6884623,train,35,7600,0.00012440794686686277,0.17855383455753326,0.08596223592758179,0.22862137854099274,0.07060985267162323,0.0013132885796949267,0.007903596386313438,,
1782104003.1669526,train,35,7650,0.0001243982306584001,0.23613831400871277,0.13893385231494904,0.24245400726795197,0.07291059195995331,0.0013565811095759273,0.010348931886255741,,
1782104012.6154404,train,35,7700,0.00012438851420502165,0.3359661400318146,0.23447148501873016,0.27248096466064453,0.06647512316703796,0.001368156517855823,0.006400540471076965,,
1782104022.0724826,train,35,7750,0.00012437879750682503,0.4050256609916687,0.28243136405944824,0.36532774567604065,0.06225914880633354,0.0013280136045068502,0.006728304084390402,,
1782104031.550376,train,35,7800,0.00012436908056390753,0.22124500572681427,0.12751200795173645,0.23374028503894806,0.07021064311265945,0.0019261540146544576,0.010379797779023647,,
1782104040.9604266,train,35,7850,0.00012435936337636697,0.2070268839597702,0.11972638964653015,0.2283262312412262,0.06005417928099632,0.001918463152833283,0.006272607017308474,,
1782104050.413132,train,35,7900,0.0001243496459443008,0.22165730595588684,0.13694918155670166,0.21322081983089447,0.06258930265903473,0.0010827276855707169,0.007059306371957064,,
1782104059.8121583,train,35,7950,0.00012433992826780648,0.3189963102340698,0.23173116147518158,0.21957708895206451,0.0644974410533905,0.001221283688209951,0.007794626522809267,,
1782104069.2033315,train,35,8000,0.00012433021034698172,0.25034841895103455,0.1724669337272644,0.18971143662929535,0.060701724141836166,0.0010275582317262888,0.005702062975615263,,
1782104078.6475794,train,35,8050,0.00012432049218192396,0.34858375787734985,0.2509552836418152,0.2647097408771515,0.06263162940740585,0.0013524236856028438,0.006653669290244579,,
1782104088.0929945,train,35,8100,0.0001243107737727308,0.19470436871051788,0.10524596273899078,0.22054745256900787,0.06835358589887619,0.0014474405907094479,0.004947015084326267,,
1782104097.4782357,train,35,8150,0.00012430105511949973,0.3907231092453003,0.2797713875770569,0.30651745200157166,0.06837429106235504,0.0013521958608180285,0.0066012730821967125,,
1782104106.8762515,train,35,8200,0.00012429133622232833,0.15771488845348358,0.08775413036346436,0.14712108671665192,0.0661269798874855,0.001170003553852439,0.00946202501654625,,
1782104116.2821882,train,35,8250,0.0001242816170813142,0.30902233719825745,0.1770726442337036,0.37909558415412903,0.07400056719779968,0.0017550898483023047,0.006139927543699741,,
1782104125.6933007,train,35,8300,0.000124271897696555,0.26198461651802063,0.18113406002521515,0.1882016658782959,0.06738536804914474,0.0010747408960014582,0.007072473410516977,,
1782104135.11421,train,35,8350,0.00012426217806814813,0.19893768429756165,0.1086040660738945,0.23086082935333252,0.06493844091892242,0.0014918515225872397,0.0075977700762450695,,
1782104144.4749808,train,35,8400,0.0001242524581961912,0.3655303120613098,0.2538975179195404,0.3137455880641937,0.06619155406951904,0.0010061586508527398,0.006556221283972263,,
1782104153.8204906,train,35,8450,0.00012424273808078168,0.25319793820381165,0.15803852677345276,0.24241295456886292,0.06889113038778305,0.0011063414858654141,0.006712452974170446,,
1782104163.1860354,train,35,8500,0.00012423301772201742,0.20585179328918457,0.13244286179542542,0.1677405834197998,0.0627070888876915,0.001202425337396562,0.008028465323150158,,
1782104172.6041021,train,35,8550,0.00012422329711999578,0.19927214086055756,0.11620829999446869,0.1995815932750702,0.06612225621938705,0.001073136692866683,0.006752388551831245,,
1782104181.9897234,train,35,8600,0.00012421357627481443,0.25233203172683716,0.15148653090000153,0.27745482325553894,0.0627223551273346,0.0012065022019669414,0.008021092042326927,,
1782104191.4593868,train,35,8650,0.0001242038551865709,0.3165852427482605,0.2073974609375,0.30324143171310425,0.06656061112880707,0.0009710606536827981,0.005351902451366186,,
1782104200.9668193,train,35,8700,0.00012419413385536272,0.18038727343082428,0.0839482769370079,0.2658640444278717,0.05964642018079758,0.0014976982492953539,0.006406521424651146,,
1782104210.2417476,train,35,8750,0.0001241844122812876,0.28054818511009216,0.17253898084163666,0.29759126901626587,0.06691451370716095,0.0015414963709190488,0.00880815926939249,,
1782104219.6062217,train,35,8800,0.000124174690464443,0.2096269726753235,0.13835515081882477,0.16885481774806976,0.057846035808324814,0.001350984675809741,0.008160414174199104,,
1782104228.9380698,train,35,8850,0.00012416496840492657,0.18296679854393005,0.09197922796010971,0.23314130306243896,0.06519169360399246,0.001063998555764556,0.006906687282025814,,
1782104238.4234455,train,35,8900,0.00012415524610283598,0.21317820250988007,0.13140617311000824,0.19763557612895966,0.06452222913503647,0.0010202021803706884,0.0058805737644433975,,
1782104247.8463666,train,35,8950,0.0001241455235582688,0.22599542140960693,0.13837844133377075,0.21457506716251373,0.06774260848760605,0.0010190783068537712,0.006884686183184385,,
1782104257.2269573,train,35,9000,0.00012413580077132253,0.3249360918998718,0.22794964909553528,0.2472211718559265,0.07009490579366684,0.001337230671197176,0.006823115516453981,,
1782104266.596518,train,35,9050,0.00012412607774209473,0.2622007727622986,0.1663435846567154,0.2319422960281372,0.0754266083240509,0.0015831231139600277,0.008221265859901905,,
1782104275.9978073,train,35,9100,0.00012411635447068313,0.24425581097602844,0.1412719488143921,0.27844178676605225,0.06645224988460541,0.0014728078385815024,0.004529573023319244,,
1782104285.4060273,train,35,9150,0.0001241066309571853,0.19713908433914185,0.1014145016670227,0.2435380071401596,0.06941264122724533,0.0013376000570133328,0.005988623946905136,,
1782104294.7903912,train,35,9200,0.00012409690720169893,0.19947347044944763,0.10683830082416534,0.23214136064052582,0.06894683092832565,0.0012640011264011264,0.00664784898981452,,
1782104304.195004,train,35,9250,0.00012408718320432142,0.2967502176761627,0.1992553472518921,0.2632695734500885,0.06316640973091125,0.0009426902397535741,0.005296365823596716,,
1782104313.600725,train,35,9300,0.00012407745896515063,0.30117353796958923,0.1975785344839096,0.2867339849472046,0.06359165906906128,0.001156820566393435,0.006370288319885731,,
1782104322.9248412,train,35,9350,0.00012406773448428397,0.2881115674972534,0.19876129925251007,0.21750977635383606,0.06968406587839127,0.0013076933100819588,0.00584062235429883,,
1782104332.441527,train,35,9400,0.0001240580097618191,0.296650230884552,0.18207339942455292,0.32839471101760864,0.0646979883313179,0.0012915718834847212,0.005682966206222773,,
1782104341.7941275,train,35,9450,0.00012404828479785368,0.27876126766204834,0.1591169685125351,0.3355386257171631,0.07116382569074631,0.0017775580054149032,0.007252307143062353,,
1782104351.1482255,train,35,9500,0.00012403855959248548,0.21952027082443237,0.13912028074264526,0.19035929441452026,0.06540189683437347,0.0010922326473519206,0.0048762294463813305,,
1782104360.5543165,train,35,9550,0.00012402883414581182,0.2817617356777191,0.17718476057052612,0.3010006248950958,0.058460988104343414,0.0009631619905121624,0.0068384017795324326,,
1782104369.9598095,train,35,9600,0.0001240191084579305,0.2102305144071579,0.12588678300380707,0.21748773753643036,0.05972166359424591,0.0011096560629084706,0.00783840473741293,,
1782104379.3282294,train,35,9650,0.00012400938252893917,0.2062508761882782,0.12062068283557892,0.19696678221225739,0.07253116369247437,0.0012291839811950922,0.006544181145727634,,
1782104388.6228976,train,35,9700,0.00012399965635893543,0.28574010729789734,0.1779492199420929,0.2910189628601074,0.06970550119876862,0.0018340168753638864,0.005887435283511877,,
1782104398.015092,train,35,9750,0.000123989929948017,0.19520987570285797,0.119161456823349,0.18324019014835358,0.06025071069598198,0.0011302082566544414,0.005959953647106886,,
1782104407.4045873,train,35,9800,0.00012398020329628127,0.259711354970932,0.15964679419994354,0.2773585617542267,0.06117697432637215,0.0013643057318404317,0.010348177514970303,,
1782104416.8213346,train,35,9850,0.00012397047640382602,0.21127761900424957,0.13276518881320953,0.19976463913917542,0.05686808004975319,0.0013721921714022756,0.006774672772735357,,
1782104426.2455764,train,35,9900,0.00012396074927074904,0.27382686734199524,0.18233457207679749,0.23393557965755463,0.06574740260839462,0.0013471407582983375,0.006016761530190706,,
1782104435.664107,train,35,9950,0.00012395102189714782,0.20900504291057587,0.123497374355793,0.19377098977565765,0.0738149881362915,0.0015742596006020904,0.006375063676387072,,
1782104445.1188414,train,35,10000,0.00012394129428311984,0.3211952745914459,0.19842243194580078,0.3607448935508728,0.06489963084459305,0.0013679277617484331,0.006557217799127102,,
1782104454.4499319,train,35,10050,0.000123931566428763,0.20454318821430206,0.1300000250339508,0.17343217134475708,0.06218971684575081,0.0009024942992255092,0.005337127484381199,,
1782104463.8310506,train,35,10100,0.00012392183833417485,0.33305031061172485,0.22060850262641907,0.30963364243507385,0.06973320245742798,0.0016679351683706045,0.005187313538044691,,
1782104473.2670655,train,35,10150,0.00012391210999945307,0.21617616713047028,0.12567660212516785,0.23190730810165405,0.06482414901256561,0.0011067742016166449,0.006343350280076265,,
1782104482.6635869,train,35,10200,0.00012390238142469533,0.2996005117893219,0.18789131939411163,0.31344473361968994,0.06635940819978714,0.001682933303527534,0.007679360453039408,,
1782104492.028119,train,35,10250,0.00012389265260999934,0.26077476143836975,0.17871443927288055,0.20809945464134216,0.0598454624414444,0.0011274219723418355,0.004936320707201958,,
1782104501.4822478,train,35,10300,0.0001238829235554626,0.3465119004249573,0.24359574913978577,0.28553375601768494,0.06276240199804306,0.0015152482083067298,0.006405840162187815,,
1782104510.8402565,train,35,10350,0.000123873194261183,0.1977265626192093,0.10860022902488708,0.2198268473148346,0.0680946335196495,0.0012230880092829466,0.00545930303633213,,
1782104520.274979,train,35,10400,0.00012386346472725797,0.39786216616630554,0.27561891078948975,0.35801953077316284,0.06519428640604019,0.0014120449777692556,0.00840348657220602,,
1782104529.718513,train,35,10450,0.00012385373495378527,0.2520032525062561,0.15965338051319122,0.23608604073524475,0.06639565527439117,0.0013054414885118604,0.004729681182652712,,
1782104539.1462033,train,35,10500,0.00012384400494086265,0.26994988322257996,0.19495326280593872,0.1807049810886383,0.05947183072566986,0.0008447130094282329,0.006144948769360781,,
1782104548.6297374,train,35,10550,0.00012383427468858773,0.2719409465789795,0.1790531426668167,0.24205896258354187,0.06452902406454086,0.001085661118850112,0.00785092543810606,,
1782104558.0623658,train,35,10600,0.0001238245441970582,0.20456938445568085,0.1299595981836319,0.17665302753448486,0.06070983409881592,0.0009160725749097764,0.007538825739175081,,
1782104567.493988,train,35,10650,0.00012381481346637155,0.22439920902252197,0.1352679431438446,0.22194798290729523,0.0670434758067131,0.0012253789464011788,0.006537544075399637,,
1782104577.066032,train,35,10700,0.00012380508249662574,0.30276772379875183,0.21150803565979004,0.2353307604789734,0.06469573080539703,0.0007911690045148134,0.004596641752868891,,
1782104586.5484488,train,35,10750,0.0001237953512879183,0.3995727300643921,0.29077982902526855,0.3214627802371979,0.0566895566880703,0.0008243518532253802,0.004392932169139385,,
1782104596.0137455,train,35,10800,0.0001237856198403468,0.2611682713031769,0.16346517205238342,0.25690901279449463,0.06666945666074753,0.0014111640630289912,0.007192276418209076,,
1782104605.4339983,train,35,10850,0.00012377588815400917,0.2395220845937729,0.1640005260705948,0.17633715271949768,0.06269606947898865,0.0008922909037210047,0.0058386302553117275,,
1782104614.8432148,train,35,10900,0.000123766156229003,0.29223600029945374,0.1774587780237198,0.3220752775669098,0.0681484267115593,0.0018418189138174057,0.0062167830765247345,,
1782104624.3058312,train,35,10950,0.00012375642406542604,0.2463623434305191,0.14843298494815826,0.2561706006526947,0.0674811527132988,0.001461400999687612,0.006706165615469217,,
1782104633.778399,train,35,11000,0.00012374669166337584,0.2126236855983734,0.12612612545490265,0.220453143119812,0.06252210587263107,0.0012321253307163715,0.006896324921399355,,
1782104643.2305102,train,35,11050,0.00012373695902295021,0.30040693283081055,0.2000999003648758,0.2584477961063385,0.07112916558980942,0.0013051434652879834,0.006955006625503302,,
1782104652.638956,train,35,11100,0.0001237272261442469,0.2930471897125244,0.19224639236927032,0.27364808320999146,0.0644800215959549,0.0014878491638228297,0.005757053382694721,,
1782104662.0140657,train,35,11150,0.00012371749302736345,0.29736328125,0.17958150804042816,0.3247532248497009,0.07281143963336945,0.0018775105709210038,0.007796791847795248,,
1782104671.390774,train,35,11200,0.00012370775967239766,0.34208542108535767,0.21748578548431396,0.3532247543334961,0.07231626659631729,0.0013528992421925068,0.00603007385507226,,
1782104680.7208552,train,35,11250,0.00012369802607944708,0.1942397505044937,0.11783424764871597,0.19507290422916412,0.05510967597365379,0.0008243779302574694,0.0055001359432935715,,
1782104690.1264973,train,35,11300,0.0001236882922486097,0.24953871965408325,0.1612606942653656,0.22058916091918945,0.06600120663642883,0.0013012784766033292,0.005805165506899357,,
1782104699.3987932,train,35,11350,0.00012367855817998317,0.29384106397628784,0.20006036758422852,0.22958433628082275,0.07246550917625427,0.0015187946846708655,0.008197869174182415,,
1782104708.7867386,train,35,11400,0.00012366882387366496,0.2790397107601166,0.18371713161468506,0.24369806051254272,0.06857593357563019,0.0011007756693288684,0.005226931534707546,,
1782104718.1112924,train,35,11450,0.00012365908932975296,0.22090886533260345,0.1294478327035904,0.22951367497444153,0.06785837560892105,0.001534204464405775,0.007420730777084827,,
1782104727.4274535,train,35,11500,0.00012364935454834493,0.3446245491504669,0.22891587018966675,0.32252371311187744,0.06995847076177597,0.0009852057555690408,0.007937507703900337,,
1782104736.7399302,train,35,11550,0.0001236396195295385,0.19989119470119476,0.10694564133882523,0.2477615773677826,0.06168001890182495,0.0016515355091542006,0.006953564938157797,,
1782104746.0906007,train,35,11600,0.00012362988427343138,0.3064529001712799,0.2011226862668991,0.29674047231674194,0.06205490976572037,0.00117615913040936,0.006442579906433821,,
1782104755.4475155,train,35,11650,0.00012362014878012154,0.215529665350914,0.12820877134799957,0.21884897351264954,0.0648782029747963,0.0016954743769019842,0.005914989393204451,,
1782104764.835246,train,35,11700,0.0001236104130497065,0.2216668725013733,0.1303718537092209,0.23930318653583527,0.06270483136177063,0.001168138929642737,0.007087342906743288,,
1782104774.268813,train,35,11750,0.0001236006770822837,0.5070469975471497,0.37878283858299255,0.3712207078933716,0.07058250159025192,0.0016773309325799346,0.010042892768979073,,
1782104783.7369738,train,35,11800,0.00012359094087795145,0.22927981615066528,0.14128467440605164,0.22314584255218506,0.06410900503396988,0.001541835954412818,0.006724741775542498,,
1782104793.1570165,train,35,11850,0.00012358120443680713,0.33267495036125183,0.19899281859397888,0.3885408639907837,0.07275966554880142,0.0016706970054656267,0.00809511449187994,,
1782104802.5314844,train,35,11900,0.00012357146775894857,0.32114022970199585,0.20856794714927673,0.30677148699760437,0.07157310098409653,0.0009285063133575022,0.005525979213416576,,
1782104811.942239,train,35,11950,0.0001235617308444735,0.31141170859336853,0.1786709576845169,0.395712286233902,0.06733988225460052,0.0014273335691541433,0.00679704500362277,,
1782104821.350586,train,35,12000,0.00012355199369347964,0.29984205961227417,0.19448456168174744,0.2847750782966614,0.06807811558246613,0.0012466065818443894,0.005409644916653633,,
1782104830.7653506,train,35,12050,0.0001235422563060647,0.26302242279052734,0.1522509604692459,0.30523476004600525,0.06864798814058304,0.0013877502642571926,0.0044092717580497265,,
1782104840.167068,train,35,12100,0.00012353251868232645,0.2406519651412964,0.14183309674263,0.27473363280296326,0.060010164976119995,0.0013037059688940644,0.008089687675237656,,
1782104849.5868745,train,35,12150,0.0001235227808223627,0.316407710313797,0.21540185809135437,0.2768542468547821,0.06341348588466644,0.0008552525541745126,0.005315023008733988,,
1782104858.937754,train,35,12200,0.00012351304272627118,0.32544586062431335,0.220327228307724,0.2830992341041565,0.06836777180433273,0.0015992374392226338,0.004924432374536991,,
1782104868.2492652,train,35,12250,0.00012350330439414968,0.1846846044063568,0.08525805920362473,0.2599948048591614,0.06857544928789139,0.001401339890435338,0.0071549685671925545,,
1782104877.6807272,train,35,12300,0.00012349356582609574,0.21579882502555847,0.13514773547649384,0.19801390171051025,0.062062498182058334,0.001163602457381785,0.005847244057804346,,
1782104887.1693182,train,35,12350,0.00012348382702220733,0.2654072642326355,0.17415191233158112,0.22264213860034943,0.07091251760721207,0.0013855036813765764,0.00781630165874958,,
1782104896.5223167,train,35,12400,0.00012347408798258212,0.2114003300666809,0.11628123372793198,0.2505001425743103,0.06472914665937424,0.0012949147494509816,0.006290494464337826,,
1782104905.9345582,train,35,12450,0.00012346434870731795,0.20460562407970428,0.10577023029327393,0.24792036414146423,0.07343645393848419,0.0013706957688555121,0.007187621667981148,,
1782104915.3287928,train,35,12500,0.00012345460919651265,0.24331901967525482,0.14151531457901,0.27299192547798157,0.06685517728328705,0.0012813323410227895,0.006695580668747425,,
1782104924.7864976,train,35,12550,0.00012344486945026383,0.3673572242259979,0.24384374916553497,0.3520886301994324,0.0707089826464653,0.0013682529097422957,0.004981445614248514,,
1782104934.203257,train,35,12600,0.00012343512946866937,0.388501912355423,0.24306420981884003,0.44041067361831665,0.07031067460775375,0.0017969333566725254,0.007218826096504927,,
1782104943.654437,train,35,12650,0.00012342538925182698,0.2077416181564331,0.11589573323726654,0.2395193725824356,0.06365775316953659,0.0013717234833166003,0.005178090650588274,,
1782104953.124155,train,35,12700,0.0001234156487998344,0.35489216446876526,0.24719232320785522,0.29944339394569397,0.0654633566737175,0.0010731428628787398,0.005530370399355888,,
1782104962.4688113,train,35,12750,0.00012340590811278938,0.2377128005027771,0.1474779099225998,0.2326299399137497,0.06385263055562973,0.0015108792576938868,0.007303501013666391,,
1782104971.8216665,train,35,12800,0.00012339616719078995,0.21546949446201324,0.12957417964935303,0.20881986618041992,0.0671611949801445,0.0010975059121847153,0.005516736768186092,,
1782104981.1886518,train,35,12850,0.00012338642603393351,0.3084641695022583,0.20960505306720734,0.250700980424881,0.07210416346788406,0.0013178063090890646,0.007505175657570362,,
1782104990.5842352,train,35,12900,0.00012337668464231817,0.3148934543132782,0.23209306597709656,0.21406912803649902,0.05839857831597328,0.0008381763473153114,0.0049975598230957985,,
1782104999.992155,train,35,12950,0.00012336694301604172,0.2968248128890991,0.18622048199176788,0.29546767473220825,0.07316478341817856,0.0015504226321354508,0.00431306567043066,,
1782105009.3571227,train,35,13000,0.00012335720115520167,0.21822911500930786,0.1274397224187851,0.23408906161785126,0.06429006904363632,0.0012208737898617983,0.006039154715836048,,
1782105018.7823846,train,35,13050,0.000123347459059896,0.239980548620224,0.15346759557724,0.21662946045398712,0.06438825279474258,0.001614724867977202,0.007094758562743664,,
1782105150.7429795,val,35,,,0.28820408006815323,0.17776039078390143,0.303350915999958,0.06893870901404982,0.001366057349269142,0.0067932586346834654,3.3064231872558594,0.30472175776958466
1782105161.1587994,train,36,50,0.0001233347939856332,0.21483346819877625,0.12530171871185303,0.21511858701705933,0.07127213478088379,0.0011603073216974735,0.007260926999151707,,
1782105170.598052,train,36,100,0.00012332505135142762,0.34507569670677185,0.20730367302894592,0.3932093381881714,0.07865013182163239,0.001446285517886281,0.00629684142768383,,
1782105179.9660587,train,36,150,0.00012331530848307907,0.11885412782430649,0.042230863124132156,0.17633211612701416,0.06475866585969925,0.001609127619303763,0.0046488624066114426,,
1782105189.403627,train,36,200,0.00012330556538068532,0.2276061326265335,0.13700143992900848,0.22540926933288574,0.06826362013816833,0.001205591019243002,0.007036865688860416,,
1782105198.8197155,train,36,250,0.00012329582204434434,0.23840801417827606,0.1569664031267166,0.207251638174057,0.059089697897434235,0.000838665699120611,0.0047014993615448475,,
1782105208.302879,train,36,300,0.00012328607847415394,0.2809104919433594,0.19716735184192657,0.21155819296836853,0.06137290969491005,0.0016712038777768612,0.005232395604252815,,
1782105217.7624195,train,36,350,0.00012327633467021175,0.17114627361297607,0.07866483181715012,0.22023983299732208,0.07449182122945786,0.0017556542297825217,0.00962580181658268,,
1782105227.1284423,train,36,400,0.00012326659063261573,0.24156880378723145,0.15742719173431396,0.21287451684474945,0.061643075197935104,0.001014462555758655,0.006814529653638601,,
1782105236.5443177,train,36,450,0.0001232568463614636,0.4051388204097748,0.28049930930137634,0.36274367570877075,0.0675530880689621,0.001770315458998084,0.006362303160130978,,
1782105245.9837031,train,36,500,0.00012324710185685313,0.2157951295375824,0.1309840977191925,0.21092715859413147,0.06392177194356918,0.0011836282210424542,0.009089556522667408,,
1782105255.3983774,train,36,550,0.00012323735711888234,0.2928924858570099,0.18024635314941406,0.3129862844944,0.06852307170629501,0.0013803935144096613,0.004616580903530121,,
1782105264.7543783,train,36,600,0.00012322761214764895,0.24234464764595032,0.16033537685871124,0.20431756973266602,0.061673134565353394,0.000933167350012809,0.006224221549928188,,
1782105274.1536906,train,36,650,0.00012321786694325065,0.20726023614406586,0.12500134110450745,0.19673535227775574,0.06591717898845673,0.0011645106133073568,0.007920642383396626,,
1782105283.5440717,train,36,700,0.00012320812150578542,0.1911957859992981,0.1161370500922203,0.17734847962856293,0.061220716685056686,0.0011127323377877474,0.007160882465541363,,
1782105292.9052787,train,36,750,0.00012319837583535094,0.23192426562309265,0.1381540149450302,0.24706320464611053,0.06374285370111465,0.0013302803272381425,0.0068346350453794,,
1782105302.2186399,train,36,800,0.00012318862993204518,0.14406034350395203,0.07424044609069824,0.15682770311832428,0.06103115901350975,0.0009738964727148414,0.00663609616458416,,
1782105311.5989006,train,36,850,0.00012317888379596593,0.2603050768375397,0.15238343179225922,0.28328293561935425,0.07390350848436356,0.0014916924992576241,0.008760476484894753,,
1782105320.956934,train,36,900,0.00012316913742721106,0.17156264185905457,0.09085436910390854,0.19074483215808868,0.06583859771490097,0.001027568825520575,0.004593708086758852,,
1782105330.3513522,train,36,950,0.00012315939082587835,0.2209351658821106,0.11940036714076996,0.26876404881477356,0.06836053729057312,0.0016351132653653622,0.0074594831094145775,,
1782105339.8376455,train,36,1000,0.0001231496439920657,0.22025343775749207,0.13815850019454956,0.20404058694839478,0.061927374452352524,0.0012110228417441249,0.006439591757953167,,
1782105349.204627,train,36,1050,0.0001231398969258708,0.30276793241500854,0.18851007521152496,0.30739739537239075,0.07445427030324936,0.001813904382288456,0.007330969907343388,,
1782105358.6645558,train,36,1100,0.00012313014962739174,0.16959556937217712,0.0758843868970871,0.24023695290088654,0.0669584572315216,0.0017271545948460698,0.0071782139129936695,,
1782105368.09087,train,36,1150,0.0001231204020967261,0.1572279930114746,0.08467361330986023,0.1541828066110611,0.06781814247369766,0.0009960895404219627,0.006324658636003733,,
1782105377.442046,train,36,1200,0.00012311065433397189,0.26034343242645264,0.16479678452014923,0.2557569146156311,0.06295765191316605,0.0012859329581260681,0.006981045473366976,,
1782105386.8448548,train,36,1250,0.00012310090633922693,0.2795719504356384,0.15633811056613922,0.3477530777454376,0.07234042882919312,0.0012535314308479428,0.008032498881220818,,
1782105396.1932256,train,36,1300,0.00012309115811258913,0.2977882921695709,0.2083819955587387,0.22821515798568726,0.0644872784614563,0.0010886123636737466,0.008106251247227192,,
1782105405.6303587,train,36,1350,0.00012308140965415617,0.2630569338798523,0.16527986526489258,0.25110146403312683,0.06976743042469025,0.0011798397172242403,0.006980258040130138,,
1782105415.0295033,train,36,1400,0.00012307166096402612,0.1419617086648941,0.05216232314705849,0.2193799912929535,0.06962361186742783,0.0014256787253543735,0.006230941507965326,,
1782105424.3404958,train,36,1450,0.00012306191204229682,0.21544697880744934,0.12193427234888077,0.23180721700191498,0.0708848312497139,0.0011849418515339494,0.0054807816632092,,
1782105433.717574,train,36,1500,0.000123052162889066,0.2301645278930664,0.15026816725730896,0.18294237554073334,0.06808946281671524,0.001160311745479703,0.006341701839119196,,
1782105443.153075,train,36,1550,0.00012304241350443153,0.30279555916786194,0.2159148007631302,0.23006349802017212,0.05852814018726349,0.0010081697255373001,0.005516593344509602,,
1782105452.6179347,train,36,1600,0.00012303266388849132,0.4382070004940033,0.3223198652267456,0.3257346451282501,0.06871979683637619,0.000935787451453507,0.006847902201116085,,
1782105462.0390058,train,36,1650,0.0001230229140413433,0.24147500097751617,0.1536671668291092,0.22026249766349792,0.06530538201332092,0.0008952877833507955,0.005300852004438639,,
1782105471.4468894,train,36,1700,0.00012301316396308524,0.3004954159259796,0.1845870018005371,0.3175795078277588,0.07256468385457993,0.0023119598627090454,0.006538174115121365,,
1782105480.8215473,train,36,1750,0.00012300341365381495,0.25970810651779175,0.18679796159267426,0.15110351145267487,0.07006701827049255,0.0010076035978272557,0.006085797678679228,,
1782105490.2077875,train,36,1800,0.00012299366311363055,0.3574810028076172,0.25054752826690674,0.3022350072860718,0.06246350333094597,0.0014296447625383735,0.006901883520185947,,
1782105499.711048,train,36,1850,0.00012298391234262973,0.18424758315086365,0.11015788465738297,0.16867928206920624,0.06360916048288345,0.001153093995526433,0.008036822080612183,,
1782105509.0744615,train,36,1900,0.0001229741613409105,0.31618624925613403,0.19009435176849365,0.36532101035118103,0.06921929121017456,0.0015198265900835395,0.010324220173060894,,
1782105518.496209,train,36,1950,0.00012296441010857068,0.21548309922218323,0.12420014292001724,0.22821998596191406,0.06824883818626404,0.0010355225531384349,0.008255254477262497,,
1782105527.9150329,train,36,2000,0.000122954658645708,0.3201627731323242,0.20014770328998566,0.3352501392364502,0.07193543761968613,0.002348540583625436,0.007119705900549889,,
1782105537.374343,train,36,2050,0.0001229449069524205,0.3254496157169342,0.20935741066932678,0.32461243867874146,0.06959152221679688,0.0014331169659271836,0.004607916343957186,,
1782105546.7750459,train,36,2100,0.00012293515502880616,0.4171734154224396,0.2919994294643402,0.37459057569503784,0.06281479448080063,0.0011896950891241431,0.006015352439135313,,
1782105555.996518,train,36,2150,0.0001229254028749626,0.134660005569458,0.04223677143454552,0.23409676551818848,0.06748959422111511,0.0015424636658281088,0.0069352127611637115,,
1782105565.353871,train,36,2200,0.00012291565049098795,0.25304099917411804,0.15414512157440186,0.26142412424087524,0.06683268398046494,0.0012349998578429222,0.00629760604351759,,
1782105574.736613,train,36,2250,0.00012290589787698007,0.2646118700504303,0.1649945080280304,0.27742496132850647,0.060255520045757294,0.001333559863269329,0.005901964381337166,,
1782105584.1148481,train,36,2300,0.0001228961450330369,0.2866281270980835,0.17912015318870544,0.29750755429267883,0.06601190567016602,0.0012514533009380102,0.006240578833967447,,
1782105593.4757829,train,36,2350,0.00012288639195925631,0.21015241742134094,0.1305234581232071,0.1947973221540451,0.06173268333077431,0.0006328488816507161,0.004172034095972776,,
1782105602.9111974,train,36,2400,0.00012287663865573619,0.1532229334115982,0.08653432875871658,0.13328883051872253,0.06650776416063309,0.0011252177646383643,0.006536198314279318,,
1782105612.3577962,train,36,2450,0.00012286688512257434,0.2048066407442093,0.11880289763212204,0.1990388035774231,0.07228461652994156,0.001017442555166781,0.0058606271632015705,,
1782105621.7357564,train,36,2500,0.0001228571313598688,0.2202051281929016,0.14671315252780914,0.1616286337375641,0.0659971684217453,0.0008621955057606101,0.004620290361344814,,
1782105631.1160533,train,36,2550,0.00012284737736771727,0.3456040620803833,0.2392328381538391,0.2918258309364319,0.06648273766040802,0.0017342468490824103,0.008521399460732937,,
1782105640.4925416,train,36,2600,0.00012283762314621807,0.2237451821565628,0.14129509031772614,0.19561143219470978,0.06682349741458893,0.0013549807481467724,0.008914761245250702,,
1782105649.9595606,train,36,2650,0.00012282786869546888,0.25874656438827515,0.15541088581085205,0.2758182883262634,0.06842267513275146,0.0016975278267636895,0.008070419542491436,,
1782105659.3682618,train,36,2700,0.00012281811401556754,0.19637802243232727,0.11670577526092529,0.188433438539505,0.06493441760540009,0.0009667754638940096,0.00479790847748518,,
1782105668.8097584,train,36,2750,0.00012280835910661198,0.26948168873786926,0.17526954412460327,0.2341761589050293,0.07102558016777039,0.001552899251691997,0.007299303542822599,,
1782105678.2343209,train,36,2800,0.00012279860396870027,0.25447651743888855,0.1607508808374405,0.25398629903793335,0.06027313694357872,0.0009251853916794062,0.006097516044974327,,
1782105687.5391846,train,36,2850,0.00012278884860193018,0.2836169898509979,0.1855100393295288,0.26682049036026,0.06257147341966629,0.0011612430680543184,0.00833883322775364,,
1782105696.9661317,train,36,2900,0.00012277909300639964,0.3193109929561615,0.21699193120002747,0.2768417298793793,0.06601741909980774,0.0009992499835789204,0.00409461697563529,,
1782105706.3435109,train,36,2950,0.00012276933718220672,0.3085109293460846,0.20539677143096924,0.2715323269367218,0.07020960003137589,0.0012627049582079053,0.006396051961928606,,
1782105715.7317736,train,36,3000,0.0001227595811294493,0.2699277102947235,0.17657649517059326,0.24516715109348297,0.06385594606399536,0.0013147053541615605,0.005859450437128544,,
1782105725.1557555,train,36,3050,0.00012274982484822538,0.25627240538597107,0.15113204717636108,0.2842429280281067,0.06785034388303757,0.0015447455225512385,0.005267956294119358,,
1782105734.4754,train,36,3100,0.00012274006833863272,0.279263436794281,0.16110555827617645,0.34474581480026245,0.06366012245416641,0.001413595164194703,0.008565437979996204,,
1782105743.874036,train,36,3150,0.0001227303116007693,0.35718080401420593,0.26157358288764954,0.25796571373939514,0.06199120357632637,0.0012020730646327138,0.0067681558430194855,,
1782105753.223907,train,36,3200,0.00012272055463473315,0.30492261052131653,0.2032707780599594,0.2823275327682495,0.06185305863618851,0.0014343606308102608,0.005391872953623533,,
1782105762.6142204,train,36,3250,0.00012271079744062218,0.22728702425956726,0.13967575132846832,0.21387158334255219,0.06807869672775269,0.0010403069900348783,0.007789034396409988,,
1782105771.9939,train,36,3300,0.00012270104001853427,0.19060732424259186,0.11966362595558167,0.1581447571516037,0.06254076957702637,0.0013711804058402777,0.0056966799311339855,,
1782105781.3440661,train,36,3350,0.00012269128236856746,0.18496637046337128,0.08706560730934143,0.25966596603393555,0.06572137773036957,0.001235700910910964,0.007484741043299437,,
1782105790.7567725,train,36,3400,0.0001226815244908197,0.2758481502532959,0.18378368020057678,0.24297983944416046,0.06246715039014816,0.0008596064290031791,0.005396867170929909,,
1782105800.1492326,train,36,3450,0.00012267176638538883,0.22172093391418457,0.13837076723575592,0.20185481011867523,0.0655737891793251,0.000995661481283605,0.005615605041384697,,
1782105809.6256053,train,36,3500,0.00012266200805237284,0.24005526304244995,0.14769978821277618,0.24293796718120575,0.06292650103569031,0.0015772386686876416,0.007230033632367849,,
1782105818.9489298,train,36,3550,0.00012265224949186985,0.2751622498035431,0.18465110659599304,0.2350924164056778,0.06316149234771729,0.0015729570295661688,0.007135954685509205,,
1782105828.3592875,train,36,3600,0.00012264249070397768,0.282843679189682,0.19408753514289856,0.22577112913131714,0.0643812045454979,0.0012277918867766857,0.007284689228981733,,
1782105837.7187033,train,36,3650,0.00012263273168879428,0.22879815101623535,0.1436452865600586,0.23004943132400513,0.05506111681461334,0.0010994226904585958,0.006927261129021645,,
1782105847.12246,train,36,3700,0.0001226229724464176,0.17613063752651215,0.09455322474241257,0.18899568915367126,0.0683228000998497,0.001670848811045289,0.0066355085000395775,,
1782105856.4670436,train,36,3750,0.0001226132129769456,0.2629319727420807,0.1690070778131485,0.23836255073547363,0.06824757158756256,0.0021045829635113478,0.0059919944033026695,,
1782105865.8687456,train,36,3800,0.00012260345328047638,0.2573743462562561,0.1687980741262436,0.22857344150543213,0.06258373707532883,0.0014105994487181306,0.007546903099864721,,
1782105875.2869046,train,36,3850,0.00012259369335710778,0.3165227472782135,0.2304762899875641,0.22076578438282013,0.06150875240564346,0.0010062404908239841,0.005168057978153229,,
1782105884.646558,train,36,3900,0.0001225839332069379,0.20035427808761597,0.12619352340698242,0.17603549361228943,0.06007510796189308,0.0011431681923568249,0.006192975677549839,,
1782105894.0150933,train,36,3950,0.00012257417283006452,0.2675042748451233,0.15997359156608582,0.29812365770339966,0.06573261320590973,0.0013345098122954369,0.006008925382047892,,
1782105903.4228103,train,36,4000,0.0001225644122265857,0.20571400225162506,0.11958112567663193,0.21037086844444275,0.0668771043419838,0.001016039284877479,0.007492606528103352,,
1782105912.818196,train,36,4050,0.00012255465139659943,0.2603156268596649,0.15769898891448975,0.2697659432888031,0.07012380659580231,0.001132399425841868,0.007197352591902018,,
1782105922.1948142,train,36,4100,0.00012254489034020373,0.20315314829349518,0.11566632241010666,0.2236662060022354,0.06285037100315094,0.0014508593594655395,0.006070281844586134,,
1782105931.561722,train,36,4150,0.00012253512905749657,0.34512606263160706,0.23551557958126068,0.3010804057121277,0.06848248839378357,0.0009915345581248403,0.0066023096442222595,,
1782105940.9363534,train,36,4200,0.00012252536754857592,0.3050466477870941,0.18089208006858826,0.364561527967453,0.06571274995803833,0.0015781479887664318,0.007022319361567497,,
1782105950.3031344,train,36,4250,0.00012251560581353984,0.31571975350379944,0.19840581715106964,0.3360515534877777,0.06624774634838104,0.0017717407317832112,0.005613699555397034,,
1782105959.7030911,train,36,4300,0.00012250584385248636,0.21848008036613464,0.13651058077812195,0.19794802367687225,0.06470198184251785,0.0013150719460099936,0.00927596166729927,,
1782105969.139024,train,36,4350,0.00012249608166551318,0.28106075525283813,0.1808129847049713,0.2615323066711426,0.0695875957608223,0.0007088575512170792,0.0049682315438985825,,
1782105978.5297687,train,36,4400,0.00012248631925271844,0.37175115942955017,0.25712329149246216,0.3018847107887268,0.07793950289487839,0.0018693937454372644,0.008763259276747704,,
1782105987.9400866,train,36,4450,0.00012247655661420037,0.4279032051563263,0.29162147641181946,0.4110351800918579,0.06661822646856308,0.0021383804269135,0.007762950845062733,,
1782105997.3011646,train,36,4500,0.00012246679375005684,0.29745736718177795,0.19033055007457733,0.29421326518058777,0.06685610115528107,0.0014545817393809557,0.00607315031811595,,
1782106006.6882038,train,36,4550,0.00012245703066038577,0.15590393543243408,0.07389400899410248,0.19201108813285828,0.06777574121952057,0.0011929039610549808,0.0063737910240888596,,
1782106016.030535,train,36,4600,0.00012244726734528513,0.24695420265197754,0.1541815996170044,0.24670542776584625,0.06192365661263466,0.0013442159397527575,0.00474815396592021,,
1782106025.4782171,train,36,4650,0.00012243750380485296,0.2707194685935974,0.18187563121318817,0.21213053166866302,0.07142435759305954,0.000990424887277186,0.005393958184868097,,
1782106034.9006479,train,36,4700,0.00012242774003918733,0.20946067571640015,0.10812648385763168,0.2780546247959137,0.06331821531057358,0.0016142764361575246,0.0069047026336193085,,
1782106044.331092,train,36,4750,0.00012241797604838626,0.21385525166988373,0.13112425804138184,0.19435833394527435,0.06801764667034149,0.0013257029931992292,0.007675296626985073,,
1782106053.718939,train,36,4800,0.00012240821183254766,0.2081964612007141,0.11964160203933716,0.2261507511138916,0.06384649127721786,0.0009391815401613712,0.0059098838828504086,,
1782106063.098529,train,36,4850,0.00012239844739176964,0.25221532583236694,0.14055417478084564,0.28677618503570557,0.07961836457252502,0.0015792602207511663,0.007128571625798941,,
1782106072.4595034,train,36,4900,0.0001223886827261501,0.18813934922218323,0.10590605437755585,0.2165612429380417,0.055986836552619934,0.000995628535747528,0.00667441776022315,,
1782106081.873527,train,36,4950,0.00012237891783578708,0.13864023983478546,0.07037182152271271,0.14787454903125763,0.0623786486685276,0.001104554277844727,0.006655010394752026,,
1782106091.2944992,train,36,5000,0.00012236915272077883,0.3876146078109741,0.2756136953830719,0.303372323513031,0.07205618917942047,0.0012976201251149178,0.007620333228260279,,
1782106100.7288778,train,36,5050,0.00012235938738122323,0.27806350588798523,0.17464636266231537,0.2663181722164154,0.07335168123245239,0.0016176423523575068,0.008191232569515705,,
1782106110.1851585,train,36,5100,0.0001223496218172183,0.25978589057922363,0.16159400343894958,0.2551346719264984,0.0685766339302063,0.0011989085469394922,0.0044198003597557545,,
1782106119.5706542,train,36,5150,0.00012233985602886193,0.25094446539878845,0.17118977010250092,0.19901256263256073,0.059859830886125565,0.0007165090064518154,0.00596446730196476,,
1782106128.9749224,train,36,5200,0.0001223300900162522,0.31725791096687317,0.2110820710659027,0.2793399691581726,0.07237248122692108,0.0015461364528164268,0.00979443360120058,,
1782106138.291193,train,36,5250,0.0001223203237794873,0.21569658815860748,0.13581007719039917,0.19702985882759094,0.06102754548192024,0.0011527905007824302,0.00626032380387187,,
1782106147.7384677,train,36,5300,0.00012231055731866524,0.19202736020088196,0.11165560781955719,0.18105009198188782,0.0698968768119812,0.0016078973421826959,0.00580143416300416,,
1782106157.1427202,train,36,5350,0.0001223007906338839,0.17979192733764648,0.08961635828018188,0.2249051332473755,0.06760207563638687,0.001482551684603095,0.00606057932600379,,
1782106166.5626342,train,36,5400,0.00012229102372524154,0.20921896398067474,0.13246966898441315,0.1750383973121643,0.06574331969022751,0.0011802539229393005,0.008651317097246647,,
1782106175.9241436,train,36,5450,0.00012228125659283613,0.274078905582428,0.15225748717784882,0.34348976612091064,0.07156015187501907,0.0016889084363356233,0.010547701269388199,,
1782106185.4168215,train,36,5500,0.0001222714892367657,0.18298667669296265,0.10532541573047638,0.18621158599853516,0.06200377643108368,0.001064772019162774,0.007082181517034769,,
1782106194.8112817,train,36,5550,0.00012226172165712813,0.25311991572380066,0.14520268142223358,0.2926326096057892,0.06922877579927444,0.0014469192828983068,0.0072088539600372314,,
1782106204.1317594,train,36,5600,0.00012225195385402173,0.3634200096130371,0.2436910718679428,0.341111958026886,0.06866524368524551,0.0011832165764644742,0.00489333551377058,,
1782106213.4819608,train,36,5650,0.00012224218582754438,0.23828066885471344,0.13168306648731232,0.29667046666145325,0.0644279420375824,0.0021600096952170134,0.007285560481250286,,
1782106222.7947748,train,36,5700,0.0001222324175777944,0.2676442861557007,0.1662164330482483,0.2725682258605957,0.06635508686304092,0.0010825013741850853,0.004887659102678299,,
1782106232.244483,train,36,5750,0.0001222226491048695,0.20647427439689636,0.12355031818151474,0.202630877494812,0.06430736929178238,0.0011255322024226189,0.007259438280016184,,
1782106241.6633055,train,36,5800,0.00012221288040886779,0.17437420785427094,0.09457795321941376,0.17972040176391602,0.06948380172252655,0.00124258897267282,0.006410405971109867,,
1782106251.1091433,train,36,5850,0.00012220311148988753,0.31845638155937195,0.20887118577957153,0.30031201243400574,0.06876032799482346,0.0012701608939096332,0.00880204327404499,,
1782106260.6149383,train,36,5900,0.00012219334234802657,0.20466414093971252,0.12534703314304352,0.19478674232959747,0.06104186549782753,0.0009949427330866456,0.006855814252048731,,
1782106270.0592124,train,36,5950,0.00012218357298338312,0.23883719742298126,0.1428772360086441,0.25895076990127563,0.06225702539086342,0.0009376371745020151,0.007429700810462236,,
1782106279.4820192,train,36,6000,0.00012217380339605525,0.19377754628658295,0.09916771948337555,0.24054042994976044,0.06865690648555756,0.0014625227777287364,0.007132682483643293,,
1782106288.8242748,train,36,6050,0.00012216403358614086,0.2187201827764511,0.13488848507404327,0.20959700644016266,0.06269031018018723,0.0008729714318178594,0.005729083437472582,,
1782106298.2494285,train,36,6100,0.00012215426355373818,0.31087762117385864,0.21335630118846893,0.26538631319999695,0.06215275824069977,0.0009837707038968801,0.005160101223737001,,
1782106307.6701849,train,36,6150,0.00012214449329894526,0.18462154269218445,0.1127244159579277,0.1555722951889038,0.06573311984539032,0.0013747471384704113,0.008840198628604412,,
1782106317.1399112,train,36,6200,0.0001221347228218603,0.14231233298778534,0.07298487424850464,0.15696005523204803,0.059979744255542755,0.0009757145307958126,0.005621668417006731,,
1782106326.5487075,train,36,6250,0.00012212495212258104,0.21883755922317505,0.12630006670951843,0.22934609651565552,0.07005598396062851,0.001729797339066863,0.007874232716858387,,
1782106335.9429772,train,36,6300,0.00012211518120120582,0.25046685338020325,0.1509016454219818,0.26582786440849304,0.06601184606552124,0.0010230268817394972,0.006449426524341106,,
1782106345.4350994,train,36,6350,0.00012210541005783264,0.30114346742630005,0.1876136064529419,0.3178241550922394,0.06787993013858795,0.001338758273050189,0.006798158399760723,,
1782106354.8904965,train,36,6400,0.00012209563869255947,0.2487647533416748,0.15045711398124695,0.2545419931411743,0.06906130909919739,0.0014148671180009842,0.005560486577451229,,
1782106364.275356,train,36,6450,0.0001220858671054847,0.3550909161567688,0.2641105353832245,0.23049384355545044,0.06653165817260742,0.0009106207871809602,0.00524772796779871,,
1782106373.7153409,train,36,6500,0.00012207609529670628,0.25631970167160034,0.16538935899734497,0.2345135509967804,0.06437569111585617,0.001141132554039359,0.00646848464384675,,
1782106383.1110337,train,36,6550,0.00012206632326632225,0.17444632947444916,0.09729741513729095,0.1765887439250946,0.0657624751329422,0.0012051290832459927,0.009520490653812885,,
1782106392.517987,train,36,6600,0.00012205655101443067,0.27806344628334045,0.17189817130565643,0.2918528616428375,0.06614327430725098,0.0013042549835518003,0.0052403779700398445,,
1782106401.9231398,train,36,6650,0.00012204677854112968,0.176164910197258,0.08548603951931,0.24530121684074402,0.058451924473047256,0.0012761866673827171,0.006608312949538231,,
1782106411.2627413,train,36,6700,0.00012203700584651744,0.2899516224861145,0.18664829432964325,0.2771317958831787,0.06779220700263977,0.0012428313493728638,0.007065288256853819,,
1782106420.7458901,train,36,6750,0.00012202723293069206,0.1823129802942276,0.09336932003498077,0.229468435049057,0.0628914162516594,0.001308526610955596,0.006664436776190996,,
1782106430.11475,train,36,6800,0.00012201745979375165,0.1692241132259369,0.09097667038440704,0.18475137650966644,0.06391914188861847,0.0010001445189118385,0.007220483850687742,,
1782106439.4588318,train,36,6850,0.00012200768643579419,0.16084924340248108,0.08955554664134979,0.1510145366191864,0.06688801199197769,0.0009606952662579715,0.005566778592765331,,
1782106449.2130988,train,36,6900,0.00012199791285691784,0.4177389442920685,0.3030981123447418,0.330702543258667,0.0636514276266098,0.0013947106199339032,0.0069869691506028175,,
1782106459.0401704,train,36,6950,0.0001219881390572207,0.2909437119960785,0.190818652510643,0.2675590217113495,0.0662122368812561,0.001291817519813776,0.0075749801471829414,,
1782106468.6983147,train,36,7000,0.00012197836503680095,0.25897449254989624,0.17390665411949158,0.20770767331123352,0.06606057286262512,0.0011064106365665793,0.007019416429102421,,
1782106478.0909956,train,36,7050,0.00012196859079575667,0.18064959347248077,0.0831746831536293,0.24578718841075897,0.07174322009086609,0.0015650438144803047,0.006988032720983028,,
1782106487.5139978,train,36,7100,0.00012195881633418585,0.22424273192882538,0.14314883947372437,0.18304838240146637,0.07044108957052231,0.0011124627199023962,0.0058434223756194115,,
1782106497.022759,train,36,7150,0.00012194904165218683,0.38882479071617126,0.27106595039367676,0.3258935511112213,0.07211048156023026,0.002302097622305155,0.00963632296770811,,
1782106506.4593341,train,36,7200,0.00012193926674985758,0.33015748858451843,0.2278812825679779,0.27496591210365295,0.0668225958943367,0.0012344644637778401,0.005770822521299124,,
1782106515.8381956,train,36,7250,0.00012192949162729636,0.24107129871845245,0.14069882035255432,0.27236559987068176,0.06432686746120453,0.0011765171075239778,0.005842653568834066,,
1782106525.3087149,train,36,7300,0.00012191971628460117,0.2935594320297241,0.18853607773780823,0.28706827759742737,0.06629644334316254,0.001080562244169414,0.005854905117303133,,
1782106534.7021601,train,36,7350,0.00012190994072187017,0.184729665517807,0.11077860742807388,0.16660553216934204,0.06438624858856201,0.0010654914658516645,0.0047626555897295475,,
1782106544.1813762,train,36,7400,0.00012190016493920142,0.19229285418987274,0.10119855403900146,0.25418663024902344,0.054915651679039,0.0008980888524092734,0.003930154722183943,,
1782106553.626043,train,36,7450,0.00012189038893669321,0.2622222602367401,0.1871381551027298,0.1772022247314453,0.06136005371809006,0.0010354584082961082,0.00605768570676446,,
1782106563.1027007,train,36,7500,0.00012188061271444361,0.2819436192512512,0.19183817505836487,0.21574948728084564,0.07212495803833008,0.0010558454087004066,0.006386736407876015,,
1782106572.4304004,train,36,7550,0.00012187083627255069,0.3401985168457031,0.23460550606250763,0.2930738031864166,0.0644778162240982,0.0008565998869016767,0.0061430917121469975,,
1782106581.9353511,train,36,7600,0.0001218610596111126,0.21071875095367432,0.1267121583223343,0.20780280232429504,0.06391865760087967,0.000965573126450181,0.004815729800611734,,
1782106591.3738859,train,36,7650,0.00012185128273022752,0.2407093048095703,0.1305764764547348,0.29631394147872925,0.07176131010055542,0.0017368709668517113,0.006047500763088465,,
1782106600.7284775,train,36,7700,0.00012184150562999369,0.3104933500289917,0.2046535760164261,0.2871668338775635,0.06779079884290695,0.0015267834533005953,0.007125573232769966,,
1782106610.0319595,train,36,7750,0.00012183172831050902,0.27223142981529236,0.14560231566429138,0.37712040543556213,0.06441327929496765,0.001423556124791503,0.0059954156167805195,,
1782106619.4319398,train,36,7800,0.00012182195077187186,0.2560094892978668,0.15798413753509521,0.24725767970085144,0.07217524945735931,0.0012328051961958408,0.006552299950271845,,
1782106628.8402927,train,36,7850,0.00012181217301418033,0.29258662462234497,0.18384239077568054,0.29902103543281555,0.06765950471162796,0.0015922258608043194,0.007464385591447353,,
1782106638.2823002,train,36,7900,0.00012180239503753251,0.2416672259569168,0.1404566913843155,0.2773311138153076,0.06343687325716019,0.0015932242386043072,0.006579153705388308,,
1782106647.6893163,train,36,7950,0.00012179261684202652,0.24856141209602356,0.16234077513217926,0.2153489887714386,0.06456942856311798,0.0009867685148492455,0.007002991624176502,,
1782106657.1235812,train,36,8000,0.00012178283842776056,0.22441691160202026,0.13882975280284882,0.21605505049228668,0.06289206445217133,0.001273799454793334,0.00811763759702444,,
1782106666.5189095,train,36,8050,0.00012177305979483286,0.2655039131641388,0.18084953725337982,0.2138751596212387,0.06217210739850998,0.0009953175904229283,0.006263186223804951,,
1782106675.920016,train,36,8100,0.00012176328094334147,0.2656981348991394,0.16606444120407104,0.27910974621772766,0.05948910489678383,0.001117032254114747,0.006225954741239548,,
1782106685.2893314,train,36,8150,0.00012175350187338465,0.19631031155586243,0.10581765323877335,0.22808721661567688,0.06662476062774658,0.001584810670465231,0.008175399154424667,,
1782106694.6918051,train,36,8200,0.0001217437225850605,0.17983658611774445,0.10079939663410187,0.1853329837322235,0.06519297510385513,0.001074602478183806,0.007645834237337112,,
1782106704.137283,train,36,8250,0.00012173394307846727,0.29842305183410645,0.1945875734090805,0.2763987183570862,0.06918621063232422,0.0014268490485846996,0.005967872217297554,,
1782106713.500727,train,36,8300,0.00012172416335370312,0.22264628112316132,0.12339537590742111,0.24879150092601776,0.07383409887552261,0.0013598372461274266,0.006460729520767927,,
1782106722.923494,train,36,8350,0.00012171438341086612,0.36797022819519043,0.24359089136123657,0.34497636556625366,0.07593442499637604,0.0016802112804725766,0.006152539048343897,,
1782106732.3867073,train,36,8400,0.00012170460325005451,0.23758773505687714,0.15319295227527618,0.19977913796901703,0.0686667412519455,0.001166272908449173,0.0070450506173074245,,
1782106741.7293413,train,36,8450,0.0001216948228713664,0.18940159678459167,0.10005603730678558,0.2233297973871231,0.06678733229637146,0.0011945187579840422,0.00596103398129344,,
1782106751.083592,train,36,8500,0.00012168504227490002,0.19235637784004211,0.0985473170876503,0.24017080664634705,0.06718593835830688,0.0017338483594357967,0.006794223096221685,,
1782106760.4860854,train,36,8550,0.00012167526146075355,0.18564851582050323,0.115899458527565,0.14848588407039642,0.0650094673037529,0.0012284443946555257,0.009489767253398895,,
1782106769.916287,train,36,8600,0.00012166548042902525,0.18266721069812775,0.09700905531644821,0.212942436337471,0.06463365256786346,0.0010572612518444657,0.005054973531514406,,
1782106779.3343546,train,36,8650,0.00012165569917981315,0.26311227679252625,0.16205209493637085,0.2905041575431824,0.05667126923799515,0.000984826241619885,0.006648663431406021,,
1782106788.758533,train,36,8700,0.00012164591771321552,0.4060957431793213,0.290890097618103,0.3276010751724243,0.06640005856752396,0.0010534255998209119,0.00799609161913395,,
1782106798.213458,train,36,8750,0.0001216361360293306,0.18340928852558136,0.10454627871513367,0.187415212392807,0.06383981555700302,0.0008929364266805351,0.006709890440106392,,
1782106807.662175,train,36,8800,0.0001216263541282565,0.29984283447265625,0.1986115723848343,0.2811877429485321,0.061593495309352875,0.0013760855654254556,0.006448217201977968,,
1782106817.1021512,train,36,8850,0.00012161657201009142,0.25890955328941345,0.1640947461128235,0.25339826941490173,0.06268089264631271,0.0012478777207434177,0.005639033392071724,,
1782106826.5071363,train,36,8900,0.00012160678967493354,0.3594604432582855,0.22929862141609192,0.3850584328174591,0.06741566210985184,0.0018940574955195189,0.007281007245182991,,
1782106835.8657537,train,36,8950,0.00012159700712288111,0.21720187366008759,0.12225042283535004,0.2442752867937088,0.06753630936145782,0.0011447964934632182,0.005746360868215561,,
1782106845.3536038,train,36,9000,0.00012158722435403234,0.2932582199573517,0.19737142324447632,0.25728872418403625,0.06287054717540741,0.0012933913385495543,0.008898925967514515,,
1782106854.785534,train,36,9050,0.00012157744136848545,0.35462212562561035,0.23778246343135834,0.3123273253440857,0.07708796113729477,0.0021386751905083656,0.0099796736612916,,
1782106864.1482415,train,36,9100,0.00012156765816633859,0.2252376526594162,0.13921140134334564,0.22353258728981018,0.05996094271540642,0.0016263623256236315,0.01031856145709753,,
1782106873.568377,train,36,9150,0.00012155787474768991,0.31070202589035034,0.2069278508424759,0.27478960156440735,0.06992101669311523,0.0011624894104897976,0.007468678057193756,,
1782106882.968541,train,36,9200,0.00012154809111263779,0.21434718370437622,0.1255837231874466,0.22869455814361572,0.06300549954175949,0.0008706775843165815,0.00534817622974515,,
1782106892.3694265,train,36,9250,0.00012153830726128025,0.27500736713409424,0.16601206362247467,0.30088984966278076,0.06725682318210602,0.0014440981904044747,0.00884213950484991,,
1782106901.8480113,train,36,9300,0.00012152852319371557,0.3307226300239563,0.21368508040905,0.3329809010028839,0.06727253645658493,0.0015605837106704712,0.005234035663306713,,
1782106911.2416916,train,36,9350,0.00012151873891004194,0.23135758936405182,0.14573030173778534,0.21002134680747986,0.06590606272220612,0.0016893066931515932,0.008823992684483528,,
1782106920.706906,train,36,9400,0.00012150895441035762,0.30898258090019226,0.1966094821691513,0.31940600275993347,0.06460221856832504,0.0022050070110708475,0.005448270123451948,,
1782106930.0511775,train,36,9450,0.0001214991696947609,0.3031945526599884,0.19688650965690613,0.2930968999862671,0.06585914641618729,0.001042607007548213,0.004809873178601265,,
1782106939.3842535,train,36,9500,0.0001214893847633498,0.23273319005966187,0.14335469901561737,0.22427484393119812,0.06633614748716354,0.0014171730726957321,0.006449205335229635,,
1782106948.842738,train,36,9550,0.00012147959961622265,0.2480495572090149,0.16324572265148163,0.2051328867673874,0.06683272123336792,0.001042500021867454,0.006375861819833517,,
1782106958.1869113,train,36,9600,0.0001214698142534778,0.1212703287601471,0.05274730548262596,0.13156086206436157,0.07107049971818924,0.0009755442151799798,0.006394231226295233,,
1782106967.616968,train,36,9650,0.00012146002867521339,0.3772682845592499,0.273542195558548,0.2800867259502411,0.06712790578603745,0.0014046188443899155,0.0088674770668149,,
1782106977.0255196,train,36,9700,0.00012145024288152755,0.18693658709526062,0.09011362493038177,0.25715795159339905,0.06473778188228607,0.0016456561861559749,0.006443825084716082,,
1782106986.4550695,train,36,9750,0.00012144045687251874,0.24649782478809357,0.14959730207920074,0.2644672989845276,0.061237726360559464,0.0016483721556141973,0.010294339619576931,,
1782106995.8066564,train,36,9800,0.00012143067064828497,0.26518741250038147,0.16738155484199524,0.2474372535943985,0.07166500389575958,0.0011406466364860535,0.00767949502915144,,
1782107005.1933794,train,36,9850,0.00012142088420892456,0.1756318211555481,0.10089129209518433,0.17701832950115204,0.06077373027801514,0.0009908434003591537,0.008897184394299984,,
1782107014.622169,train,36,9900,0.00012141109755453576,0.3591044545173645,0.25901660323143005,0.2689673900604248,0.06548193097114563,0.0010501457145437598,0.006025595590472221,,
1782107024.0004368,train,36,9950,0.00012140131068521682,0.3046119511127472,0.18591925501823425,0.33489328622817993,0.06971427798271179,0.0011219637235626578,0.008348637260496616,,
1782107033.508531,train,36,10000,0.00012139152360106596,0.3038765490055084,0.19740547239780426,0.2989831864833832,0.06315582245588303,0.001473663025535643,0.005909557454288006,,
1782107042.9185228,train,36,10050,0.00012138173630218148,0.2942749261856079,0.19684329628944397,0.24812787771224976,0.07050871849060059,0.0014530497137457132,0.007711264304816723,,
1782107052.295576,train,36,10100,0.00012137194878866143,0.24670341610908508,0.16765640676021576,0.1931505650281906,0.061334699392318726,0.0009201285429298878,0.00602970365434885,,
1782107061.65839,train,36,10150,0.00012136216106060437,0.28387391567230225,0.1963430792093277,0.21742162108421326,0.06611912697553635,0.0011586976470425725,0.008919521234929562,,
1782107071.0363069,train,36,10200,0.00012135237311810838,0.19028343260288239,0.11134621500968933,0.19071944057941437,0.06237836927175522,0.0006816688692197204,0.004707470070570707,,
1782107080.470214,train,36,10250,0.00012134258496127162,0.1919737309217453,0.10816993564367294,0.20129862427711487,0.06673920154571533,0.0010954299941658974,0.005872312467545271,,
1782107089.8871152,train,36,10300,0.0001213327965901925,0.1667807251214981,0.08435294032096863,0.19279631972312927,0.068154476583004,0.0015145832439884543,0.009766996838152409,,
1782107099.2475438,train,36,10350,0.00012132300800496915,0.34583890438079834,0.2292006015777588,0.33501628041267395,0.06548051536083221,0.0014396479818969965,0.006911146454513073,,
1782107108.6664364,train,36,10400,0.00012131321920570001,0.30219972133636475,0.19014796614646912,0.30008915066719055,0.07380713522434235,0.0012591683771461248,0.006158217787742615,,
1782107118.0755947,train,36,10450,0.0001213034301924832,0.25761160254478455,0.16747349500656128,0.23284240067005157,0.06364710628986359,0.0010394089622423053,0.005350345745682716,,
1782107127.4772408,train,36,10500,0.00012129364096541699,0.22659187018871307,0.1407606154680252,0.22853855788707733,0.05718442425131798,0.001044022967107594,0.005563877522945404,,
1782107136.99925,train,36,10550,0.00012128385152459968,0.30242523550987244,0.18844632804393768,0.30694958567619324,0.07422752678394318,0.0012777202064171433,0.0063007064163684845,,
1782107146.4423044,train,36,10600,0.0001212740618701296,0.3659444749355316,0.24449539184570312,0.3556818962097168,0.06478378176689148,0.0013670240296050906,0.005750379525125027,,
1782107155.8379343,train,36,10650,0.00012126427200210486,0.2628606855869293,0.17128963768482208,0.2381720095872879,0.06380736827850342,0.0012436496326699853,0.006265273783355951,,
1782107165.2108016,train,36,10700,0.00012125448192062392,0.26074087619781494,0.16241782903671265,0.2674817144870758,0.06261470913887024,0.0014524324797093868,0.00800510123372078,,
1782107174.5794713,train,36,10750,0.00012124469162578492,0.3003019690513611,0.2059629261493683,0.24896815419197083,0.06394777446985245,0.001231093076057732,0.005664146039634943,,
1782107184.0062494,train,36,10800,0.00012123490111768622,0.199843168258667,0.11364680528640747,0.223906010389328,0.06021682173013687,0.001114454003982246,0.005716403480619192,,
1782107193.3708768,train,36,10850,0.00012122511039642602,0.29131847620010376,0.1791149079799652,0.3101552128791809,0.0690847709774971,0.00122375029604882,0.007004243321716785,,
1782107202.778114,train,36,10900,0.00012121531946210263,0.28182289004325867,0.19819270074367523,0.19941459596157074,0.06738071888685226,0.0008620095322839916,0.0060926033183932304,,
1782107212.1624324,train,36,10950,0.00012120552831481438,0.23945239186286926,0.1461280882358551,0.24645830690860748,0.06319135427474976,0.001140495529398322,0.007134034298360348,,
1782107221.4880857,train,36,11000,0.0001211957369546596,0.1869799941778183,0.11162856966257095,0.18139450252056122,0.05982760712504387,0.0008900188840925694,0.0060426308773458,,
1782107230.8688433,train,36,11050,0.0001211859453817365,0.21277184784412384,0.12000155448913574,0.23699542880058289,0.06674540787935257,0.0014872424071654677,0.014373909682035446,,
1782107240.2372322,train,36,11100,0.00012117615359614334,0.37784844636917114,0.276229590177536,0.2783217430114746,0.06389632076025009,0.0009028080385178328,0.007360188756138086,,
1782107249.7138486,train,36,11150,0.00012116636159797847,0.19469408690929413,0.1097860112786293,0.21170778572559357,0.06370198726654053,0.0013013528659939766,0.005046577658504248,,
1782107259.173767,train,36,11200,0.00012115656938734015,0.19691896438598633,0.12468155473470688,0.1604635864496231,0.06405472010374069,0.0009414476808160543,0.005842961370944977,,
1782107268.5153685,train,36,11250,0.00012114677696432667,0.19421055912971497,0.10894007980823517,0.20730376243591309,0.06667435169219971,0.0010736753465607762,0.005938760004937649,,
1782107277.90401,train,36,11300,0.00012113698432903632,0.3138892650604248,0.2065272182226181,0.29978251457214355,0.06458961963653564,0.001215841737575829,0.006280921399593353,,
1782107287.2795358,train,36,11350,0.0001211271914815675,0.19021445512771606,0.10527508705854416,0.19919496774673462,0.06995288282632828,0.0016419888706877828,0.008270055055618286,,
1782107296.6632535,train,36,11400,0.00012111739842201839,0.36740967631340027,0.26035618782043457,0.28964322805404663,0.06901487708091736,0.001352202845737338,0.007433735765516758,,
1782107306.121211,train,36,11450,0.00012110760515048737,0.2787986397743225,0.17536242306232452,0.270028680562973,0.07150283455848694,0.0017761258641257882,0.008271860890090466,,
1782107315.5469632,train,36,11500,0.00012109781166707266,0.3600400984287262,0.248954176902771,0.3199313282966614,0.061888255178928375,0.0015897187404334545,0.006943321321159601,,
1782107325.0103202,train,36,11550,0.0001210880179718727,0.31738021969795227,0.20116327702999115,0.3386112153530121,0.06284897774457932,0.0013965916587039828,0.008464131504297256,,
1782107334.46097,train,36,11600,0.00012107822406498564,0.26232048869132996,0.1730755865573883,0.2209671586751938,0.06779615581035614,0.0010501117212697864,0.006752743385732174,,
1782107343.9090075,train,36,11650,0.00012106842994650997,0.2085360437631607,0.120761439204216,0.22178424894809723,0.06444086134433746,0.001081140129826963,0.005807799287140369,,
1782107353.3427567,train,36,11700,0.0001210586356165439,0.2972687780857086,0.19251413643360138,0.28217393159866333,0.06810267269611359,0.0015983354533091187,0.008649177849292755,,
1782107362.8229153,train,36,11750,0.0001210488410751857,0.3354431688785553,0.22724296152591705,0.29328057169914246,0.06946566700935364,0.0014725911896675825,0.010121837258338928,,
1782107372.1981761,train,36,11800,0.00012103904632253384,0.20078717172145844,0.11920338124036789,0.20600514113903046,0.05994235351681709,0.0011133054504171014,0.006082987878471613,,
1782107381.6307712,train,36,11850,0.00012102925135868655,0.27427780628204346,0.17615200579166412,0.2531077563762665,0.06941325217485428,0.0014225086197257042,0.005334494169801474,,
1782107390.9341035,train,36,11900,0.0001210194561837422,0.22692759335041046,0.14058834314346313,0.21749678254127502,0.06369703263044357,0.0011653507826849818,0.006393871735781431,,
1782107400.3770685,train,36,11950,0.00012100966079779908,0.35330283641815186,0.2475086897611618,0.2978726923465729,0.062464211136102676,0.0009384849690832198,0.006243605632334948,,
1782107409.815488,train,36,12000,0.00012099986520095557,0.3664983808994293,0.2564394474029541,0.30867236852645874,0.0656113475561142,0.0008515247027389705,0.006672019138932228,,
1782107419.2104995,train,36,12050,0.00012099006939330992,0.3640255928039551,0.24380910396575928,0.35300102829933167,0.06370411813259125,0.0011416731867939234,0.006383512169122696,,
1782107428.6585295,train,36,12100,0.00012098027337496048,0.3290807008743286,0.21695713698863983,0.319259911775589,0.06441434472799301,0.0010141062084585428,0.0061110639944672585,,
1782107438.0739717,train,36,12150,0.0001209704771460055,0.39600297808647156,0.29642823338508606,0.2725747227668762,0.06260628998279572,0.0012789821485057473,0.006012512370944023,,
1782107447.4711652,train,36,12200,0.00012096068070654351,0.26918360590934753,0.17967385053634644,0.23439671099185944,0.061655446887016296,0.0008285964140668511,0.004649595823138952,,
1782107456.814962,train,36,12250,0.0001209508840566728,0.20469164848327637,0.11508873850107193,0.22063280642032623,0.06862962245941162,0.0012989924289286137,0.006762516684830189,,
1782107466.26375,train,36,12300,0.00012094108719649158,0.21223390102386475,0.11169224232435226,0.2677024006843567,0.06691639870405197,0.0015786215662956238,0.00785494688898325,,
1782107475.6514015,train,36,12350,0.00012093129012609825,0.21829412877559662,0.11966904252767563,0.27049317955970764,0.06175340712070465,0.0012509555090218782,0.006570497527718544,,
1782107485.0669234,train,36,12400,0.00012092149284559126,0.2390521913766861,0.15459106862545013,0.19283337891101837,0.07214357703924179,0.00180989655200392,0.007214718963950872,,
1782107494.4879928,train,36,12450,0.00012091169535506889,0.2428475320339203,0.14209872484207153,0.2734101414680481,0.06458866596221924,0.001019319868646562,0.006304346956312656,,
1782107503.9044423,train,36,12500,0.00012090189765462953,0.35256728529930115,0.24604925513267517,0.31615516543388367,0.054698776453733444,0.0012984946370124817,0.006509776692837477,,
1782107513.3667421,train,36,12550,0.00012089209974437143,0.23852893710136414,0.15582190454006195,0.20292016863822937,0.06373938918113708,0.0010729881469160318,0.008545361459255219,,
1782107522.7504864,train,36,12600,0.00012088230162439313,0.226295605301857,0.130202516913414,0.24652701616287231,0.06867343932390213,0.0012461497681215405,0.005932248197495937,,
1782107532.2102087,train,36,12650,0.00012087250329479281,0.3225075304508209,0.23821291327476501,0.20276333391666412,0.06697019189596176,0.0011870141606777906,0.008447468280792236,,
1782107541.5824072,train,36,12700,0.00012086270475566889,0.1866997480392456,0.10889582335948944,0.178749218583107,0.06598230451345444,0.0012546771904453635,0.008216043002903461,,
1782107550.9155385,train,36,12750,0.00012085290600711971,0.23268529772758484,0.1465751826763153,0.20619766414165497,0.06887026876211166,0.0012555054854601622,0.006945322267711163,,
1782107560.3230007,train,36,12800,0.00012084310704924351,0.2230590134859085,0.11780119687318802,0.29060617089271545,0.06495905667543411,0.001267553074285388,0.007809654343873262,,
1782107569.706464,train,36,12850,0.0001208333078821389,0.36081352829933167,0.2342684268951416,0.38032904267311096,0.06270232796669006,0.0011166277108713984,0.006845228374004364,,
1782107579.1109974,train,36,12900,0.00012082350850590419,0.4046850800514221,0.26899611949920654,0.4123254120349884,0.06495548784732819,0.0012987402733415365,0.005667041055858135,,
1782107588.4741728,train,36,12950,0.00012081370892063764,0.30875301361083984,0.21147164702415466,0.26618385314941406,0.061287738382816315,0.0009150916012004018,0.005463987588882446,,
1782107597.960571,train,36,13000,0.00012080390912643771,0.4019233286380768,0.2950361967086792,0.2882750630378723,0.0693562775850296,0.001402460504323244,0.006868288386613131,,
1782107607.3623226,train,36,13050,0.00012079410912340269,0.15819190442562103,0.07549837976694107,0.2056758552789688,0.06228269264101982,0.0013321276055648923,0.006054876837879419,,
1782107733.7562997,val,36,,,0.2954273394637391,0.18470783007680974,0.30225597852760017,0.0700326416423542,0.0013919349243260947,0.006809306989255369,,
1782107744.2992713,train,37,50,0.00012078136880741062,0.23279090225696564,0.13775597512722015,0.23938460648059845,0.07009362429380417,0.0014196299016475677,0.0074470508843660355,,
1782107753.720824,train,37,100,0.00012077156832442828,0.28634461760520935,0.20439237356185913,0.1975635439157486,0.06493068486452103,0.0009603728540241718,0.006937753409147263,,
1782107763.1615903,train,37,150,0.0001207617676329356,0.27343153953552246,0.17588409781455994,0.25589466094970703,0.06693089753389359,0.001083244802430272,0.0070308493450284,,
1782107772.8020535,train,37,200,0.00012075196673303089,0.2375088930130005,0.14621497690677643,0.24032992124557495,0.06217895820736885,0.0012195156887173653,0.007101371418684721,,
1782107782.2010915,train,37,250,0.00012074216562481255,0.2679350972175598,0.17925383150577545,0.23177193105220795,0.061291515827178955,0.0009250144939869642,0.005568271037191153,,
1782107791.6275826,train,37,300,0.00012073236430837896,0.3108341097831726,0.213581383228302,0.2593326270580292,0.06460122764110565,0.0011893376940861344,0.0061378940008580685,,
1782107801.0419576,train,37,350,0.00012072256278382849,0.2523762583732605,0.15514235198497772,0.24498754739761353,0.07170598953962326,0.0013403441989794374,0.00619546789675951,,
1782107810.44593,train,37,400,0.00012071276105125955,0.4131287932395935,0.28029826283454895,0.39699119329452515,0.06672187894582748,0.002218184294179082,0.0056107561103999615,,
1782107819.9429252,train,37,450,0.00012070295911077059,0.2895151972770691,0.19386324286460876,0.2557343542575836,0.06324563175439835,0.0009555380092933774,0.005939341615885496,,
1782107829.3727202,train,37,500,0.00012069315696245992,0.1686411201953888,0.09535455703735352,0.17369569838047028,0.0594930574297905,0.0011610729852691293,0.005260607227683067,,
1782107838.7707868,train,37,550,0.00012068335460642593,0.24576760828495026,0.1604274958372116,0.21845468878746033,0.06130097433924675,0.0007596389623358846,0.006097265053540468,,
1782107848.217532,train,37,600,0.000120673552042767,0.2686315178871155,0.18143068253993988,0.2273167371749878,0.060539811849594116,0.0010174501221626997,0.005571882706135511,,
1782107857.6535804,train,37,650,0.00012066374927158162,0.3915356397628784,0.27601829171180725,0.3367226719856262,0.06245021894574165,0.001115641207434237,0.005032842513173819,,
1782107867.1610007,train,37,700,0.00012065394629296818,0.29188352823257446,0.20315831899642944,0.21729233860969543,0.0684528797864914,0.001756872283294797,0.007608606480062008,,
1782107876.5318367,train,37,750,0.00012064414310702515,0.3949124813079834,0.25320205092430115,0.4451613128185272,0.060510504990816116,0.001648262026719749,0.006040237843990326,,
1782107885.8904421,train,37,800,0.0001206343397138507,0.33186668157577515,0.22810596227645874,0.29743117094039917,0.058582697063684464,0.001115639228373766,0.006261521950364113,,
1782107895.2508943,train,37,850,0.00012062453611354348,0.1919199526309967,0.11009494215250015,0.19456623494625092,0.06616468727588654,0.0010111345909535885,0.006132427137345076,,
1782107904.6458535,train,37,900,0.00012061473230620181,0.38380712270736694,0.26931431889533997,0.3174818754196167,0.06998401880264282,0.0013032188871875405,0.006093811709433794,,
1782107914.146952,train,37,950,0.00012060492829192406,0.3036768436431885,0.21792057156562805,0.22084027528762817,0.06086287274956703,0.0011474776547402143,0.008997360244393349,,
1782107923.6343713,train,37,1000,0.00012059512407080857,0.14646607637405396,0.07122717052698135,0.1579999178647995,0.07117394357919693,0.0015196902677416801,0.006759666837751865,,
1782107933.0620127,train,37,1050,0.00012058531964295395,0.29579415917396545,0.19003324210643768,0.28897881507873535,0.06682100147008896,0.0010571322636678815,0.006371942348778248,,
1782107942.4428108,train,37,1100,0.00012057551500845859,0.1980203241109848,0.11513160914182663,0.20006626844406128,0.06551160663366318,0.001163529115729034,0.006020050961524248,,
1782107951.7703218,train,37,1150,0.00012056571016742086,0.26769497990608215,0.16189932823181152,0.27442553639411926,0.07409915328025818,0.0013968439307063818,0.005616391077637672,,
1782107961.9686775,train,37,1200,0.00012055590511993914,0.26791635155677795,0.1651698797941208,0.2719760537147522,0.06926016509532928,0.001223650062456727,0.007234488148242235,,
1782107972.2195542,train,37,1250,0.00012054609986611193,0.22142301499843597,0.13208062946796417,0.22774964570999146,0.0645492672920227,0.0013034179573878646,0.009717792272567749,,
1782107982.2153738,train,37,1300,0.00012053629440603762,0.3855341672897339,0.2627294063568115,0.35096532106399536,0.06987259536981583,0.0012715134071186185,0.005037034396082163,,
1782107992.13752,train,37,1350,0.00012052648873981475,0.287241131067276,0.17280949652194977,0.3314594626426697,0.06287676841020584,0.0012838433030992746,0.007959001697599888,,
1782108001.9040868,train,37,1400,0.00012051668286754156,0.3478114604949951,0.23556603491306305,0.315135657787323,0.06653639674186707,0.0019329995848238468,0.006451255176216364,,
1782108011.900265,train,37,1450,0.00012050687678931649,0.3829219937324524,0.26981985569000244,0.3091963529586792,0.0712452381849289,0.001804253668524325,0.008117747493088245,,
1782108021.893883,train,37,1500,0.00012049707050523824,0.27708837389945984,0.17727670073509216,0.2758222818374634,0.0614878349006176,0.0011216752463951707,0.006098548881709576,,
1782108031.5936623,train,37,1550,0.00012048726401540502,0.17979496717453003,0.09160151332616806,0.22367936372756958,0.0642809048295021,0.0013317379634827375,0.006421751342713833,,
1782108041.211371,train,37,1600,0.0001204774573199152,0.3697599768638611,0.25826767086982727,0.3093464970588684,0.06802336126565933,0.0014397554332390428,0.007293803617358208,,
1782108050.7902637,train,37,1650,0.00012046765041886746,0.2245626300573349,0.13961616158485413,0.20770756900310516,0.06580178439617157,0.0011869005393236876,0.0066958884708583355,,
1782108060.3619044,train,37,1700,0.00012045784331236009,0.23542913794517517,0.14819061756134033,0.21319589018821716,0.0676446259021759,0.0011723333736881614,0.008593487553298473,,
1782108069.871734,train,37,1750,0.00012044803600049155,0.36865919828414917,0.2551639676094055,0.3247070014476776,0.06435178965330124,0.0014256754657253623,0.007913057692348957,,
1782108079.354801,train,37,1800,0.00012043822848336038,0.3665355145931244,0.265778511762619,0.2845511734485626,0.05904224142432213,0.0009809986222535372,0.008335626684129238,,
1782108088.882513,train,37,1850,0.00012042842076106498,0.19166608154773712,0.09994689375162125,0.22341322898864746,0.07149823009967804,0.0011677701259031892,0.00680129649117589,,
1782108098.3942344,train,37,1900,0.00012041861283370374,0.1646699458360672,0.06712508946657181,0.2653684616088867,0.06198260560631752,0.002114449627697468,0.008097427897155285,,
1782108107.8299518,train,37,1950,0.0001204088047013752,0.15875343978405,0.07935284823179245,0.19673024117946625,0.06018158420920372,0.0012724241241812706,0.00829561147838831,,
1782108117.2064877,train,37,2000,0.0001203989963641777,0.21736320853233337,0.13777971267700195,0.19784463942050934,0.059965766966342926,0.0013945483369752765,0.011968615464866161,,
1782108126.691302,train,37,2050,0.00012038918782220977,0.26818665862083435,0.16878798604011536,0.27321964502334595,0.061800554394721985,0.0019346702611073852,0.006211270112544298,,
1782108136.0915613,train,37,2100,0.00012037937907556988,0.1663062870502472,0.06912025064229965,0.2509872615337372,0.06862890720367432,0.0012476354604586959,0.005669848993420601,,
1782108145.4475095,train,37,2150,0.00012036957012435655,0.28186067938804626,0.1870865672826767,0.26025500893592834,0.05924077704548836,0.0008997446275316179,0.006510011851787567,,
1782108154.825823,train,37,2200,0.00012035976096866817,0.27785050868988037,0.17046809196472168,0.2927413582801819,0.06810621172189713,0.0014398086350411177,0.00781335774809122,,
1782108164.168519,train,37,2250,0.00012034995160860318,0.27625253796577454,0.1874394416809082,0.22197601199150085,0.06631232798099518,0.0016293927328661084,0.00579263037070632,,
1782108173.5259962,train,37,2300,0.00012034014204426002,0.37046369910240173,0.27185481786727905,0.2630099356174469,0.06550955027341843,0.001016136142425239,0.005151585675776005,,
1782108182.8508196,train,37,2350,0.0001203303322757373,0.20782436430454254,0.11343155056238174,0.23827914893627167,0.06939727813005447,0.0012439665151759982,0.008577348664402962,,
1782108192.223632,train,37,2400,0.00012032052230313347,0.23081053793430328,0.10773203521966934,0.3511947691440582,0.07028832286596298,0.0013564226683229208,0.00718488497659564,,
1782108201.649639,train,37,2450,0.00012031071212654692,0.2783028185367584,0.1830613911151886,0.24890010058879852,0.06581469625234604,0.0010903693037107587,0.00647963909432292,,
1782108211.0986543,train,37,2500,0.00012030090174607618,0.25279876589775085,0.1502750664949417,0.27905145287513733,0.06524038314819336,0.0014063548296689987,0.0059926677495241165,,
1782108220.5142395,train,37,2550,0.00012029109116181965,0.22253182530403137,0.12376558780670166,0.2629447281360626,0.06585457175970078,0.0010278061963617802,0.006912411656230688,,
1782108229.8850355,train,37,2600,0.00012028128037387595,0.12936411798000336,0.06331755220890045,0.1431012600660324,0.0602753646671772,0.0013355285627767444,0.008418944664299488,,
1782108239.340201,train,37,2650,0.00012027146938234345,0.23311348259449005,0.13778002560138702,0.2574368417263031,0.061743006110191345,0.0010274513624608517,0.007221470586955547,,
1782108248.8049984,train,37,2700,0.00012026165818732072,0.2509476840496063,0.1561254858970642,0.24872827529907227,0.06506170332431793,0.0010929984273388982,0.007218098267912865,,
1782108258.251255,train,37,2750,0.00012025184678890616,0.22662879526615143,0.13101381063461304,0.25889837741851807,0.06145405024290085,0.0016335849650204182,0.006655775476247072,,
1782108267.7112036,train,37,2800,0.00012024203518719827,0.25615596771240234,0.15532270073890686,0.25819388031959534,0.07207175344228745,0.002489242237061262,0.0074446359649300575,,
1782108277.1022577,train,37,2850,0.0001202322233822956,0.3079160749912262,0.20808355510234833,0.2677391469478607,0.0656023621559143,0.0009657093323767185,0.007326031569391489,,
1782108286.6688216,train,37,2900,0.00012022241137429665,0.36613476276397705,0.2517128884792328,0.32308492064476013,0.06702613085508347,0.0013755506370216608,0.007743489928543568,,
1782108296.1350331,train,37,2950,0.00012021259916329986,0.29116323590278625,0.18482236564159393,0.2895408868789673,0.06765861064195633,0.0012636500177904963,0.007826210930943489,,
1782108305.5911613,train,37,3000,0.00012020278674940377,0.22319813072681427,0.12697352468967438,0.2465994954109192,0.06892096996307373,0.0011424755211919546,0.010123999789357185,,
1782108315.0197911,train,37,3050,0.00012019297413270673,0.2679554224014282,0.17675837874412537,0.23954059183597565,0.062448207288980484,0.0008780774078331888,0.005624040961265564,,
1782108324.376259,train,37,3100,0.0001201831613133075,0.19158896803855896,0.09992485493421555,0.23072780668735504,0.06763781607151031,0.0016326173208653927,0.008178023621439934,,
1782108333.7344942,train,37,3150,0.00012017334829130441,0.18956802785396576,0.10937436670064926,0.19476318359375,0.062806636095047,0.0009954591514542699,0.006304743699729443,,
1782108343.1031508,train,37,3200,0.00012016353506679604,0.3759993016719818,0.264068067073822,0.30985596776008606,0.06865452975034714,0.0013998838840052485,0.005485518369823694,,
1782108352.4695961,train,37,3250,0.0001201537216398808,0.28066202998161316,0.17746756970882416,0.29251399636268616,0.059920210391283035,0.0010586960706859827,0.005504620261490345,,
1782108361.863509,train,37,3300,0.00012014390801065734,0.25368598103523254,0.16301126778125763,0.23620571196079254,0.06307585537433624,0.0008536842069588602,0.006783871445804834,,
1782108371.3385444,train,37,3350,0.00012013409417922407,0.20224912464618683,0.12428680807352066,0.1818540394306183,0.0647897869348526,0.0010391215328127146,0.008547116070985794,,
1782108380.679025,train,37,3400,0.00012012428014567953,0.2951776683330536,0.174556165933609,0.3395438492298126,0.07113565504550934,0.0016773540992289782,0.006727415136992931,,
1782108390.0231855,train,37,3450,0.00012011446591012225,0.48071345686912537,0.3517983555793762,0.3971540331840515,0.059013206511735916,0.0011997324181720614,0.005549984518438578,,
1782108399.4600978,train,37,3500,0.00012010465147265073,0.14194835722446442,0.06375356018543243,0.17486923933029175,0.06868477910757065,0.0013508973643183708,0.007111541926860809,,
1782108408.8887646,train,37,3550,0.00012009483683336346,0.2543941140174866,0.16472028195858002,0.21201322972774506,0.07311917841434479,0.0011093447683379054,0.005588873289525509,,
1782108418.2088776,train,37,3600,0.00012008502199235902,0.2683522403240204,0.17410126328468323,0.2522760033607483,0.06212000176310539,0.0012196969473734498,0.007703790906816721,,
1782108427.5771933,train,37,3650,0.00012007520694973596,0.30504491925239563,0.20165716111660004,0.25902485847473145,0.07699745893478394,0.0013279226841405034,0.007526729721575975,,
1782108436.964632,train,37,3700,0.00012006539170559275,0.41040074825286865,0.2963726222515106,0.331298291683197,0.06220211461186409,0.0010253088548779488,0.004849687218666077,,
1782108446.424876,train,37,3750,0.00012005557626002787,0.33516356348991394,0.23216819763183594,0.28795960545539856,0.061749499291181564,0.0013070596614852548,0.005829206667840481,,
1782108455.8981686,train,37,3800,0.00012004576061313994,0.3347339630126953,0.2289132922887802,0.28428977727890015,0.06914162635803223,0.001774001051671803,0.006063974462449551,,
1782108465.2552447,train,37,3850,0.00012003594476502748,0.3206900656223297,0.21111945807933807,0.3166474401950836,0.06053348630666733,0.001420015236362815,0.005650991573929787,,
1782108474.6317704,train,37,3900,0.00012002612871578891,0.3114573359489441,0.21593303978443146,0.24661989510059357,0.0675261989235878,0.0010621479013934731,0.007779029663652182,,
1782108484.0457616,train,37,3950,0.00012001631246552288,0.23690307140350342,0.14909973740577698,0.21225807070732117,0.06928545236587524,0.0009608106920495629,0.005137884058058262,,
1782108493.4772732,train,37,4000,0.00012000649601432791,0.2511853873729706,0.14563435316085815,0.2769898474216461,0.07221084088087082,0.0019815058913081884,0.005801577586680651,,
1782108502.7274473,train,37,4050,0.00011999667936230255,0.24961353838443756,0.15171127021312714,0.2582499086856842,0.0664178878068924,0.0013083982048556209,0.007906020618975163,,
1782108512.1128294,train,37,4100,0.00011998686250954527,0.32323986291885376,0.2190658301115036,0.2885884642601013,0.06382463872432709,0.0011458435328677297,0.0053911367431283,,
1782108521.50694,train,37,4150,0.00011997704545615477,0.14680549502372742,0.06491629034280777,0.18454405665397644,0.0712801069021225,0.0011312857968732715,0.0072105987928807735,,
1782108530.9354165,train,37,4200,0.00011996722820222944,0.23593899607658386,0.1511969119310379,0.2045281082391739,0.06694266200065613,0.0013873187126591802,0.004696885589510202,,
1782108540.2886426,train,37,4250,0.0001199574107478679,0.22037707269191742,0.12852761149406433,0.2378617823123932,0.06452250480651855,0.0012277376372367144,0.005761480890214443,,
1782108549.8063254,train,37,4300,0.00011994759309316865,0.30145981907844543,0.18869704008102417,0.320403516292572,0.065159872174263,0.0008196283597499132,0.0057257539592683315,,
1782108559.2425137,train,37,4350,0.0001199377752382303,0.2567351758480072,0.17166489362716675,0.21184024214744568,0.06398898363113403,0.0011571429204195738,0.005871984176337719,,
1782108568.5711787,train,37,4400,0.00011992795718315146,0.35428664088249207,0.21881365776062012,0.4024001955986023,0.06946422904729843,0.0014082934940233827,0.007136857137084007,,
1782108577.8922732,train,37,4450,0.00011991813892803056,0.2931995391845703,0.19305863976478577,0.26209941506385803,0.06904147565364838,0.0009531837422400713,0.006854310166090727,,
1782108587.2708936,train,37,4500,0.00011990832047296615,0.28241708874702454,0.18412427604198456,0.26770636439323425,0.062487442046403885,0.0012250847648829222,0.0069159227423369884,,
1782108596.6463826,train,37,4550,0.00011989850181805691,0.2821635603904724,0.18429243564605713,0.2503948509693146,0.07018043100833893,0.0018219933845102787,0.0061696856282651424,,
1782108606.0896528,train,37,4600,0.00011988868296340127,0.2451525181531906,0.16291192173957825,0.20408788323402405,0.062155831605196,0.0014071852201595902,0.00944651197642088,,
1782108615.534488,train,37,4650,0.00011987886390909791,0.16748790442943573,0.09028703719377518,0.19003668427467346,0.05920729786157608,0.0008804595563560724,0.006478262133896351,,
1782108624.9377062,train,37,4700,0.00011986904465524534,0.18697531521320343,0.11680279672145844,0.14723564684391022,0.06654015928506851,0.0009353583445772529,0.0063240500167012215,,
1782108634.3824122,train,37,4750,0.0001198592252019421,0.22073805332183838,0.13057640194892883,0.23722194135189056,0.061512209475040436,0.0010006772354245186,0.00713734095916152,,
1782108643.779795,train,37,4800,0.00011984940554928691,0.27020707726478577,0.16906359791755676,0.2701745927333832,0.0669635534286499,0.001180426450446248,0.005302636884152889,,
1782108653.1510022,train,37,4850,0.00011983958569737812,0.33052101731300354,0.23467445373535156,0.2638915181159973,0.05955047160387039,0.0009847813053056598,0.006372252944856882,,
1782108662.524388,train,37,4900,0.00011982976564631446,0.30365443229675293,0.17488709092140198,0.3792263865470886,0.06769639998674393,0.0011256455909460783,0.006827829405665398,,
1782108671.8872068,train,37,4950,0.00011981994539619446,0.23654694855213165,0.14388377964496613,0.2364981770515442,0.06686891615390778,0.0010417035082355142,0.005915862508118153,,
1782108681.358472,train,37,5000,0.00011981012494711664,0.266105592250824,0.15437273681163788,0.302638977766037,0.07172450423240662,0.00210880720987916,0.00731407105922699,,
1782108690.7348971,train,37,5050,0.00011980030429917972,0.20704978704452515,0.12811893224716187,0.1679961234331131,0.07360923290252686,0.001272151479497552,0.009546496905386448,,
1782108700.0869277,train,37,5100,0.00011979048345248226,0.3180803954601288,0.20672698318958282,0.3096155822277069,0.06762248277664185,0.001382930320687592,0.006498484406620264,,
1782108709.5805604,train,37,5150,0.00011978066240712269,0.23064222931861877,0.14149656891822815,0.23109424114227295,0.062489431351423264,0.0012739317025989294,0.00637104082852602,,
1782108718.9617367,train,37,5200,0.00011977084116319965,0.2306617945432663,0.15528704226016998,0.17471131682395935,0.063203364610672,0.000952431233599782,0.008150523528456688,,
1782108728.3660812,train,37,5250,0.00011976101972081182,0.3279891610145569,0.2328285425901413,0.25536689162254333,0.062424492090940475,0.0010665860027074814,0.005353037733584642,,
1782108737.7640474,train,37,5300,0.00011975119808005775,0.27866530418395996,0.1805957406759262,0.263126403093338,0.06436200439929962,0.0010696372482925653,0.006721353158354759,,
1782108747.2003016,train,37,5350,0.00011974137624103602,0.3095998764038086,0.22445420920848846,0.21046052873134613,0.06480688601732254,0.0012710493756458163,0.006608390714973211,,
1782108756.5886495,train,37,5400,0.00011973155420384519,0.1499352902173996,0.0833490863442421,0.13636012375354767,0.06481774896383286,0.0008729842957109213,0.0063966005109250546,,
1782108766.055931,train,37,5450,0.00011972173196858393,0.2285091131925583,0.14639948308467865,0.19410426914691925,0.06680554151535034,0.001808029948733747,0.009626226499676704,,
1782108775.4166968,train,37,5500,0.0001197119095353508,0.34567564725875854,0.2554984390735626,0.2334938943386078,0.0633535236120224,0.0012695419136434793,0.008843468502163887,,
1782108784.9472291,train,37,5550,0.00011970208690424433,0.23412084579467773,0.14212703704833984,0.24586859345436096,0.060767922550439835,0.0014270973624661565,0.010926403105258942,,
1782108794.3903706,train,37,5600,0.00011969226407536321,0.24911342561244965,0.1424941122531891,0.2884677052497864,0.06873928010463715,0.0013275356031954288,0.006889315787702799,,
1782108803.878892,train,37,5650,0.00011968244104880608,0.26515674591064453,0.1740102618932724,0.23219290375709534,0.06601199507713318,0.0009225668618455529,0.005084787495434284,,
1782108813.312443,train,37,5700,0.00011967261782467147,0.346035361289978,0.2396618276834488,0.2859645187854767,0.06936926394701004,0.0019776932895183563,0.01251712441444397,,
1782108822.6893692,train,37,5750,0.00011966279440305805,0.26642757654190063,0.17802388966083527,0.23680655658245087,0.05820631980895996,0.000988805666565895,0.00698515260592103,,
1782108832.011211,train,37,5800,0.00011965297078406437,0.18827380239963531,0.09817328304052353,0.20585547387599945,0.0771019235253334,0.0008569214260205626,0.005567207932472229,,
1782108841.4718165,train,37,5850,0.00011964314696778903,0.341224730014801,0.23854999244213104,0.2848435342311859,0.06269814819097519,0.0011480520479381084,0.006267739459872246,,
1782108850.9267614,train,37,5900,0.00011963332295433074,0.19540803134441376,0.12103057652711868,0.17586705088615417,0.060598839074373245,0.0011127230245620012,0.0064107514917850494,,
1782108860.3523462,train,37,5950,0.00011962349874378801,0.3235546946525574,0.21258527040481567,0.30899137258529663,0.06724125891923904,0.0010094556491822004,0.004450543783605099,,
1782108869.730206,train,37,6000,0.00011961367433625949,0.2553761899471283,0.17060264945030212,0.20521408319473267,0.06665072590112686,0.0014465977437794209,0.006159727927297354,,
1782108879.002866,train,37,6050,0.00011960384973184385,0.18398934602737427,0.11420590430498123,0.15172353386878967,0.06350118666887283,0.0010196396615356207,0.00591018283739686,,
1782108888.3978832,train,37,6100,0.00011959402493063967,0.278353214263916,0.1679556518793106,0.3076654374599457,0.06674675643444061,0.0010781327728182077,0.004663067404180765,,
1782108897.781777,train,37,6150,0.0001195841999327456,0.17859692871570587,0.10065910220146179,0.18086710572242737,0.06522473692893982,0.001086892792955041,0.0077980575151741505,,
1782108907.302663,train,37,6200,0.00011957437473826013,0.1955592781305313,0.1098252534866333,0.2211572676897049,0.06070244312286377,0.0009349433821626008,0.007777002174407244,,
1782108916.7656217,train,37,6250,0.00011956454934728203,0.38750794529914856,0.27218809723854065,0.3225868344306946,0.0691002607345581,0.0012298471992835402,0.007671067491173744,,
1782108926.2185273,train,37,6300,0.00011955472375990992,0.29929807782173157,0.1873353272676468,0.3042132258415222,0.07135837525129318,0.002302507171407342,0.009074381552636623,,
1782108935.6140609,train,37,6350,0.00011954489797624242,0.25206437706947327,0.17652200162410736,0.1765998750925064,0.06245524063706398,0.001647918252274394,0.006402650382369757,,
1782108945.0617626,train,37,6400,0.00011953507199637812,0.27335721254348755,0.17700855433940887,0.2503659427165985,0.06707748770713806,0.0021843621507287025,0.00682320911437273,,
1782108954.5133054,train,37,6450,0.00011952524582041575,0.30615952610969543,0.20786546170711517,0.28664445877075195,0.052908338606357574,0.0017874925397336483,0.006014983635395765,,
1782108963.8561532,train,37,6500,0.00011951541944845372,0.2829224467277527,0.1853109747171402,0.2777133584022522,0.0560588538646698,0.0015371374320238829,0.00802818313241005,,
1782108973.2357426,train,37,6550,0.000119505592880591,0.2411428987979889,0.13427521288394928,0.3000786304473877,0.06342707574367523,0.001345002674497664,0.006310079246759415,,
1782108982.5911734,train,37,6600,0.00011949576611692606,0.3180218040943146,0.2143041491508484,0.29242801666259766,0.06091781333088875,0.0015174486907199025,0.008212811313569546,,
1782108991.9808333,train,37,6650,0.00011948593915755748,0.20500428974628448,0.12218806892633438,0.20891471207141876,0.06099478527903557,0.000901572871953249,0.00671512633562088,,
1782109001.3030615,train,37,6700,0.00011947611200258401,0.3792005181312561,0.26152125000953674,0.3105912208557129,0.07981202751398087,0.0012543105985969305,0.006306226830929518,,
1782109010.7058246,train,37,6750,0.00011946628465210427,0.3486788272857666,0.2514868378639221,0.2654905915260315,0.0614357627928257,0.0010146490531042218,0.0068979160860180855,,
1782109020.094561,train,37,6800,0.00011945645710621696,0.21967695653438568,0.12294214218854904,0.24785150587558746,0.06923894584178925,0.0015245487447828054,0.007969745434820652,,
1782109029.5546463,train,37,6850,0.00011944662936502066,0.2024879902601242,0.11991588771343231,0.20726917684078217,0.06130138039588928,0.0010410977993160486,0.0054363370873034,,
1782109039.0908647,train,37,6900,0.000119436801428614,0.36559945344924927,0.2543489933013916,0.3153175711631775,0.06464406847953796,0.0009899113792926073,0.004964995197951794,,
1782109048.4807022,train,37,6950,0.00011942697329709573,0.2791684865951538,0.18421514332294464,0.249189555644989,0.06506045907735825,0.001257487339898944,0.006479111034423113,,
1782109057.8659894,train,37,7000,0.00011941714497056441,0.29610851407051086,0.18361975252628326,0.3050670921802521,0.0721801370382309,0.0013189885066822171,0.010112394578754902,,
1782109067.2191916,train,37,7050,0.0001194073164491187,0.2482670098543167,0.14738401770591736,0.26333174109458923,0.06975746899843216,0.0017132082721218467,0.008692225441336632,,
1782109076.6101837,train,37,7100,0.0001193974877328574,0.3272917866706848,0.21630379557609558,0.2932634949684143,0.07495459914207458,0.0019478886388242245,0.009144763462245464,,
1782109085.899359,train,37,7150,0.00011938765882187906,0.310994029045105,0.218240886926651,0.23198768496513367,0.06930971890687943,0.0010136046912521124,0.006711037363857031,,
1782109095.2786522,train,37,7200,0.00011937782971628243,0.305795282125473,0.20880195498466492,0.2530701458454132,0.06709248572587967,0.0017956915544345975,0.006894778460264206,,
1782109104.667848,train,37,7250,0.00011936800041616602,0.4302227795124054,0.31335851550102234,0.3220510482788086,0.07248722016811371,0.0010788006475195289,0.007172113284468651,,
1782109114.0550997,train,37,7300,0.00011935817092162857,0.20662178099155426,0.1387946456670761,0.1486309915781021,0.06117192655801773,0.0008343851659446955,0.006617557257413864,,
1782109123.4330168,train,37,7350,0.00011934834123276876,0.42612913250923157,0.3089008927345276,0.34886929392814636,0.05975107476115227,0.0013537179911509156,0.0065141343511641026,,
1782109132.8824904,train,37,7400,0.00011933851134968532,0.2894909977912903,0.1939154714345932,0.25451552867889404,0.06362554430961609,0.0013387474464252591,0.005608831066638231,,
1782109142.3063042,train,37,7450,0.00011932868127247686,0.2242606282234192,0.13481061160564423,0.22117947041988373,0.0679730474948883,0.0016861754702404141,0.0053695267997682095,,
1782109151.7069879,train,37,7500,0.00011931885100124209,0.30162477493286133,0.2063981592655182,0.25117629766464233,0.06456797569990158,0.001485514803789556,0.0076315198093652725,,
1782109161.1738698,train,37,7550,0.00011930902053607965,0.3003796935081482,0.20229314267635345,0.2668406069278717,0.06251322478055954,0.0011978497495874763,0.005303538404405117,,
1782109170.618757,train,37,7600,0.00011929918987708832,0.4048796594142914,0.28536853194236755,0.3568631112575531,0.06038472056388855,0.0010297552216798067,0.005487662274390459,,
1782109179.996165,train,37,7650,0.00011928935902436666,0.2746495306491852,0.18553926050662994,0.21643345057964325,0.0697755515575409,0.0011412502499297261,0.0047291964292526245,,
1782109189.380831,train,37,7700,0.00011927952797801342,0.25850483775138855,0.15598171949386597,0.28545644879341125,0.06204242631793022,0.0013781593879684806,0.006485601421445608,,
1782109198.7507286,train,37,7750,0.00011926969673812717,0.29042795300483704,0.20424260199069977,0.2168598473072052,0.06366389989852905,0.0013842700282111764,0.009036687202751637,,
1782109208.2042198,train,37,7800,0.00011925986530480679,0.18425628542900085,0.09752438217401505,0.22195082902908325,0.062196046113967896,0.0014616011176258326,0.007874022237956524,,
1782109217.6570249,train,37,7850,0.00011925003367815087,0.2721431255340576,0.1751059889793396,0.24026508629322052,0.07368983328342438,0.0012595218140631914,0.009025383740663528,,
1782109227.063735,train,37,7900,0.00011924020185825813,0.19142477214336395,0.11198563873767853,0.17939606308937073,0.06889702379703522,0.0014160767896100879,0.009380844421684742,,
1782109236.6000926,train,37,7950,0.00011923036984522717,0.3734537959098816,0.2627984583377838,0.3036479651927948,0.06926771998405457,0.0010947890114039183,0.005799140315502882,,
1782109245.99655,train,37,8000,0.0001192205376391568,0.2815711498260498,0.17310291528701782,0.28926530480384827,0.07204726338386536,0.0012827201280742884,0.005100118927657604,,
1782109255.39942,train,37,8050,0.00011921070524014561,0.27107858657836914,0.17199307680130005,0.2654379904270172,0.06524580717086792,0.0010310275247320533,0.0075788046233356,,
1782109264.7285101,train,37,8100,0.00011920087264829245,0.3543592691421509,0.23113290965557098,0.35991546511650085,0.06617527455091476,0.0015986901707947254,0.007608423009514809,,
1782109274.152197,train,37,8150,0.00011919103986369595,0.16127252578735352,0.07648148387670517,0.20668333768844604,0.06596348434686661,0.0013847153168171644,0.0073508634231984615,,
1782109283.5791852,train,37,8200,0.00011918120688645488,0.17630566656589508,0.10468241572380066,0.17187340557575226,0.05713636055588722,0.0008673090487718582,0.007155511528253555,,
1782109292.9717414,train,37,8250,0.00011917137371666777,0.30952316522598267,0.2255585938692093,0.21446457505226135,0.060461949557065964,0.0011745734373107553,0.006025615613907576,,
1782109302.31893,train,37,8300,0.00011916154035443342,0.20254658162593842,0.1220860555768013,0.19221724569797516,0.06459029763936996,0.0011105258017778397,0.0069930762983858585,,
1782109311.798691,train,37,8350,0.00011915170679985058,0.4172303378582001,0.28698083758354187,0.39491552114486694,0.06281480938196182,0.0011320963967591524,0.006408303510397673,,
1782109321.2737052,train,37,8400,0.00011914187305301793,0.18284623324871063,0.09061874449253082,0.23262819647789001,0.06787016242742538,0.001353675965219736,0.005791801959276199,,
1782109330.6896775,train,37,8450,0.00011913203911403413,0.27432700991630554,0.17231547832489014,0.28267720341682434,0.0624237060546875,0.0013039619661867619,0.00691208615899086,,
1782109340.139176,train,37,8500,0.00011912220498299797,0.28437167406082153,0.18374580144882202,0.26997485756874084,0.06598959863185883,0.0013736687833443284,0.007804914843291044,,
1782109349.4836502,train,37,8550,0.00011911237066000821,0.18977682292461395,0.09566279500722885,0.24515561759471893,0.06535162776708603,0.0014931638725101948,0.007520569022744894,,
1782109358.8658051,train,37,8600,0.00011910253614516345,0.2486959993839264,0.14763975143432617,0.2660354673862457,0.0688067153096199,0.0014402929227799177,0.00855811033397913,,
1782109368.3086295,train,37,8650,0.00011909270143856246,0.22513076663017273,0.14748810231685638,0.17386394739151,0.06810586899518967,0.0012373875360935926,0.006219746544957161,,
1782109377.7043343,train,37,8700,0.00011908286654030397,0.20263034105300903,0.13694238662719727,0.13770563900470734,0.062335122376680374,0.0009398656548000872,0.004790160804986954,,
1782109387.0488436,train,37,8750,0.0001190730314504867,0.2542099356651306,0.16125470399856567,0.23603035509586334,0.0676572248339653,0.0011903500417247415,0.006756911985576153,,
1782109396.4022663,train,37,8800,0.00011906319616920944,0.24882172048091888,0.14314809441566467,0.2968365252017975,0.06269464641809464,0.0011718699242919683,0.006646412890404463,,
1782109405.7740211,train,37,8850,0.00011905336069657085,0.23733553290367126,0.14970119297504425,0.22396385669708252,0.06309438496828079,0.0009618320618756115,0.006118920631706715,,
1782109415.194799,train,37,8900,0.00011904352503266964,0.27578413486480713,0.18858762085437775,0.20555955171585083,0.07138381153345108,0.0011470167664811015,0.007389890495687723,,
1782109424.5773537,train,37,8950,0.0001190336891776046,0.3765491843223572,0.23605303466320038,0.4171386659145355,0.0720924586057663,0.001652456121519208,0.010404897853732109,,
1782109433.8932853,train,37,9000,0.0001190238531314745,0.3498106896877289,0.2520483434200287,0.2624310553073883,0.06408854573965073,0.0011034038616344333,0.009653860703110695,,
1782109443.2589662,train,37,9050,0.00011901401689437801,0.27603885531425476,0.16342836618423462,0.30252447724342346,0.07357164472341537,0.00193573790602386,0.006005065515637398,,
1782109452.650024,train,37,9100,0.00011900418046641384,0.19642522931098938,0.10832012444734573,0.2154971808195114,0.06812821328639984,0.001667091972194612,0.006482349708676338,,
1782109462.0581458,train,37,9150,0.00011899434384768071,0.19358937442302704,0.11188868433237076,0.1999761015176773,0.06321640312671661,0.0009845816530287266,0.006822879426181316,,
1782109471.4520597,train,37,9200,0.0001189845070382775,0.3372563421726227,0.2277115136384964,0.30409541726112366,0.06669425964355469,0.0017382899532094598,0.006458973046392202,,
1782109480.8907676,train,37,9250,0.00011897467003830287,0.280256062746048,0.18016652762889862,0.2749801278114319,0.06245694309473038,0.0011600666912272573,0.006483776029199362,,
1782109490.335288,train,37,9300,0.0001189648328478556,0.25973889231681824,0.14996151626110077,0.303887277841568,0.0673375204205513,0.001367987715639174,0.009396914392709732,,
1782109499.6752076,train,37,9350,0.00011895499546703432,0.22104260325431824,0.1339486539363861,0.22594326734542847,0.06104205176234245,0.0008711071568541229,0.007481427397578955,,
1782109509.0787475,train,37,9400,0.00011894515789593794,0.2667517364025116,0.1693269908428192,0.2567189931869507,0.06630977988243103,0.0009008563938550651,0.00613417848944664,,
1782109518.386992,train,37,9450,0.00011893532013466517,0.17212222516536713,0.09597628563642502,0.17943257093429565,0.062370315194129944,0.00102653494104743,0.005609233397990465,,
1782109527.8154616,train,37,9500,0.00011892548218331463,0.4824196994304657,0.3232969641685486,0.505881130695343,0.06491535902023315,0.0019479531329125166,0.008034802973270416,,
1782109537.2263331,train,37,9550,0.00011891564404198525,0.36885133385658264,0.2614615559577942,0.28427010774612427,0.07232383638620377,0.0016033670399338007,0.009525733068585396,,
1782109546.6139379,train,37,9600,0.00011890580571077571,0.31106457114219666,0.20144349336624146,0.3090837895870209,0.06446648389101028,0.0011689221719279885,0.005710621830075979,,
1782109556.0034776,train,37,9650,0.00011889596718978477,0.16966666281223297,0.07595149427652359,0.2433260828256607,0.06551205366849899,0.0012761082034558058,0.007937347516417503,,
1782109565.395439,train,37,9700,0.00011888612847911127,0.43909987807273865,0.3387049436569214,0.25635066628456116,0.07238540053367615,0.0011459398083388805,0.005170019809156656,,
1782109574.766721,train,37,9750,0.00011887628957885385,0.34517619013786316,0.21283918619155884,0.39529404044151306,0.06673722714185715,0.0014486419968307018,0.006338406354188919,,
1782109584.1698077,train,37,9800,0.00011886645048911126,0.23479492962360382,0.14174100756645203,0.2482658177614212,0.06178027763962746,0.0009732902399264276,0.005160479806363583,,
1782109593.6429873,train,37,9850,0.00011885661120998234,0.20792339742183685,0.11477359384298325,0.22892510890960693,0.07159226387739182,0.0012237754417583346,0.004442138131707907,,
1782109603.0120044,train,37,9900,0.00011884677174156583,0.23669621348381042,0.13171309232711792,0.2907997667789459,0.06434396654367447,0.001112110447138548,0.005562472157180309,,
1782109612.3736722,train,37,9950,0.00011883693208396058,0.20463116466999054,0.10439326614141464,0.2538408041000366,0.07309706509113312,0.002291710115969181,0.008342956192791462,,
1782109621.7071815,train,37,10000,0.00011882709223726528,0.26589176058769226,0.16101665794849396,0.2791460454463959,0.06996063888072968,0.0010826649377122521,0.004583209753036499,,
1782109631.102893,train,37,10050,0.00011881725220157878,0.1969829797744751,0.1068207174539566,0.22236640751361847,0.06894432753324509,0.0009848971385508776,0.0070766001008450985,,
1782109640.5104854,train,37,10100,0.00011880741197699991,0.25330424308776855,0.16475562751293182,0.22714470326900482,0.0631914958357811,0.0016667181625962257,0.006047782022505999,,
1782109649.9143057,train,37,10150,0.00011879757156362726,0.19870345294475555,0.10438147187232971,0.23658911883831024,0.07006952166557312,0.0013994198525324464,0.005903974641114473,,
1782109659.3612063,train,37,10200,0.00011878773096155974,0.3019654452800751,0.1917932778596878,0.3085085153579712,0.06590171158313751,0.0009419008856639266,0.004678354598581791,,
1782109668.7937934,train,37,10250,0.00011877789017089612,0.361377477645874,0.26123687624931335,0.2830870747566223,0.058529362082481384,0.0010412269039079547,0.006397324148565531,,
1782109678.208802,train,37,10300,0.00011876804919173512,0.29821521043777466,0.19656407833099365,0.2860468327999115,0.06011347100138664,0.0008267584489658475,0.005321179982274771,,
1782109687.6671417,train,37,10350,0.00011875820802417554,0.3202141523361206,0.21864621341228485,0.29145190119743347,0.057089101523160934,0.0016043263021856546,0.007585152518004179,,
1782109697.1215763,train,37,10400,0.00011874836666831624,0.22760416567325592,0.1342713087797165,0.24731454253196716,0.06276936084032059,0.0011954793008044362,0.008171363733708858,,
1782109706.5624666,train,37,10450,0.00011873852512425594,0.2523624300956726,0.1605636179447174,0.24377188086509705,0.06149771809577942,0.0010699969716370106,0.0039007170125842094,,
1782109715.9185805,train,37,10500,0.00011872868339209348,0.2721059024333954,0.15401040017604828,0.3297324776649475,0.07104849815368652,0.0013811895623803139,0.004896221682429314,,
1782109725.3385262,train,37,10550,0.0001187188414719276,0.32406508922576904,0.20547494292259216,0.337729275226593,0.06804642081260681,0.0013459210749715567,0.00714881531894207,,
1782109734.7324836,train,37,10600,0.00011870899936385713,0.3009110391139984,0.18660381436347961,0.321890264749527,0.06739490479230881,0.0013721466530114412,0.005714596714824438,,
1782109744.0509675,train,37,10650,0.00011869915706798086,0.305890291929245,0.1963071972131729,0.31031084060668945,0.06378741562366486,0.0011169527424499393,0.004867561627179384,,
1782109753.458767,train,37,10700,0.00011868931458439761,0.21010488271713257,0.13288308680057526,0.19001176953315735,0.05927257612347603,0.0008255611755885184,0.006978244986385107,,
1782109762.8239644,train,37,10750,0.00011867947191320611,0.28593894839286804,0.1941736936569214,0.24183054268360138,0.06241803988814354,0.0009859144920483232,0.005941920913755894,,
1782109772.271648,train,37,10800,0.00011866962905450529,0.3917142152786255,0.28382739424705505,0.2803346812725067,0.07540147006511688,0.0010241138515993953,0.006658336613327265,,
1782109781.6747353,train,37,10850,0.00011865978600839387,0.2777715027332306,0.16541312634944916,0.30695369839668274,0.07088638097047806,0.00176749168895185,0.009003820829093456,,
1782109791.0622737,train,37,10900,0.00011864994277497062,0.32408449053764343,0.21861572563648224,0.28378763794898987,0.06874645501375198,0.0014861880335956812,0.005867339670658112,,
1782109800.4548724,train,37,10950,0.00011864009935433435,0.2536027133464813,0.17332135140895844,0.19364671409130096,0.06351911276578903,0.0011010720627382398,0.00673513812944293,,
1782109809.7617414,train,37,11000,0.00011863025574658394,0.1847655475139618,0.09302040934562683,0.22742198407649994,0.0695444867014885,0.0011738608591258526,0.007420798297971487,,
1782109819.1259375,train,37,11050,0.00011862041195181821,0.21601292490959167,0.12378205358982086,0.2403818964958191,0.0639423206448555,0.001642354647628963,0.005959132220596075,,
1782109828.535414,train,37,11100,0.00011861056797013595,0.26099640130996704,0.16586267948150635,0.22810246050357819,0.07596880942583084,0.0012371125631034374,0.010032274760305882,,
1782109837.9226186,train,37,11150,0.00011860072380163599,0.18583796918392181,0.10973187536001205,0.19553376734256744,0.054194044321775436,0.001256255665794015,0.008351311087608337,,
1782109847.2498543,train,37,11200,0.00011859087944641714,0.26688775420188904,0.18365070223808289,0.20552079379558563,0.06351052969694138,0.0010159729281440377,0.00601276196539402,,
1782109856.5666568,train,37,11250,0.00011858103490457819,0.13654761016368866,0.06574162095785141,0.1403382420539856,0.07118736952543259,0.0012775366194546223,0.010107600130140781,,
1782109865.9266489,train,37,11300,0.00011857119017621806,0.2301405519247055,0.11827067285776138,0.29810619354248047,0.07434682548046112,0.0016992465825751424,0.009851564653217793,,
1782109875.3258815,train,37,11350,0.00011856134526143545,0.25754088163375854,0.15338003635406494,0.27624204754829407,0.06988678872585297,0.0015694693429395556,0.006820594891905785,,
1782109884.7389226,train,37,11400,0.00011855150016032922,0.3218236565589905,0.22228114306926727,0.26755988597869873,0.06508595496416092,0.001095962943509221,0.007073461078107357,,
1782109894.15733,train,37,11450,0.00011854165487299814,0.3133193254470825,0.22461897134780884,0.22315801680088043,0.06555525958538055,0.001332118408754468,0.0055426438339054585,,
1782109903.5775492,train,37,11500,0.00011853180939954119,0.23806683719158173,0.1629532128572464,0.18681257963180542,0.05666288733482361,0.0007903533987700939,0.0050825150683522224,,
1782109912.983243,train,37,11550,0.00011852196374005706,0.15390828251838684,0.08603468537330627,0.14841289818286896,0.06130005046725273,0.0012035886757075787,0.00789728481322527,,
